2026-07-02 08:46:58 [main] INFO  c.example.backend.BackendApplication - Starting BackendApplication using Java 17.0.18 with PID 34676 (D:\DATN\VietnamPhoto\backend\target\classes started by Tuna in D:\DATN\VietnamPhoto)
2026-07-02 08:46:58 [main] DEBUG c.example.backend.BackendApplication - Running with Spring Boot v4.0.3, Spring v7.0.5
2026-07-02 08:46:58 [main] INFO  c.example.backend.BackendApplication - No active profile set, falling back to 1 default profile: "default"
2026-07-02 08:46:58 [background-preinit] INFO  o.h.validator.internal.util.Version - HV000001: Hibernate Validator 9.0.1.Final
2026-07-02 08:47:00 [main] INFO  o.s.d.r.c.RepositoryConfigurationDelegate - Bootstrapping Spring Data JPA repositories in DEFAULT mode.
2026-07-02 08:47:00 [main] INFO  o.s.d.r.c.RepositoryConfigurationDelegate - Finished Spring Data repository scanning in 247 ms. Found 17 JPA repository interfaces.
2026-07-02 08:47:02 [main] INFO  o.s.boot.tomcat.TomcatWebServer - Tomcat initialized with port 8081 (http)
2026-07-02 08:47:02 [main] INFO  o.a.coyote.http11.Http11NioProtocol - Initializing ProtocolHandler ["http-nio-8081"]
2026-07-02 08:47:02 [main] INFO  o.a.catalina.core.StandardService - Starting service [Tomcat]
2026-07-02 08:47:02 [main] INFO  o.a.catalina.core.StandardEngine - Starting Servlet engine: [Apache Tomcat/11.0.18]
2026-07-02 08:47:02 [main] INFO  o.s.b.w.c.s.WebApplicationContextInitializer - Root WebApplicationContext: initialization completed in 4293 ms
2026-07-02 08:47:03 [main] DEBUG c.e.b.config.security.JwtFilter - Filter 'jwtFilter' configured for use
2026-07-02 08:47:03 [main] INFO  org.hibernate.orm.jpa - HHH008540: Processing PersistenceUnitInfo [name: default]
2026-07-02 08:47:03 [main] INFO  org.hibernate.orm.core - HHH000001: Hibernate ORM core version 7.2.4.Final
2026-07-02 08:47:04 [main] INFO  o.s.o.j.p.SpringPersistenceUnitInfo - No LoadTimeWeaver setup: ignoring JPA class transformer
2026-07-02 08:47:04 [main] INFO  com.zaxxer.hikari.HikariDataSource - HikariPool-1 - Starting...
2026-07-02 08:47:05 [main] INFO  com.zaxxer.hikari.pool.HikariPool - HikariPool-1 - Added connection com.mysql.cj.jdbc.ConnectionImpl@42734b71
2026-07-02 08:47:05 [main] INFO  com.zaxxer.hikari.HikariDataSource - HikariPool-1 - Start completed.
2026-07-02 08:47:05 [main] INFO  o.hibernate.orm.connections.pooling - HHH10001005: Database info:
	Database JDBC URL [jdbc:mysql://localhost:3306/VNScout]
	Database driver: MySQL Connector/J
	Database dialect: MySQLDialect
	Database version: 8.0.46
	Default catalog/schema: VNScout/undefined
	Autocommit mode: undefined/unknown
	Isolation level: REPEATABLE_READ [default REPEATABLE_READ]
	JDBC fetch size: none
	Pool: DataSourceConnectionProvider
	Minimum pool size: undefined/unknown
	Maximum pool size: undefined/unknown
2026-07-02 08:47:08 [main] INFO  org.hibernate.orm.core - HHH000489: No JTA platform available (set 'hibernate.transaction.jta.platform' to enable JTA platform integration)
2026-07-02 08:47:08 [main] INFO  o.s.o.j.LocalContainerEntityManagerFactoryBean - Initialized JPA EntityManagerFactory for persistence unit 'default'
2026-07-02 08:47:08 [main] INFO  o.s.d.j.r.q.QueryEnhancerFactories - Hibernate is in classpath; If applicable, HQL parser will be used.
2026-07-02 08:47:11 [main] INFO  c.e.b.s.banned.BadWordFilterService - Loaded 578 bad words from database into memory.
2026-07-02 08:47:12 [main] WARN  o.s.b.j.a.JpaBaseConfiguration$JpaWebConfiguration - spring.jpa.open-in-view is enabled by default. Therefore, database queries may be performed during view rendering. Explicitly configure spring.jpa.open-in-view to disable this warning
2026-07-02 08:47:12 [main] WARN  o.s.b.s.a.UserDetailsServiceAutoConfiguration - 

Using generated security password: 0b7a9de3-2f33-4311-8849-c4d28ec20108

This generated password is for development use only. Your security configuration must be updated before running your application in production.

2026-07-02 08:47:12 [main] INFO  o.s.s.c.a.a.c.InitializeUserDetailsBeanManagerConfigurer$InitializeUserDetailsManagerConfigurer - Global AuthenticationManager configured with UserDetailsService bean with name inMemoryUserDetailsManager
2026-07-02 08:47:13 [main] DEBUG o.s.s.web.DefaultSecurityFilterChain - Will secure any request with filters: DisableEncodeUrlFilter, WebAsyncManagerIntegrationFilter, SecurityContextHolderFilter, HeaderWriterFilter, CorsFilter, LogoutFilter, JwtFilter, RequestCacheAwareFilter, SecurityContextHolderAwareRequestFilter, AnonymousAuthenticationFilter, ExceptionTranslationFilter, AuthorizationFilter
2026-07-02 08:47:14 [main] INFO  o.s.m.s.b.SimpleBrokerMessageHandler - Starting...
2026-07-02 08:47:14 [main] INFO  o.s.m.s.b.SimpleBrokerMessageHandler - BrokerAvailabilityEvent[available=true, SimpleBrokerMessageHandler [org.springframework.messaging.simp.broker.DefaultSubscriptionRegistry@2231f1f7]]
2026-07-02 08:47:14 [main] INFO  o.s.m.s.b.SimpleBrokerMessageHandler - Started.
2026-07-02 08:47:14 [main] INFO  o.a.coyote.http11.Http11NioProtocol - Starting ProtocolHandler ["http-nio-8081"]
2026-07-02 08:47:14 [main] INFO  o.s.boot.tomcat.TomcatWebServer - Tomcat started on port 8081 (http) with context path '/'
2026-07-02 08:47:14 [main] INFO  c.example.backend.BackendApplication - Started BackendApplication in 16.884 seconds (process running for 18.449)
2026-07-02 08:47:14 [main] INFO  c.e.b.c.i.BannedWordDataInitializer - Banned words already initialized. Skip import.
2026-07-02 08:48:14 [MessageBroker-1] INFO  o.s.w.s.c.WebSocketMessageBrokerStats - WebSocketSession[0 current WS(0)-HttpStream(0)-HttpPoll(0), 0 total, 0 closed abnormally (0 connect failure, 0 send limit, 0 transport error)], stompSubProtocol[processed CONNECT(0)-CONNECTED(0)-DISCONNECT(0)], stompBrokerRelay[null], inboundChannel[pool size = 0, active threads = 0, queued tasks = 0, completed tasks = 0], outboundChannel[pool size = 0, active threads = 0, queued tasks = 0, completed tasks = 0], sockJsScheduler[pool size = 1, active threads = 1, queued tasks = 0, completed tasks = 0]
2026-07-02 08:48:47 [http-nio-8081-exec-2] INFO  o.a.c.c.C.[Tomcat].[localhost].[/] - Initializing Spring DispatcherServlet 'dispatcherServlet'
2026-07-02 08:48:47 [http-nio-8081-exec-2] INFO  o.s.web.servlet.DispatcherServlet - Initializing Servlet 'dispatcherServlet'
2026-07-02 08:48:47 [http-nio-8081-exec-2] INFO  o.s.web.servlet.DispatcherServlet - Completed initialization in 2 ms
2026-07-02 08:48:47 [http-nio-8081-exec-5] DEBUG o.s.security.web.FilterChainProxy - Securing GET /api/v1/posts/getAll?size=200
2026-07-02 08:48:47 [http-nio-8081-exec-3] DEBUG o.s.security.web.FilterChainProxy - Securing GET /api/locations?size=20&page=0&level=2
2026-07-02 08:48:47 [http-nio-8081-exec-7] DEBUG o.s.security.web.FilterChainProxy - Securing GET /users/me
2026-07-02 08:48:47 [http-nio-8081-exec-7] WARN  o.s.w.s.h.HandlerMappingIntrospector - Cache miss for REQUEST dispatch to '/users/me' (previous null). Performing CorsConfiguration lookup. This is logged once only at WARN level, and every time at TRACE.
2026-07-02 08:48:47 [http-nio-8081-exec-5] DEBUG o.s.security.web.FilterChainProxy - Secured GET /api/v1/posts/getAll?size=200
2026-07-02 08:48:47 [http-nio-8081-exec-7] DEBUG o.s.security.web.FilterChainProxy - Secured GET /users/me
2026-07-02 08:48:47 [http-nio-8081-exec-3] DEBUG o.s.security.web.FilterChainProxy - Secured GET /api/locations?size=20&page=0&level=2
2026-07-02 08:48:47 [http-nio-8081-exec-3] WARN  o.s.d.w.c.SpringDataJackson3Configuration$PageModule$WarningLoggingModifier - Serializing PageImpl instances as-is is not supported, meaning that there is no guarantee about the stability of the resulting JSON structure!
	For a stable JSON structure, please use Spring Data's PagedModel (globally via @EnableSpringDataWebSupport(pageSerializationMode = VIA_DTO))
	or Spring HATEOAS and Spring Data's PagedResourcesAssembler as documented in https://docs.spring.io/spring-data/commons/reference/repositories/core-extensions.html#core.web.pageables.

2026-07-02 08:48:47 [http-nio-8081-exec-6] DEBUG o.s.security.web.FilterChainProxy - Securing GET /api/v1/notifications/unread-count
2026-07-02 08:48:47 [http-nio-8081-exec-6] DEBUG o.s.security.web.FilterChainProxy - Secured GET /api/v1/notifications/unread-count
2026-07-02 08:48:47 [http-nio-8081-exec-10] DEBUG o.s.security.web.FilterChainProxy - Securing GET /api/v1/notifications/stream?token=eyJhbGciOiJIUzI1NiJ9.eyJzdWIiOiJUdW5hLWFkbWluIiwicGVybWlzc2lvbnMiOlsiUk9MRV9BRE1JTiJdLCJpc3MiOiJkZXZ0ZXJpYS5jb20iLCJleHAiOjE3Nzk1MjAyNzUsImlhdCI6MTc3OTUxMzA3NSwidXNlcklkIjoiMGZiN2VkZjMtYzQ5YS00NTQ5LTg4YzUtNDk5OTMxNGEzMzFlIn0.bJu3f8N3VUhzhAlzxn07v98jJkgoo3H20isKAEyAScU
2026-07-02 08:48:47 [http-nio-8081-exec-10] DEBUG o.s.security.web.FilterChainProxy - Secured GET /api/v1/notifications/stream?token=eyJhbGciOiJIUzI1NiJ9.eyJzdWIiOiJUdW5hLWFkbWluIiwicGVybWlzc2lvbnMiOlsiUk9MRV9BRE1JTiJdLCJpc3MiOiJkZXZ0ZXJpYS5jb20iLCJleHAiOjE3Nzk1MjAyNzUsImlhdCI6MTc3OTUxMzA3NSwidXNlcklkIjoiMGZiN2VkZjMtYzQ5YS00NTQ5LTg4YzUtNDk5OTMxNGEzMzFlIn0.bJu3f8N3VUhzhAlzxn07v98jJkgoo3H20isKAEyAScU
2026-07-02 08:48:47 [http-nio-8081-exec-2] DEBUG o.s.security.web.FilterChainProxy - Securing GET /api/v1/notifications/unread-count
2026-07-02 08:48:47 [http-nio-8081-exec-2] DEBUG o.s.security.web.FilterChainProxy - Secured GET /api/v1/notifications/unread-count
2026-07-02 08:48:47 [http-nio-8081-exec-7] DEBUG o.s.security.web.FilterChainProxy - Securing GET /chat/conversations
2026-07-02 08:48:47 [http-nio-8081-exec-7] DEBUG o.s.security.web.FilterChainProxy - Secured GET /chat/conversations
2026-07-02 08:48:47 [http-nio-8081-exec-8] DEBUG o.s.security.web.FilterChainProxy - Securing GET /chat/conversations
2026-07-02 08:48:47 [http-nio-8081-exec-8] DEBUG o.s.security.web.FilterChainProxy - Secured GET /chat/conversations
2026-07-02 08:48:54 [http-nio-8081-exec-1] DEBUG o.s.security.web.FilterChainProxy - Securing GET /api/v1/posts/getAll?size=20&page=0&viewerId=0fb7edf3-c49a-4549-88c5-4999314a331e
2026-07-02 08:48:54 [http-nio-8081-exec-4] DEBUG o.s.security.web.FilterChainProxy - Securing GET /api/locations?size=10000
2026-07-02 08:48:54 [http-nio-8081-exec-7] DEBUG o.s.security.web.FilterChainProxy - Securing GET /users/getall?size=50
2026-07-02 08:48:54 [http-nio-8081-exec-4] DEBUG o.s.security.web.FilterChainProxy - Secured GET /api/locations?size=10000
2026-07-02 08:48:54 [http-nio-8081-exec-7] DEBUG o.s.security.web.FilterChainProxy - Secured GET /users/getall?size=50
2026-07-02 08:48:54 [http-nio-8081-exec-1] DEBUG o.s.security.web.FilterChainProxy - Secured GET /api/v1/posts/getAll?size=20&page=0&viewerId=0fb7edf3-c49a-4549-88c5-4999314a331e
2026-07-02 08:48:54 [http-nio-8081-exec-7] DEBUG o.s.security.web.FilterChainProxy - Securing GET /users/getall?size=50
2026-07-02 08:48:54 [http-nio-8081-exec-7] DEBUG o.s.security.web.FilterChainProxy - Secured GET /users/getall?size=50
2026-07-02 08:48:54 [http-nio-8081-exec-5] DEBUG o.s.security.web.FilterChainProxy - Securing GET /api/locations?size=10000
2026-07-02 08:48:54 [http-nio-8081-exec-5] DEBUG o.s.security.web.FilterChainProxy - Secured GET /api/locations?size=10000
2026-07-02 08:48:54 [http-nio-8081-exec-6] DEBUG o.s.security.web.FilterChainProxy - Securing GET /api/v1/posts/getAll?size=20&page=0&viewerId=0fb7edf3-c49a-4549-88c5-4999314a331e
2026-07-02 08:48:54 [http-nio-8081-exec-6] DEBUG o.s.security.web.FilterChainProxy - Secured GET /api/v1/posts/getAll?size=20&page=0&viewerId=0fb7edf3-c49a-4549-88c5-4999314a331e
2026-07-02 08:48:55 [http-nio-8081-exec-9] DEBUG o.s.security.web.FilterChainProxy - Securing GET /api/v1/follow/following-ids/0fb7edf3-c49a-4549-88c5-4999314a331e
2026-07-02 08:48:55 [http-nio-8081-exec-9] DEBUG o.s.security.web.FilterChainProxy - Secured GET /api/v1/follow/following-ids/0fb7edf3-c49a-4549-88c5-4999314a331e
2026-07-02 08:53:48 [http-nio-8081-exec-1] DEBUG o.s.security.web.FilterChainProxy - Securing GET /api/v1/notifications/unread-count
2026-07-02 08:53:48 [http-nio-8081-exec-1] DEBUG o.s.security.web.FilterChainProxy - Secured GET /api/v1/notifications/unread-count
2026-07-02 08:54:25 [http-nio-8081-exec-9] DEBUG o.s.security.web.FilterChainProxy - Securing GET /api/locations?size=20&page=0&level=2
2026-07-02 08:54:25 [http-nio-8081-exec-2] DEBUG o.s.security.web.FilterChainProxy - Securing GET /api/v1/posts/getAll?size=200
2026-07-02 08:54:25 [http-nio-8081-exec-9] DEBUG o.s.security.web.FilterChainProxy - Secured GET /api/locations?size=20&page=0&level=2
2026-07-02 08:54:25 [http-nio-8081-exec-2] DEBUG o.s.security.web.FilterChainProxy - Secured GET /api/v1/posts/getAll?size=200
2026-07-02 08:54:25 [http-nio-8081-exec-10] DEBUG o.s.security.web.FilterChainProxy - Securing GET /api/locations?size=20&page=0&level=2
2026-07-02 08:54:25 [http-nio-8081-exec-10] DEBUG o.s.security.web.FilterChainProxy - Secured GET /api/locations?size=20&page=0&level=2
2026-07-02 08:54:25 [http-nio-8081-exec-5] DEBUG o.s.security.web.FilterChainProxy - Securing GET /api/v1/posts/getAll?size=200
2026-07-02 08:54:25 [http-nio-8081-exec-5] DEBUG o.s.security.web.FilterChainProxy - Secured GET /api/v1/posts/getAll?size=200
2026-07-02 08:54:30 [http-nio-8081-exec-9] DEBUG o.s.security.web.FilterChainProxy - Securing GET /api/v1/follow/following-ids/0fb7edf3-c49a-4549-88c5-4999314a331e
2026-07-02 08:54:30 [http-nio-8081-exec-3] DEBUG o.s.security.web.FilterChainProxy - Securing GET /api/locations?size=10000
2026-07-02 08:54:30 [http-nio-8081-exec-10] DEBUG o.s.security.web.FilterChainProxy - Securing GET /users/getall?size=50
2026-07-02 08:54:30 [http-nio-8081-exec-6] DEBUG o.s.security.web.FilterChainProxy - Securing GET /api/v1/posts/getAll?size=20&page=0&viewerId=0fb7edf3-c49a-4549-88c5-4999314a331e
2026-07-02 08:54:30 [http-nio-8081-exec-6] DEBUG o.s.security.web.FilterChainProxy - Secured GET /api/v1/posts/getAll?size=20&page=0&viewerId=0fb7edf3-c49a-4549-88c5-4999314a331e
2026-07-02 08:54:30 [http-nio-8081-exec-10] DEBUG o.s.security.web.FilterChainProxy - Secured GET /users/getall?size=50
2026-07-02 08:54:30 [http-nio-8081-exec-3] DEBUG o.s.security.web.FilterChainProxy - Secured GET /api/locations?size=10000
2026-07-02 08:54:30 [http-nio-8081-exec-9] DEBUG o.s.security.web.FilterChainProxy - Secured GET /api/v1/follow/following-ids/0fb7edf3-c49a-4549-88c5-4999314a331e
2026-07-02 08:54:30 [http-nio-8081-exec-2] DEBUG o.s.security.web.FilterChainProxy - Securing GET /api/locations?size=10000
2026-07-02 08:54:30 [http-nio-8081-exec-2] DEBUG o.s.security.web.FilterChainProxy - Secured GET /api/locations?size=10000
2026-07-02 08:54:30 [http-nio-8081-exec-5] DEBUG o.s.security.web.FilterChainProxy - Securing GET /api/v1/follow/following-ids/0fb7edf3-c49a-4549-88c5-4999314a331e
2026-07-02 08:54:30 [http-nio-8081-exec-5] DEBUG o.s.security.web.FilterChainProxy - Secured GET /api/v1/follow/following-ids/0fb7edf3-c49a-4549-88c5-4999314a331e
2026-07-02 08:54:30 [http-nio-8081-exec-8] DEBUG o.s.security.web.FilterChainProxy - Securing GET /users/getall?size=50
2026-07-02 08:54:30 [http-nio-8081-exec-8] DEBUG o.s.security.web.FilterChainProxy - Secured GET /users/getall?size=50
2026-07-02 08:54:31 [http-nio-8081-exec-4] DEBUG o.s.security.web.FilterChainProxy - Securing GET /api/v1/posts/getAll?size=20&page=0&viewerId=0fb7edf3-c49a-4549-88c5-4999314a331e
2026-07-02 08:54:31 [http-nio-8081-exec-4] DEBUG o.s.security.web.FilterChainProxy - Secured GET /api/v1/posts/getAll?size=20&page=0&viewerId=0fb7edf3-c49a-4549-88c5-4999314a331e
2026-07-02 08:54:44 [http-nio-8081-exec-5] DEBUG o.s.security.web.FilterChainProxy - Securing GET /api/v1/posts/getAll?size=200
2026-07-02 08:54:44 [http-nio-8081-exec-2] DEBUG o.s.security.web.FilterChainProxy - Securing GET /api/locations?size=20&page=0&level=2
2026-07-02 08:54:44 [http-nio-8081-exec-2] DEBUG o.s.security.web.FilterChainProxy - Secured GET /api/locations?size=20&page=0&level=2
2026-07-02 08:54:44 [http-nio-8081-exec-5] DEBUG o.s.security.web.FilterChainProxy - Secured GET /api/v1/posts/getAll?size=200
2026-07-02 08:54:44 [http-nio-8081-exec-10] DEBUG o.s.security.web.FilterChainProxy - Securing GET /api/locations?size=20&page=0&level=2
2026-07-02 08:54:44 [http-nio-8081-exec-10] DEBUG o.s.security.web.FilterChainProxy - Secured GET /api/locations?size=20&page=0&level=2
2026-07-02 08:54:44 [http-nio-8081-exec-8] DEBUG o.s.security.web.FilterChainProxy - Securing GET /api/v1/posts/getAll?size=200
2026-07-02 08:54:44 [http-nio-8081-exec-8] DEBUG o.s.security.web.FilterChainProxy - Secured GET /api/v1/posts/getAll?size=200
2026-07-02 08:54:49 [http-nio-8081-exec-1] DEBUG o.s.security.web.FilterChainProxy - Securing GET /api/v1/posts/getAll?size=20&page=0&viewerId=0fb7edf3-c49a-4549-88c5-4999314a331e
2026-07-02 08:54:49 [http-nio-8081-exec-3] DEBUG o.s.security.web.FilterChainProxy - Securing GET /api/locations?size=10000
2026-07-02 08:54:49 [http-nio-8081-exec-10] DEBUG o.s.security.web.FilterChainProxy - Securing GET /api/v1/follow/following-ids/0fb7edf3-c49a-4549-88c5-4999314a331e
2026-07-02 08:54:49 [http-nio-8081-exec-2] DEBUG o.s.security.web.FilterChainProxy - Securing GET /users/getall?size=50
2026-07-02 08:54:49 [http-nio-8081-exec-2] DEBUG o.s.security.web.FilterChainProxy - Secured GET /users/getall?size=50
2026-07-02 08:54:49 [http-nio-8081-exec-1] DEBUG o.s.security.web.FilterChainProxy - Secured GET /api/v1/posts/getAll?size=20&page=0&viewerId=0fb7edf3-c49a-4549-88c5-4999314a331e
2026-07-02 08:54:49 [http-nio-8081-exec-10] DEBUG o.s.security.web.FilterChainProxy - Secured GET /api/v1/follow/following-ids/0fb7edf3-c49a-4549-88c5-4999314a331e
2026-07-02 08:54:49 [http-nio-8081-exec-3] DEBUG o.s.security.web.FilterChainProxy - Secured GET /api/locations?size=10000
2026-07-02 08:54:49 [http-nio-8081-exec-5] DEBUG o.s.security.web.FilterChainProxy - Securing GET /api/locations?size=10000
2026-07-02 08:54:49 [http-nio-8081-exec-5] DEBUG o.s.security.web.FilterChainProxy - Secured GET /api/locations?size=10000
2026-07-02 08:54:49 [http-nio-8081-exec-8] DEBUG o.s.security.web.FilterChainProxy - Securing GET /api/v1/follow/following-ids/0fb7edf3-c49a-4549-88c5-4999314a331e
2026-07-02 08:54:49 [http-nio-8081-exec-8] DEBUG o.s.security.web.FilterChainProxy - Secured GET /api/v1/follow/following-ids/0fb7edf3-c49a-4549-88c5-4999314a331e
2026-07-02 08:54:49 [http-nio-8081-exec-6] DEBUG o.s.security.web.FilterChainProxy - Securing GET /users/getall?size=50
2026-07-02 08:54:49 [http-nio-8081-exec-6] DEBUG o.s.security.web.FilterChainProxy - Secured GET /users/getall?size=50
2026-07-02 08:54:49 [http-nio-8081-exec-4] DEBUG o.s.security.web.FilterChainProxy - Securing GET /api/v1/posts/getAll?size=20&page=0&viewerId=0fb7edf3-c49a-4549-88c5-4999314a331e
2026-07-02 08:54:49 [http-nio-8081-exec-4] DEBUG o.s.security.web.FilterChainProxy - Secured GET /api/v1/posts/getAll?size=20&page=0&viewerId=0fb7edf3-c49a-4549-88c5-4999314a331e
2026-07-02 08:58:48 [http-nio-8081-exec-2] DEBUG o.s.security.web.FilterChainProxy - Securing GET /api/v1/notifications/unread-count
2026-07-02 08:58:48 [http-nio-8081-exec-2] DEBUG o.s.security.web.FilterChainProxy - Secured GET /api/v1/notifications/unread-count
2026-07-02 09:03:48 [http-nio-8081-exec-4] DEBUG o.s.security.web.FilterChainProxy - Securing GET /api/v1/notifications/unread-count
2026-07-02 09:03:48 [http-nio-8081-exec-4] DEBUG o.s.security.web.FilterChainProxy - Secured GET /api/v1/notifications/unread-count
2026-07-02 09:08:48 [http-nio-8081-exec-10] DEBUG o.s.security.web.FilterChainProxy - Securing GET /api/v1/notifications/unread-count
2026-07-02 09:08:48 [http-nio-8081-exec-10] DEBUG o.s.security.web.FilterChainProxy - Secured GET /api/v1/notifications/unread-count
2026-07-02 09:13:48 [http-nio-8081-exec-8] DEBUG o.s.security.web.FilterChainProxy - Securing GET /api/v1/notifications/unread-count
2026-07-02 09:13:48 [http-nio-8081-exec-8] DEBUG o.s.security.web.FilterChainProxy - Secured GET /api/v1/notifications/unread-count
2026-07-02 09:18:14 [MessageBroker-1] INFO  o.s.w.s.c.WebSocketMessageBrokerStats - WebSocketSession[0 current WS(0)-HttpStream(0)-HttpPoll(0), 0 total, 0 closed abnormally (0 connect failure, 0 send limit, 0 transport error)], stompSubProtocol[processed CONNECT(0)-CONNECTED(0)-DISCONNECT(0)], stompBrokerRelay[null], inboundChannel[pool size = 0, active threads = 0, queued tasks = 0, completed tasks = 0], outboundChannel[pool size = 0, active threads = 0, queued tasks = 0, completed tasks = 0], sockJsScheduler[pool size = 2, active threads = 1, queued tasks = 0, completed tasks = 1]
2026-07-02 09:18:48 [http-nio-8081-exec-1] DEBUG o.s.security.web.FilterChainProxy - Securing GET /api/v1/notifications/unread-count
2026-07-02 09:18:48 [http-nio-8081-exec-1] DEBUG o.s.security.web.FilterChainProxy - Secured GET /api/v1/notifications/unread-count
2026-07-02 09:24:02 [http-nio-8081-exec-7] DEBUG o.s.security.web.FilterChainProxy - Securing GET /api/v1/notifications/unread-count
2026-07-02 09:24:02 [http-nio-8081-exec-7] DEBUG o.s.security.web.FilterChainProxy - Secured GET /api/v1/notifications/unread-count
2026-07-02 09:29:02 [http-nio-8081-exec-3] DEBUG o.s.security.web.FilterChainProxy - Securing GET /api/v1/notifications/unread-count
2026-07-02 09:29:02 [http-nio-8081-exec-3] DEBUG o.s.security.web.FilterChainProxy - Secured GET /api/v1/notifications/unread-count
2026-07-02 09:34:02 [http-nio-8081-exec-6] DEBUG o.s.security.web.FilterChainProxy - Securing GET /api/v1/notifications/unread-count
2026-07-02 09:34:02 [http-nio-8081-exec-6] DEBUG o.s.security.web.FilterChainProxy - Secured GET /api/v1/notifications/unread-count
2026-07-02 09:39:02 [http-nio-8081-exec-9] DEBUG o.s.security.web.FilterChainProxy - Securing GET /api/v1/notifications/unread-count
2026-07-02 09:39:02 [http-nio-8081-exec-9] DEBUG o.s.security.web.FilterChainProxy - Secured GET /api/v1/notifications/unread-count
2026-07-02 09:42:59 [http-nio-8081-exec-2] DEBUG o.s.security.web.FilterChainProxy - Securing GET /api/v1/posts/getAll?size=20&page=0
2026-07-02 09:42:59 [http-nio-8081-exec-2] DEBUG o.s.security.web.FilterChainProxy - Secured GET /api/v1/posts/getAll?size=20&page=0
2026-07-02 09:42:59 [http-nio-8081-exec-1] DEBUG o.s.security.web.FilterChainProxy - Securing GET /api/locations?size=10000
2026-07-02 09:42:59 [http-nio-8081-exec-6] DEBUG o.s.security.web.FilterChainProxy - Securing GET /users/me
2026-07-02 09:42:59 [http-nio-8081-exec-4] DEBUG o.s.security.web.FilterChainProxy - Securing GET /users/getall?size=50
2026-07-02 09:42:59 [http-nio-8081-exec-1] DEBUG o.s.security.web.FilterChainProxy - Secured GET /api/locations?size=10000
2026-07-02 09:42:59 [http-nio-8081-exec-6] DEBUG o.s.security.web.FilterChainProxy - Secured GET /users/me
2026-07-02 09:42:59 [http-nio-8081-exec-4] DEBUG o.s.security.web.FilterChainProxy - Secured GET /users/getall?size=50
2026-07-02 09:42:59 [http-nio-8081-exec-9] DEBUG o.s.security.web.FilterChainProxy - Securing GET /api/locations?size=10000
2026-07-02 09:42:59 [http-nio-8081-exec-9] DEBUG o.s.security.web.FilterChainProxy - Secured GET /api/locations?size=10000
2026-07-02 09:42:59 [http-nio-8081-exec-7] DEBUG o.s.security.web.FilterChainProxy - Securing GET /users/me
2026-07-02 09:42:59 [http-nio-8081-exec-7] DEBUG o.s.security.web.FilterChainProxy - Secured GET /users/me
2026-07-02 09:42:59 [http-nio-8081-exec-10] DEBUG o.s.security.web.FilterChainProxy - Securing GET /users/getall?size=50
2026-07-02 09:42:59 [http-nio-8081-exec-10] DEBUG o.s.security.web.FilterChainProxy - Secured GET /users/getall?size=50
2026-07-02 09:42:59 [http-nio-8081-exec-5] DEBUG o.s.security.web.FilterChainProxy - Securing GET /api/v1/notifications/unread-count
2026-07-02 09:42:59 [http-nio-8081-exec-5] DEBUG o.s.security.web.FilterChainProxy - Secured GET /api/v1/notifications/unread-count
2026-07-02 09:42:59 [http-nio-8081-exec-3] DEBUG o.s.security.web.FilterChainProxy - Securing GET /api/v1/notifications/unread-count
2026-07-02 09:42:59 [http-nio-8081-exec-3] DEBUG o.s.security.web.FilterChainProxy - Secured GET /api/v1/notifications/unread-count
2026-07-02 09:42:59 [http-nio-8081-exec-1] DEBUG o.s.security.web.FilterChainProxy - Securing GET /api/v1/posts/getAll?size=20&page=0
2026-07-02 09:42:59 [http-nio-8081-exec-1] DEBUG o.s.security.web.FilterChainProxy - Secured GET /api/v1/posts/getAll?size=20&page=0
2026-07-02 09:42:59 [http-nio-8081-exec-4] DEBUG o.s.security.web.FilterChainProxy - Securing GET /api/locations?size=10000
2026-07-02 09:42:59 [http-nio-8081-exec-7] DEBUG o.s.security.web.FilterChainProxy - Securing GET /users/getall?size=50
2026-07-02 09:42:59 [http-nio-8081-exec-4] DEBUG o.s.security.web.FilterChainProxy - Secured GET /api/locations?size=10000
2026-07-02 09:42:59 [http-nio-8081-exec-7] DEBUG o.s.security.web.FilterChainProxy - Secured GET /users/getall?size=50
2026-07-02 09:42:59 [http-nio-8081-exec-10] DEBUG o.s.security.web.FilterChainProxy - Securing GET /api/v1/follow/following-ids/0fb7edf3-c49a-4549-88c5-4999314a331e
2026-07-02 09:42:59 [http-nio-8081-exec-8] DEBUG o.s.security.web.FilterChainProxy - Securing GET /api/v1/posts/getAll?size=20&page=0&viewerId=0fb7edf3-c49a-4549-88c5-4999314a331e
2026-07-02 09:42:59 [http-nio-8081-exec-8] DEBUG o.s.security.web.FilterChainProxy - Secured GET /api/v1/posts/getAll?size=20&page=0&viewerId=0fb7edf3-c49a-4549-88c5-4999314a331e
2026-07-02 09:42:59 [http-nio-8081-exec-10] DEBUG o.s.security.web.FilterChainProxy - Secured GET /api/v1/follow/following-ids/0fb7edf3-c49a-4549-88c5-4999314a331e
2026-07-02 09:42:59 [http-nio-8081-exec-5] DEBUG o.s.security.web.FilterChainProxy - Securing GET /api/v1/notifications/stream?token=eyJhbGciOiJIUzI1NiJ9.eyJzdWIiOiJUdW5hLWFkbWluIiwicGVybWlzc2lvbnMiOlsiUk9MRV9BRE1JTiJdLCJpc3MiOiJkZXZ0ZXJpYS5jb20iLCJleHAiOjE3Nzk1MjAyNzUsImlhdCI6MTc3OTUxMzA3NSwidXNlcklkIjoiMGZiN2VkZjMtYzQ5YS00NTQ5LTg4YzUtNDk5OTMxNGEzMzFlIn0.bJu3f8N3VUhzhAlzxn07v98jJkgoo3H20isKAEyAScU
2026-07-02 09:42:59 [http-nio-8081-exec-5] DEBUG o.s.security.web.FilterChainProxy - Secured GET /api/v1/notifications/stream?token=eyJhbGciOiJIUzI1NiJ9.eyJzdWIiOiJUdW5hLWFkbWluIiwicGVybWlzc2lvbnMiOlsiUk9MRV9BRE1JTiJdLCJpc3MiOiJkZXZ0ZXJpYS5jb20iLCJleHAiOjE3Nzk1MjAyNzUsImlhdCI6MTc3OTUxMzA3NSwidXNlcklkIjoiMGZiN2VkZjMtYzQ5YS00NTQ5LTg4YzUtNDk5OTMxNGEzMzFlIn0.bJu3f8N3VUhzhAlzxn07v98jJkgoo3H20isKAEyAScU
2026-07-02 09:43:00 [http-nio-8081-exec-6] DEBUG o.s.security.web.FilterChainProxy - Securing GET /chat/conversations
2026-07-02 09:43:00 [http-nio-8081-exec-6] DEBUG o.s.security.web.FilterChainProxy - Secured GET /chat/conversations
2026-07-02 09:43:00 [http-nio-8081-exec-9] DEBUG o.s.security.web.FilterChainProxy - Securing GET /chat/conversations
2026-07-02 09:43:00 [http-nio-8081-exec-9] DEBUG o.s.security.web.FilterChainProxy - Secured GET /chat/conversations
2026-07-02 09:54:25 [http-nio-8081-exec-6] DEBUG o.s.security.web.FilterChainProxy - Securing GET /api/v1/notifications/stream?token=eyJhbGciOiJIUzI1NiJ9.eyJzdWIiOiJUdW5hLWFkbWluIiwicGVybWlzc2lvbnMiOlsiUk9MRV9BRE1JTiJdLCJpc3MiOiJkZXZ0ZXJpYS5jb20iLCJleHAiOjE3Nzk1MjAyNzUsImlhdCI6MTc3OTUxMzA3NSwidXNlcklkIjoiMGZiN2VkZjMtYzQ5YS00NTQ5LTg4YzUtNDk5OTMxNGEzMzFlIn0.bJu3f8N3VUhzhAlzxn07v98jJkgoo3H20isKAEyAScU
2026-07-02 09:54:25 [http-nio-8081-exec-6] DEBUG o.s.security.web.FilterChainProxy - Secured GET /api/v1/notifications/stream?token=eyJhbGciOiJIUzI1NiJ9.eyJzdWIiOiJUdW5hLWFkbWluIiwicGVybWlzc2lvbnMiOlsiUk9MRV9BRE1JTiJdLCJpc3MiOiJkZXZ0ZXJpYS5jb20iLCJleHAiOjE3Nzk1MjAyNzUsImlhdCI6MTc3OTUxMzA3NSwidXNlcklkIjoiMGZiN2VkZjMtYzQ5YS00NTQ5LTg4YzUtNDk5OTMxNGEzMzFlIn0.bJu3f8N3VUhzhAlzxn07v98jJkgoo3H20isKAEyAScU
2026-07-02 09:54:26 [http-nio-8081-exec-6] ERROR c.e.b.e.GlobalExceptionHandler - Unhandled Exception: 
org.springframework.web.context.request.async.AsyncRequestTimeoutException
	at org.springframework.web.context.request.async.TimeoutDeferredResultProcessingInterceptor.handleTimeout(TimeoutDeferredResultProcessingInterceptor.java:42)
	at org.springframework.web.context.request.async.DeferredResultInterceptorChain.triggerAfterTimeout(DeferredResultInterceptorChain.java:80)
	at org.springframework.web.context.request.async.WebAsyncManager.lambda$startDeferredResultProcessing$0(WebAsyncManager.java:426)
	at java.base/java.util.ArrayList.forEach(ArrayList.java:1511)
	at org.springframework.web.context.request.async.StandardServletAsyncWebRequest.onTimeout(StandardServletAsyncWebRequest.java:184)
	at org.apache.catalina.core.AsyncListenerWrapper.fireOnTimeout(AsyncListenerWrapper.java:44)
	at org.apache.catalina.core.AsyncContextImpl.timeout(AsyncContextImpl.java:136)
	at org.apache.catalina.connector.CoyoteAdapter.asyncDispatch(CoyoteAdapter.java:134)
	at org.apache.coyote.AbstractProcessor.dispatch(AbstractProcessor.java:242)
	at org.apache.coyote.AbstractProcessorLight.process(AbstractProcessorLight.java:57)
	at org.apache.coyote.AbstractProtocol$ConnectionHandler.process(AbstractProtocol.java:903)
	at org.apache.tomcat.util.net.NioEndpoint$SocketProcessor.doRun(NioEndpoint.java:1779)
	at org.apache.tomcat.util.net.SocketProcessorBase.run(SocketProcessorBase.java:52)
	at org.apache.tomcat.util.threads.ThreadPoolExecutor.runWorker(ThreadPoolExecutor.java:946)
	at org.apache.tomcat.util.threads.ThreadPoolExecutor$Worker.run(ThreadPoolExecutor.java:480)
	at org.apache.tomcat.util.threads.TaskThread$WrappingRunnable.run(TaskThread.java:57)
	at java.base/java.lang.Thread.run(Thread.java:840)
2026-07-02 09:54:26 [http-nio-8081-exec-6] WARN  o.s.w.s.m.m.a.ExceptionHandlerExceptionResolver - Failure in @ExceptionHandler com.example.backend.exception.GlobalExceptionHandler#handleException(Exception)
org.springframework.http.converter.HttpMessageNotWritableException: No converter for [class com.example.backend.dto.response.ApiResponse] with preset Content-Type 'text/event-stream'
	at org.springframework.web.servlet.mvc.method.annotation.AbstractMessageConverterMethodProcessor.writeWithMessageConverters(AbstractMessageConverterMethodProcessor.java:364)
	at org.springframework.web.servlet.mvc.method.annotation.HttpEntityMethodProcessor.handleReturnValue(HttpEntityMethodProcessor.java:261)
	at org.springframework.web.method.support.HandlerMethodReturnValueHandlerComposite.handleReturnValue(HandlerMethodReturnValueHandlerComposite.java:78)
	at org.springframework.web.servlet.mvc.method.annotation.ServletInvocableHandlerMethod.invokeAndHandle(ServletInvocableHandlerMethod.java:135)
	at org.springframework.web.servlet.mvc.method.annotation.ExceptionHandlerExceptionResolver.doResolveHandlerMethodException(ExceptionHandlerExceptionResolver.java:460)
	at org.springframework.web.servlet.handler.AbstractHandlerMethodExceptionResolver.doResolveException(AbstractHandlerMethodExceptionResolver.java:72)
	at org.springframework.web.servlet.handler.AbstractHandlerExceptionResolver.resolveException(AbstractHandlerExceptionResolver.java:176)
	at org.springframework.web.servlet.handler.HandlerExceptionResolverComposite.resolveException(HandlerExceptionResolverComposite.java:78)
	at org.springframework.web.servlet.DispatcherServlet.processHandlerException(DispatcherServlet.java:1227)
	at org.springframework.web.servlet.DispatcherServlet.processDispatchResult(DispatcherServlet.java:1035)
	at org.springframework.web.servlet.DispatcherServlet.doDispatch(DispatcherServlet.java:980)
	at org.springframework.web.servlet.DispatcherServlet.doService(DispatcherServlet.java:866)
	at org.springframework.web.servlet.FrameworkServlet.processRequest(FrameworkServlet.java:1000)
	at org.springframework.web.servlet.FrameworkServlet.doGet(FrameworkServlet.java:892)
	at jakarta.servlet.http.HttpServlet.service(HttpServlet.java:622)
	at org.springframework.web.servlet.FrameworkServlet.service(FrameworkServlet.java:874)
	at jakarta.servlet.http.HttpServlet.service(HttpServlet.java:710)
	at org.apache.catalina.core.ApplicationFilterChain.doFilter(ApplicationFilterChain.java:128)
	at org.springframework.web.filter.OncePerRequestFilter.doFilter(OncePerRequestFilter.java:101)
	at org.apache.catalina.core.ApplicationFilterChain.doFilter(ApplicationFilterChain.java:107)
	at org.springframework.web.filter.CompositeFilter$VirtualFilterChain.doFilter(CompositeFilter.java:108)
	at org.springframework.security.web.FilterChainProxy.lambda$doFilterInternal$3(FilterChainProxy.java:235)
	at org.springframework.security.web.FilterChainProxy$VirtualFilterChain.doFilter(FilterChainProxy.java:371)
	at org.springframework.security.web.access.intercept.AuthorizationFilter.doFilter(AuthorizationFilter.java:101)
	at org.springframework.security.web.FilterChainProxy$VirtualFilterChain.doFilter(FilterChainProxy.java:380)
	at org.springframework.security.web.access.ExceptionTranslationFilter.doFilter(ExceptionTranslationFilter.java:126)
	at org.springframework.security.web.access.ExceptionTranslationFilter.doFilter(ExceptionTranslationFilter.java:120)
	at org.springframework.security.web.FilterChainProxy$VirtualFilterChain.doFilter(FilterChainProxy.java:380)
	at org.springframework.security.web.authentication.AnonymousAuthenticationFilter.doFilter(AnonymousAuthenticationFilter.java:100)
	at org.springframework.security.web.FilterChainProxy$VirtualFilterChain.doFilter(FilterChainProxy.java:380)
	at org.springframework.security.web.servletapi.SecurityContextHolderAwareRequestFilter.doFilter(SecurityContextHolderAwareRequestFilter.java:181)
	at org.springframework.security.web.FilterChainProxy$VirtualFilterChain.doFilter(FilterChainProxy.java:380)
	at org.springframework.security.web.savedrequest.RequestCacheAwareFilter.doFilter(RequestCacheAwareFilter.java:63)
	at org.springframework.security.web.FilterChainProxy$VirtualFilterChain.doFilter(FilterChainProxy.java:380)
	at org.springframework.web.filter.OncePerRequestFilter.doFilter(OncePerRequestFilter.java:101)
	at org.springframework.security.web.FilterChainProxy$VirtualFilterChain.doFilter(FilterChainProxy.java:380)
	at org.springframework.security.web.authentication.logout.LogoutFilter.doFilter(LogoutFilter.java:110)
	at org.springframework.security.web.authentication.logout.LogoutFilter.doFilter(LogoutFilter.java:96)
	at org.springframework.security.web.FilterChainProxy$VirtualFilterChain.doFilter(FilterChainProxy.java:380)
	at org.springframework.web.filter.OncePerRequestFilter.doFilter(OncePerRequestFilter.java:101)
	at org.springframework.security.web.FilterChainProxy$VirtualFilterChain.doFilter(FilterChainProxy.java:380)
	at org.springframework.web.filter.OncePerRequestFilter.doFilter(OncePerRequestFilter.java:101)
	at org.springframework.security.web.FilterChainProxy$VirtualFilterChain.doFilter(FilterChainProxy.java:380)
	at org.springframework.security.web.context.SecurityContextHolderFilter.doFilter(SecurityContextHolderFilter.java:82)
	at org.springframework.security.web.context.SecurityContextHolderFilter.doFilter(SecurityContextHolderFilter.java:69)
	at org.springframework.security.web.FilterChainProxy$VirtualFilterChain.doFilter(FilterChainProxy.java:380)
	at org.springframework.web.filter.OncePerRequestFilter.doFilter(OncePerRequestFilter.java:101)
	at org.springframework.security.web.FilterChainProxy$VirtualFilterChain.doFilter(FilterChainProxy.java:380)
	at org.springframework.web.filter.OncePerRequestFilter.doFilter(OncePerRequestFilter.java:101)
	at org.springframework.security.web.FilterChainProxy$VirtualFilterChain.doFilter(FilterChainProxy.java:380)
	at org.springframework.security.web.FilterChainProxy.doFilterInternal(FilterChainProxy.java:237)
	at org.springframework.security.web.FilterChainProxy.doFilter(FilterChainProxy.java:195)
	at org.springframework.web.filter.CompositeFilter$VirtualFilterChain.doFilter(CompositeFilter.java:113)
	at org.springframework.web.filter.ServletRequestPathFilter.doFilter(ServletRequestPathFilter.java:52)
	at org.springframework.web.filter.CompositeFilter$VirtualFilterChain.doFilter(CompositeFilter.java:113)
	at org.springframework.web.filter.CompositeFilter.doFilter(CompositeFilter.java:74)
	at org.springframework.security.config.annotation.web.configuration.WebSecurityConfiguration$CompositeFilterChainProxy.doFilter(WebSecurityConfiguration.java:317)
	at org.springframework.web.filter.DelegatingFilterProxy.invokeDelegate(DelegatingFilterProxy.java:355)
	at org.springframework.web.filter.DelegatingFilterProxy.doFilter(DelegatingFilterProxy.java:272)
	at org.apache.catalina.core.ApplicationFilterChain.doFilter(ApplicationFilterChain.java:107)
	at org.springframework.web.filter.RequestContextFilter.doFilterInternal(RequestContextFilter.java:100)
	at org.springframework.web.filter.OncePerRequestFilter.doFilter(OncePerRequestFilter.java:116)
	at org.apache.catalina.core.ApplicationFilterChain.doFilter(ApplicationFilterChain.java:107)
	at org.springframework.web.filter.OncePerRequestFilter.doFilter(OncePerRequestFilter.java:101)
	at org.apache.catalina.core.ApplicationFilterChain.doFilter(ApplicationFilterChain.java:107)
	at org.springframework.web.filter.OncePerRequestFilter.doFilter(OncePerRequestFilter.java:101)
	at org.apache.catalina.core.ApplicationFilterChain.doFilter(ApplicationFilterChain.java:107)
	at org.springframework.web.filter.OncePerRequestFilter.doFilter(OncePerRequestFilter.java:101)
	at org.apache.catalina.core.ApplicationFilterChain.doFilter(ApplicationFilterChain.java:107)
	at org.apache.catalina.core.ApplicationDispatcher.invoke(ApplicationDispatcher.java:513)
	at org.apache.catalina.core.ApplicationDispatcher.dispatch(ApplicationDispatcher.java:441)
	at org.apache.catalina.core.AsyncContextImpl$AsyncRunnable.run(AsyncContextImpl.java:585)
	at org.apache.catalina.core.AsyncContextImpl.doInternalDispatch(AsyncContextImpl.java:340)
	at org.apache.catalina.core.StandardWrapperValve.invoke(StandardWrapperValve.java:163)
	at org.apache.catalina.core.StandardContextValve.invoke(StandardContextValve.java:77)
	at org.apache.catalina.authenticator.AuthenticatorBase.invoke(AuthenticatorBase.java:492)
	at org.apache.catalina.core.StandardHostValve.invoke(StandardHostValve.java:113)
	at org.apache.catalina.valves.ErrorReportValve.invoke(ErrorReportValve.java:83)
	at org.apache.catalina.core.StandardEngineValve.invoke(StandardEngineValve.java:72)
	at org.apache.catalina.connector.CoyoteAdapter.asyncDispatch(CoyoteAdapter.java:238)
	at org.apache.coyote.AbstractProcessor.dispatch(AbstractProcessor.java:242)
	at org.apache.coyote.AbstractProcessorLight.process(AbstractProcessorLight.java:57)
	at org.apache.coyote.AbstractProtocol$ConnectionHandler.process(AbstractProtocol.java:903)
	at org.apache.tomcat.util.net.NioEndpoint$SocketProcessor.doRun(NioEndpoint.java:1779)
	at org.apache.tomcat.util.net.SocketProcessorBase.run(SocketProcessorBase.java:52)
	at org.apache.tomcat.util.threads.ThreadPoolExecutor.runWorker(ThreadPoolExecutor.java:946)
	at org.apache.tomcat.util.threads.ThreadPoolExecutor$Worker.run(ThreadPoolExecutor.java:480)
	at org.apache.tomcat.util.threads.TaskThread$WrappingRunnable.run(TaskThread.java:57)
	at java.base/java.lang.Thread.run(Thread.java:840)
2026-07-02 09:54:26 [http-nio-8081-exec-6] WARN  o.s.w.s.m.s.DefaultHandlerExceptionResolver - Ignoring exception, response committed already: org.springframework.web.context.request.async.AsyncRequestTimeoutException
2026-07-02 09:54:26 [http-nio-8081-exec-6] WARN  o.s.w.s.m.s.DefaultHandlerExceptionResolver - Resolved [org.springframework.web.context.request.async.AsyncRequestTimeoutException]
2026-07-02 09:54:26 [http-nio-8081-exec-6] DEBUG o.s.s.w.a.AnonymousAuthenticationFilter - Set SecurityContextHolder to anonymous SecurityContext
2026-07-02 09:54:26 [http-nio-8081-exec-9] DEBUG o.s.security.web.FilterChainProxy - Securing GET /api/v1/notifications/unread-count
2026-07-02 09:54:26 [http-nio-8081-exec-9] DEBUG o.s.security.web.FilterChainProxy - Secured GET /api/v1/notifications/unread-count
2026-07-02 09:54:28 [HikariPool-1:housekeeper] WARN  com.zaxxer.hikari.pool.HikariPool - HikariPool-1 - Thread starvation or clock leap detected (housekeeper delta=11m52s51ms711µs300ns).
2026-07-02 09:54:29 [http-nio-8081-exec-1] DEBUG o.s.security.web.FilterChainProxy - Securing GET /api/v1/notifications/stream?token=eyJhbGciOiJIUzI1NiJ9.eyJzdWIiOiJUdW5hLWFkbWluIiwicGVybWlzc2lvbnMiOlsiUk9MRV9BRE1JTiJdLCJpc3MiOiJkZXZ0ZXJpYS5jb20iLCJleHAiOjE3Nzk1MjAyNzUsImlhdCI6MTc3OTUxMzA3NSwidXNlcklkIjoiMGZiN2VkZjMtYzQ5YS00NTQ5LTg4YzUtNDk5OTMxNGEzMzFlIn0.bJu3f8N3VUhzhAlzxn07v98jJkgoo3H20isKAEyAScU
2026-07-02 09:54:29 [http-nio-8081-exec-1] DEBUG o.s.security.web.FilterChainProxy - Secured GET /api/v1/notifications/stream?token=eyJhbGciOiJIUzI1NiJ9.eyJzdWIiOiJUdW5hLWFkbWluIiwicGVybWlzc2lvbnMiOlsiUk9MRV9BRE1JTiJdLCJpc3MiOiJkZXZ0ZXJpYS5jb20iLCJleHAiOjE3Nzk1MjAyNzUsImlhdCI6MTc3OTUxMzA3NSwidXNlcklkIjoiMGZiN2VkZjMtYzQ5YS00NTQ5LTg4YzUtNDk5OTMxNGEzMzFlIn0.bJu3f8N3VUhzhAlzxn07v98jJkgoo3H20isKAEyAScU
2026-07-02 09:58:00 [http-nio-8081-exec-4] DEBUG o.s.security.web.FilterChainProxy - Securing GET /api/v1/notifications/unread-count
2026-07-02 09:58:00 [http-nio-8081-exec-4] DEBUG o.s.security.web.FilterChainProxy - Secured GET /api/v1/notifications/unread-count
2026-07-02 09:59:38 [MessageBroker-2] INFO  o.s.w.s.c.WebSocketMessageBrokerStats - WebSocketSession[0 current WS(0)-HttpStream(0)-HttpPoll(0), 0 total, 0 closed abnormally (0 connect failure, 0 send limit, 0 transport error)], stompSubProtocol[processed CONNECT(0)-CONNECTED(0)-DISCONNECT(0)], stompBrokerRelay[null], inboundChannel[pool size = 0, active threads = 0, queued tasks = 0, completed tasks = 0], outboundChannel[pool size = 0, active threads = 0, queued tasks = 0, completed tasks = 0], sockJsScheduler[pool size = 3, active threads = 1, queued tasks = 0, completed tasks = 2]
2026-07-02 10:03:00 [http-nio-8081-exec-5] DEBUG o.s.security.web.FilterChainProxy - Securing GET /api/v1/notifications/unread-count
2026-07-02 10:03:00 [http-nio-8081-exec-5] DEBUG o.s.security.web.FilterChainProxy - Secured GET /api/v1/notifications/unread-count
2026-07-02 10:08:00 [http-nio-8081-exec-7] DEBUG o.s.security.web.FilterChainProxy - Securing GET /api/v1/notifications/unread-count
2026-07-02 10:08:00 [http-nio-8081-exec-7] DEBUG o.s.security.web.FilterChainProxy - Secured GET /api/v1/notifications/unread-count
2026-07-02 10:13:00 [http-nio-8081-exec-8] DEBUG o.s.security.web.FilterChainProxy - Securing GET /api/v1/notifications/unread-count
2026-07-02 10:13:00 [http-nio-8081-exec-8] DEBUG o.s.security.web.FilterChainProxy - Secured GET /api/v1/notifications/unread-count
2026-07-02 10:18:00 [http-nio-8081-exec-10] DEBUG o.s.security.web.FilterChainProxy - Securing GET /api/v1/notifications/unread-count
2026-07-02 10:18:00 [http-nio-8081-exec-10] DEBUG o.s.security.web.FilterChainProxy - Secured GET /api/v1/notifications/unread-count
2026-07-02 10:29:38 [MessageBroker-1] INFO  o.s.w.s.c.WebSocketMessageBrokerStats - WebSocketSession[0 current WS(0)-HttpStream(0)-HttpPoll(0), 0 total, 0 closed abnormally (0 connect failure, 0 send limit, 0 transport error)], stompSubProtocol[processed CONNECT(0)-CONNECTED(0)-DISCONNECT(0)], stompBrokerRelay[null], inboundChannel[pool size = 0, active threads = 0, queued tasks = 0, completed tasks = 0], outboundChannel[pool size = 0, active threads = 0, queued tasks = 0, completed tasks = 0], sockJsScheduler[pool size = 4, active threads = 1, queued tasks = 0, completed tasks = 3]
2026-07-02 10:37:31 [http-nio-8081-exec-6] DEBUG o.s.security.web.FilterChainProxy - Securing GET /api/v1/notifications/unread-count
2026-07-02 10:37:31 [http-nio-8081-exec-6] DEBUG o.s.security.web.FilterChainProxy - Secured GET /api/v1/notifications/unread-count
2026-07-02 10:38:00 [http-nio-8081-exec-9] DEBUG o.s.security.web.FilterChainProxy - Securing GET /api/v1/notifications/unread-count
2026-07-02 10:38:00 [http-nio-8081-exec-9] DEBUG o.s.security.web.FilterChainProxy - Secured GET /api/v1/notifications/unread-count
2026-07-02 10:43:00 [http-nio-8081-exec-8] DEBUG o.s.security.web.FilterChainProxy - Securing GET /api/v1/notifications/stream?token=eyJhbGciOiJIUzI1NiJ9.eyJzdWIiOiJUdW5hLWFkbWluIiwicGVybWlzc2lvbnMiOlsiUk9MRV9BRE1JTiJdLCJpc3MiOiJkZXZ0ZXJpYS5jb20iLCJleHAiOjE3Nzk1MjAyNzUsImlhdCI6MTc3OTUxMzA3NSwidXNlcklkIjoiMGZiN2VkZjMtYzQ5YS00NTQ5LTg4YzUtNDk5OTMxNGEzMzFlIn0.bJu3f8N3VUhzhAlzxn07v98jJkgoo3H20isKAEyAScU
2026-07-02 10:43:00 [http-nio-8081-exec-8] DEBUG o.s.security.web.FilterChainProxy - Secured GET /api/v1/notifications/stream?token=eyJhbGciOiJIUzI1NiJ9.eyJzdWIiOiJUdW5hLWFkbWluIiwicGVybWlzc2lvbnMiOlsiUk9MRV9BRE1JTiJdLCJpc3MiOiJkZXZ0ZXJpYS5jb20iLCJleHAiOjE3Nzk1MjAyNzUsImlhdCI6MTc3OTUxMzA3NSwidXNlcklkIjoiMGZiN2VkZjMtYzQ5YS00NTQ5LTg4YzUtNDk5OTMxNGEzMzFlIn0.bJu3f8N3VUhzhAlzxn07v98jJkgoo3H20isKAEyAScU
2026-07-02 10:43:00 [http-nio-8081-exec-8] ERROR c.e.b.e.GlobalExceptionHandler - Unhandled Exception: 
org.springframework.web.context.request.async.AsyncRequestTimeoutException
	at org.springframework.web.context.request.async.TimeoutDeferredResultProcessingInterceptor.handleTimeout(TimeoutDeferredResultProcessingInterceptor.java:42)
	at org.springframework.web.context.request.async.DeferredResultInterceptorChain.triggerAfterTimeout(DeferredResultInterceptorChain.java:80)
	at org.springframework.web.context.request.async.WebAsyncManager.lambda$startDeferredResultProcessing$0(WebAsyncManager.java:426)
	at java.base/java.util.ArrayList.forEach(ArrayList.java:1511)
	at org.springframework.web.context.request.async.StandardServletAsyncWebRequest.onTimeout(StandardServletAsyncWebRequest.java:184)
	at org.apache.catalina.core.AsyncListenerWrapper.fireOnTimeout(AsyncListenerWrapper.java:44)
	at org.apache.catalina.core.AsyncContextImpl.timeout(AsyncContextImpl.java:136)
	at org.apache.catalina.connector.CoyoteAdapter.asyncDispatch(CoyoteAdapter.java:134)
	at org.apache.coyote.AbstractProcessor.dispatch(AbstractProcessor.java:242)
	at org.apache.coyote.AbstractProcessorLight.process(AbstractProcessorLight.java:57)
	at org.apache.coyote.AbstractProtocol$ConnectionHandler.process(AbstractProtocol.java:903)
	at org.apache.tomcat.util.net.NioEndpoint$SocketProcessor.doRun(NioEndpoint.java:1779)
	at org.apache.tomcat.util.net.SocketProcessorBase.run(SocketProcessorBase.java:52)
	at org.apache.tomcat.util.threads.ThreadPoolExecutor.runWorker(ThreadPoolExecutor.java:946)
	at org.apache.tomcat.util.threads.ThreadPoolExecutor$Worker.run(ThreadPoolExecutor.java:480)
	at org.apache.tomcat.util.threads.TaskThread$WrappingRunnable.run(TaskThread.java:57)
	at java.base/java.lang.Thread.run(Thread.java:840)
2026-07-02 10:43:00 [http-nio-8081-exec-8] WARN  o.s.w.s.m.m.a.ExceptionHandlerExceptionResolver - Failure in @ExceptionHandler com.example.backend.exception.GlobalExceptionHandler#handleException(Exception)
org.springframework.http.converter.HttpMessageNotWritableException: No converter for [class com.example.backend.dto.response.ApiResponse] with preset Content-Type 'text/event-stream'
	at org.springframework.web.servlet.mvc.method.annotation.AbstractMessageConverterMethodProcessor.writeWithMessageConverters(AbstractMessageConverterMethodProcessor.java:364)
	at org.springframework.web.servlet.mvc.method.annotation.HttpEntityMethodProcessor.handleReturnValue(HttpEntityMethodProcessor.java:261)
	at org.springframework.web.method.support.HandlerMethodReturnValueHandlerComposite.handleReturnValue(HandlerMethodReturnValueHandlerComposite.java:78)
	at org.springframework.web.servlet.mvc.method.annotation.ServletInvocableHandlerMethod.invokeAndHandle(ServletInvocableHandlerMethod.java:135)
	at org.springframework.web.servlet.mvc.method.annotation.ExceptionHandlerExceptionResolver.doResolveHandlerMethodException(ExceptionHandlerExceptionResolver.java:460)
	at org.springframework.web.servlet.handler.AbstractHandlerMethodExceptionResolver.doResolveException(AbstractHandlerMethodExceptionResolver.java:72)
	at org.springframework.web.servlet.handler.AbstractHandlerExceptionResolver.resolveException(AbstractHandlerExceptionResolver.java:176)
	at org.springframework.web.servlet.handler.HandlerExceptionResolverComposite.resolveException(HandlerExceptionResolverComposite.java:78)
	at org.springframework.web.servlet.DispatcherServlet.processHandlerException(DispatcherServlet.java:1227)
	at org.springframework.web.servlet.DispatcherServlet.processDispatchResult(DispatcherServlet.java:1035)
	at org.springframework.web.servlet.DispatcherServlet.doDispatch(DispatcherServlet.java:980)
	at org.springframework.web.servlet.DispatcherServlet.doService(DispatcherServlet.java:866)
	at org.springframework.web.servlet.FrameworkServlet.processRequest(FrameworkServlet.java:1000)
	at org.springframework.web.servlet.FrameworkServlet.doGet(FrameworkServlet.java:892)
	at jakarta.servlet.http.HttpServlet.service(HttpServlet.java:622)
	at org.springframework.web.servlet.FrameworkServlet.service(FrameworkServlet.java:874)
	at jakarta.servlet.http.HttpServlet.service(HttpServlet.java:710)
	at org.apache.catalina.core.ApplicationFilterChain.doFilter(ApplicationFilterChain.java:128)
	at org.springframework.web.filter.OncePerRequestFilter.doFilter(OncePerRequestFilter.java:101)
	at org.apache.catalina.core.ApplicationFilterChain.doFilter(ApplicationFilterChain.java:107)
	at org.springframework.web.filter.CompositeFilter$VirtualFilterChain.doFilter(CompositeFilter.java:108)
	at org.springframework.security.web.FilterChainProxy.lambda$doFilterInternal$3(FilterChainProxy.java:235)
	at org.springframework.security.web.FilterChainProxy$VirtualFilterChain.doFilter(FilterChainProxy.java:371)
	at org.springframework.security.web.access.intercept.AuthorizationFilter.doFilter(AuthorizationFilter.java:101)
	at org.springframework.security.web.FilterChainProxy$VirtualFilterChain.doFilter(FilterChainProxy.java:380)
	at org.springframework.security.web.access.ExceptionTranslationFilter.doFilter(ExceptionTranslationFilter.java:126)
	at org.springframework.security.web.access.ExceptionTranslationFilter.doFilter(ExceptionTranslationFilter.java:120)
	at org.springframework.security.web.FilterChainProxy$VirtualFilterChain.doFilter(FilterChainProxy.java:380)
	at org.springframework.security.web.authentication.AnonymousAuthenticationFilter.doFilter(AnonymousAuthenticationFilter.java:100)
	at org.springframework.security.web.FilterChainProxy$VirtualFilterChain.doFilter(FilterChainProxy.java:380)
	at org.springframework.security.web.servletapi.SecurityContextHolderAwareRequestFilter.doFilter(SecurityContextHolderAwareRequestFilter.java:181)
	at org.springframework.security.web.FilterChainProxy$VirtualFilterChain.doFilter(FilterChainProxy.java:380)
	at org.springframework.security.web.savedrequest.RequestCacheAwareFilter.doFilter(RequestCacheAwareFilter.java:63)
	at org.springframework.security.web.FilterChainProxy$VirtualFilterChain.doFilter(FilterChainProxy.java:380)
	at org.springframework.web.filter.OncePerRequestFilter.doFilter(OncePerRequestFilter.java:101)
	at org.springframework.security.web.FilterChainProxy$VirtualFilterChain.doFilter(FilterChainProxy.java:380)
	at org.springframework.security.web.authentication.logout.LogoutFilter.doFilter(LogoutFilter.java:110)
	at org.springframework.security.web.authentication.logout.LogoutFilter.doFilter(LogoutFilter.java:96)
	at org.springframework.security.web.FilterChainProxy$VirtualFilterChain.doFilter(FilterChainProxy.java:380)
	at org.springframework.web.filter.OncePerRequestFilter.doFilter(OncePerRequestFilter.java:101)
	at org.springframework.security.web.FilterChainProxy$VirtualFilterChain.doFilter(FilterChainProxy.java:380)
	at org.springframework.web.filter.OncePerRequestFilter.doFilter(OncePerRequestFilter.java:101)
	at org.springframework.security.web.FilterChainProxy$VirtualFilterChain.doFilter(FilterChainProxy.java:380)
	at org.springframework.security.web.context.SecurityContextHolderFilter.doFilter(SecurityContextHolderFilter.java:82)
	at org.springframework.security.web.context.SecurityContextHolderFilter.doFilter(SecurityContextHolderFilter.java:69)
	at org.springframework.security.web.FilterChainProxy$VirtualFilterChain.doFilter(FilterChainProxy.java:380)
	at org.springframework.web.filter.OncePerRequestFilter.doFilter(OncePerRequestFilter.java:101)
	at org.springframework.security.web.FilterChainProxy$VirtualFilterChain.doFilter(FilterChainProxy.java:380)
	at org.springframework.web.filter.OncePerRequestFilter.doFilter(OncePerRequestFilter.java:101)
	at org.springframework.security.web.FilterChainProxy$VirtualFilterChain.doFilter(FilterChainProxy.java:380)
	at org.springframework.security.web.FilterChainProxy.doFilterInternal(FilterChainProxy.java:237)
	at org.springframework.security.web.FilterChainProxy.doFilter(FilterChainProxy.java:195)
	at org.springframework.web.filter.CompositeFilter$VirtualFilterChain.doFilter(CompositeFilter.java:113)
	at org.springframework.web.filter.ServletRequestPathFilter.doFilter(ServletRequestPathFilter.java:52)
	at org.springframework.web.filter.CompositeFilter$VirtualFilterChain.doFilter(CompositeFilter.java:113)
	at org.springframework.web.filter.CompositeFilter.doFilter(CompositeFilter.java:74)
	at org.springframework.security.config.annotation.web.configuration.WebSecurityConfiguration$CompositeFilterChainProxy.doFilter(WebSecurityConfiguration.java:317)
	at org.springframework.web.filter.DelegatingFilterProxy.invokeDelegate(DelegatingFilterProxy.java:355)
	at org.springframework.web.filter.DelegatingFilterProxy.doFilter(DelegatingFilterProxy.java:272)
	at org.apache.catalina.core.ApplicationFilterChain.doFilter(ApplicationFilterChain.java:107)
	at org.springframework.web.filter.RequestContextFilter.doFilterInternal(RequestContextFilter.java:100)
	at org.springframework.web.filter.OncePerRequestFilter.doFilter(OncePerRequestFilter.java:116)
	at org.apache.catalina.core.ApplicationFilterChain.doFilter(ApplicationFilterChain.java:107)
	at org.springframework.web.filter.OncePerRequestFilter.doFilter(OncePerRequestFilter.java:101)
	at org.apache.catalina.core.ApplicationFilterChain.doFilter(ApplicationFilterChain.java:107)
	at org.springframework.web.filter.OncePerRequestFilter.doFilter(OncePerRequestFilter.java:101)
	at org.apache.catalina.core.ApplicationFilterChain.doFilter(ApplicationFilterChain.java:107)
	at org.springframework.web.filter.OncePerRequestFilter.doFilter(OncePerRequestFilter.java:101)
	at org.apache.catalina.core.ApplicationFilterChain.doFilter(ApplicationFilterChain.java:107)
	at org.apache.catalina.core.ApplicationDispatcher.invoke(ApplicationDispatcher.java:513)
	at org.apache.catalina.core.ApplicationDispatcher.dispatch(ApplicationDispatcher.java:441)
	at org.apache.catalina.core.AsyncContextImpl$AsyncRunnable.run(AsyncContextImpl.java:585)
	at org.apache.catalina.core.AsyncContextImpl.doInternalDispatch(AsyncContextImpl.java:340)
	at org.apache.catalina.core.StandardWrapperValve.invoke(StandardWrapperValve.java:163)
	at org.apache.catalina.core.StandardContextValve.invoke(StandardContextValve.java:77)
	at org.apache.catalina.authenticator.AuthenticatorBase.invoke(AuthenticatorBase.java:492)
	at org.apache.catalina.core.StandardHostValve.invoke(StandardHostValve.java:113)
	at org.apache.catalina.valves.ErrorReportValve.invoke(ErrorReportValve.java:83)
	at org.apache.catalina.core.StandardEngineValve.invoke(StandardEngineValve.java:72)
	at org.apache.catalina.connector.CoyoteAdapter.asyncDispatch(CoyoteAdapter.java:238)
	at org.apache.coyote.AbstractProcessor.dispatch(AbstractProcessor.java:242)
	at org.apache.coyote.AbstractProcessorLight.process(AbstractProcessorLight.java:57)
	at org.apache.coyote.AbstractProtocol$ConnectionHandler.process(AbstractProtocol.java:903)
	at org.apache.tomcat.util.net.NioEndpoint$SocketProcessor.doRun(NioEndpoint.java:1779)
	at org.apache.tomcat.util.net.SocketProcessorBase.run(SocketProcessorBase.java:52)
	at org.apache.tomcat.util.threads.ThreadPoolExecutor.runWorker(ThreadPoolExecutor.java:946)
	at org.apache.tomcat.util.threads.ThreadPoolExecutor$Worker.run(ThreadPoolExecutor.java:480)
	at org.apache.tomcat.util.threads.TaskThread$WrappingRunnable.run(TaskThread.java:57)
	at java.base/java.lang.Thread.run(Thread.java:840)
2026-07-02 10:43:00 [http-nio-8081-exec-8] WARN  o.s.w.s.m.s.DefaultHandlerExceptionResolver - Ignoring exception, response committed already: org.springframework.web.context.request.async.AsyncRequestTimeoutException
2026-07-02 10:43:00 [http-nio-8081-exec-8] WARN  o.s.w.s.m.s.DefaultHandlerExceptionResolver - Resolved [org.springframework.web.context.request.async.AsyncRequestTimeoutException]
2026-07-02 10:43:00 [http-nio-8081-exec-8] DEBUG o.s.s.w.a.AnonymousAuthenticationFilter - Set SecurityContextHolder to anonymous SecurityContext
2026-07-02 10:43:02 [http-nio-8081-exec-3] DEBUG o.s.security.web.FilterChainProxy - Securing GET /api/v1/notifications/unread-count
2026-07-02 10:43:02 [http-nio-8081-exec-3] DEBUG o.s.security.web.FilterChainProxy - Secured GET /api/v1/notifications/unread-count
2026-07-02 10:48:02 [http-nio-8081-exec-2] DEBUG o.s.security.web.FilterChainProxy - Securing GET /api/v1/notifications/unread-count
2026-07-02 10:48:02 [http-nio-8081-exec-2] DEBUG o.s.security.web.FilterChainProxy - Secured GET /api/v1/notifications/unread-count
2026-07-02 10:49:28 [SpringApplicationShutdownHook] INFO  o.s.boot.tomcat.GracefulShutdown - Commencing graceful shutdown. Waiting for active requests to complete
2026-07-02 10:49:58 [SpringApplicationShutdownHook] INFO  o.s.c.s.DefaultLifecycleProcessor - Shutdown phase 2147482623 ends with 1 bean still running after timeout of 30000ms: [webServerGracefulShutdown]
2026-07-02 10:49:58 [tomcat-shutdown] INFO  o.s.boot.tomcat.GracefulShutdown - Graceful shutdown aborted with one or more requests still active
2026-07-02 10:49:58 [SpringApplicationShutdownHook] INFO  o.s.m.s.b.SimpleBrokerMessageHandler - Stopping...
2026-07-02 10:49:58 [SpringApplicationShutdownHook] INFO  o.s.m.s.b.SimpleBrokerMessageHandler - BrokerAvailabilityEvent[available=false, SimpleBrokerMessageHandler [org.springframework.messaging.simp.broker.DefaultSubscriptionRegistry@2231f1f7]]
2026-07-02 10:49:58 [SpringApplicationShutdownHook] INFO  o.s.m.s.b.SimpleBrokerMessageHandler - Stopped.
2026-07-02 10:49:58 [SpringApplicationShutdownHook] INFO  o.s.o.j.LocalContainerEntityManagerFactoryBean - Closing JPA EntityManagerFactory for persistence unit 'default'
2026-07-02 10:49:58 [SpringApplicationShutdownHook] INFO  com.zaxxer.hikari.HikariDataSource - HikariPool-1 - Shutdown initiated...
2026-07-02 10:49:58 [SpringApplicationShutdownHook] INFO  com.zaxxer.hikari.HikariDataSource - HikariPool-1 - Shutdown completed.
2026-07-02 13:41:16 [main] INFO  c.example.backend.BackendApplication - Starting BackendApplication using Java 17.0.18 with PID 32996 (D:\DATN\VietnamPhoto\backend\target\classes started by Tuna in D:\DATN\VietnamPhoto)
2026-07-02 13:41:16 [main] DEBUG c.example.backend.BackendApplication - Running with Spring Boot v4.0.3, Spring v7.0.5
2026-07-02 13:41:16 [main] INFO  c.example.backend.BackendApplication - No active profile set, falling back to 1 default profile: "default"
2026-07-02 13:41:16 [background-preinit] INFO  o.h.validator.internal.util.Version - HV000001: Hibernate Validator 9.0.1.Final
2026-07-02 13:41:17 [main] INFO  o.s.d.r.c.RepositoryConfigurationDelegate - Bootstrapping Spring Data JPA repositories in DEFAULT mode.
2026-07-02 13:41:17 [main] INFO  o.s.d.r.c.RepositoryConfigurationDelegate - Finished Spring Data repository scanning in 165 ms. Found 17 JPA repository interfaces.
2026-07-02 13:41:19 [main] INFO  o.s.boot.tomcat.TomcatWebServer - Tomcat initialized with port 8081 (http)
2026-07-02 13:41:19 [main] INFO  o.a.coyote.http11.Http11NioProtocol - Initializing ProtocolHandler ["http-nio-8081"]
2026-07-02 13:41:19 [main] INFO  o.a.catalina.core.StandardService - Starting service [Tomcat]
2026-07-02 13:41:19 [main] INFO  o.a.catalina.core.StandardEngine - Starting Servlet engine: [Apache Tomcat/11.0.18]
2026-07-02 13:41:19 [main] INFO  o.s.b.w.c.s.WebApplicationContextInitializer - Root WebApplicationContext: initialization completed in 2703 ms
2026-07-02 13:41:19 [main] DEBUG c.e.b.config.security.JwtFilter - Filter 'jwtFilter' configured for use
2026-07-02 13:41:19 [main] INFO  org.hibernate.orm.jpa - HHH008540: Processing PersistenceUnitInfo [name: default]
2026-07-02 13:41:19 [main] INFO  org.hibernate.orm.core - HHH000001: Hibernate ORM core version 7.2.4.Final
2026-07-02 13:41:20 [main] INFO  o.s.o.j.p.SpringPersistenceUnitInfo - No LoadTimeWeaver setup: ignoring JPA class transformer
2026-07-02 13:41:20 [main] INFO  com.zaxxer.hikari.HikariDataSource - HikariPool-1 - Starting...
2026-07-02 13:41:20 [main] INFO  com.zaxxer.hikari.pool.HikariPool - HikariPool-1 - Added connection com.mysql.cj.jdbc.ConnectionImpl@42734b71
2026-07-02 13:41:20 [main] INFO  com.zaxxer.hikari.HikariDataSource - HikariPool-1 - Start completed.
2026-07-02 13:41:21 [main] INFO  o.hibernate.orm.connections.pooling - HHH10001005: Database info:
	Database JDBC URL [jdbc:mysql://localhost:3306/VNScout]
	Database driver: MySQL Connector/J
	Database dialect: MySQLDialect
	Database version: 8.0.46
	Default catalog/schema: VNScout/undefined
	Autocommit mode: undefined/unknown
	Isolation level: REPEATABLE_READ [default REPEATABLE_READ]
	JDBC fetch size: none
	Pool: DataSourceConnectionProvider
	Minimum pool size: undefined/unknown
	Maximum pool size: undefined/unknown
2026-07-02 13:41:22 [main] INFO  org.hibernate.orm.core - HHH000489: No JTA platform available (set 'hibernate.transaction.jta.platform' to enable JTA platform integration)
2026-07-02 13:41:22 [main] INFO  o.s.o.j.LocalContainerEntityManagerFactoryBean - Initialized JPA EntityManagerFactory for persistence unit 'default'
2026-07-02 13:41:22 [main] INFO  o.s.d.j.r.q.QueryEnhancerFactories - Hibernate is in classpath; If applicable, HQL parser will be used.
2026-07-02 13:41:24 [main] INFO  c.e.b.s.banned.BadWordFilterService - Loaded 578 bad words from database into memory.
2026-07-02 13:41:25 [main] WARN  o.s.b.j.a.JpaBaseConfiguration$JpaWebConfiguration - spring.jpa.open-in-view is enabled by default. Therefore, database queries may be performed during view rendering. Explicitly configure spring.jpa.open-in-view to disable this warning
2026-07-02 13:41:25 [main] WARN  o.s.b.s.a.UserDetailsServiceAutoConfiguration - 

Using generated security password: e3e36cab-0697-480c-8012-20ac0d74d254

This generated password is for development use only. Your security configuration must be updated before running your application in production.

2026-07-02 13:41:25 [main] INFO  o.s.s.c.a.a.c.InitializeUserDetailsBeanManagerConfigurer$InitializeUserDetailsManagerConfigurer - Global AuthenticationManager configured with UserDetailsService bean with name inMemoryUserDetailsManager
2026-07-02 13:41:25 [main] DEBUG o.s.s.web.DefaultSecurityFilterChain - Will secure any request with filters: DisableEncodeUrlFilter, WebAsyncManagerIntegrationFilter, SecurityContextHolderFilter, HeaderWriterFilter, CorsFilter, LogoutFilter, JwtFilter, RequestCacheAwareFilter, SecurityContextHolderAwareRequestFilter, AnonymousAuthenticationFilter, ExceptionTranslationFilter, AuthorizationFilter
2026-07-02 13:41:26 [main] INFO  o.s.m.s.b.SimpleBrokerMessageHandler - Starting...
2026-07-02 13:41:26 [main] INFO  o.s.m.s.b.SimpleBrokerMessageHandler - BrokerAvailabilityEvent[available=true, SimpleBrokerMessageHandler [org.springframework.messaging.simp.broker.DefaultSubscriptionRegistry@2231f1f7]]
2026-07-02 13:41:26 [main] INFO  o.s.m.s.b.SimpleBrokerMessageHandler - Started.
2026-07-02 13:41:26 [main] INFO  o.a.coyote.http11.Http11NioProtocol - Starting ProtocolHandler ["http-nio-8081"]
2026-07-02 13:41:26 [main] INFO  o.s.boot.tomcat.TomcatWebServer - Tomcat started on port 8081 (http) with context path '/'
2026-07-02 13:41:26 [main] INFO  c.example.backend.BackendApplication - Started BackendApplication in 10.307 seconds (process running for 11.54)
2026-07-02 13:41:26 [main] INFO  c.e.b.c.i.BannedWordDataInitializer - Banned words already initialized. Skip import.
2026-07-02 13:41:45 [http-nio-8081-exec-2] INFO  o.a.c.c.C.[Tomcat].[localhost].[/] - Initializing Spring DispatcherServlet 'dispatcherServlet'
2026-07-02 13:41:45 [http-nio-8081-exec-2] INFO  o.s.web.servlet.DispatcherServlet - Initializing Servlet 'dispatcherServlet'
2026-07-02 13:41:45 [http-nio-8081-exec-2] INFO  o.s.web.servlet.DispatcherServlet - Completed initialization in 0 ms
2026-07-02 13:41:45 [http-nio-8081-exec-10] DEBUG o.s.security.web.FilterChainProxy - Securing GET /users/getall?size=50
2026-07-02 13:41:45 [http-nio-8081-exec-9] DEBUG o.s.security.web.FilterChainProxy - Securing GET /api/locations?size=10000
2026-07-02 13:41:45 [http-nio-8081-exec-1] DEBUG o.s.security.web.FilterChainProxy - Securing GET /api/v1/posts/getAll?size=20&page=0
2026-07-02 13:41:45 [http-nio-8081-exec-5] DEBUG o.s.security.web.FilterChainProxy - Securing GET /users/me
2026-07-02 13:41:45 [http-nio-8081-exec-1] WARN  o.s.w.s.h.HandlerMappingIntrospector - Cache miss for REQUEST dispatch to '/api/v1/posts/getAll' (previous null). Performing CorsConfiguration lookup. This is logged once only at WARN level, and every time at TRACE.
2026-07-02 13:41:45 [http-nio-8081-exec-9] DEBUG o.s.security.web.FilterChainProxy - Secured GET /api/locations?size=10000
2026-07-02 13:41:45 [http-nio-8081-exec-10] DEBUG o.s.security.web.FilterChainProxy - Secured GET /users/getall?size=50
2026-07-02 13:41:45 [http-nio-8081-exec-1] DEBUG o.s.security.web.FilterChainProxy - Secured GET /api/v1/posts/getAll?size=20&page=0
2026-07-02 13:41:45 [http-nio-8081-exec-5] DEBUG o.s.security.web.FilterChainProxy - Secured GET /users/me
2026-07-02 13:41:46 [http-nio-8081-exec-10] WARN  o.s.d.w.c.SpringDataJackson3Configuration$PageModule$WarningLoggingModifier - Serializing PageImpl instances as-is is not supported, meaning that there is no guarantee about the stability of the resulting JSON structure!
	For a stable JSON structure, please use Spring Data's PagedModel (globally via @EnableSpringDataWebSupport(pageSerializationMode = VIA_DTO))
	or Spring HATEOAS and Spring Data's PagedResourcesAssembler as documented in https://docs.spring.io/spring-data/commons/reference/repositories/core-extensions.html#core.web.pageables.

2026-07-02 13:41:46 [http-nio-8081-exec-3] DEBUG o.s.security.web.FilterChainProxy - Securing GET /users/me
2026-07-02 13:41:46 [http-nio-8081-exec-3] DEBUG o.s.security.web.FilterChainProxy - Secured GET /users/me
2026-07-02 13:41:46 [http-nio-8081-exec-4] DEBUG o.s.security.web.FilterChainProxy - Securing GET /users/getall?size=50
2026-07-02 13:41:46 [http-nio-8081-exec-4] DEBUG o.s.security.web.FilterChainProxy - Secured GET /users/getall?size=50
2026-07-02 13:41:46 [http-nio-8081-exec-5] DEBUG o.s.security.web.FilterChainProxy - Securing GET /api/v1/notifications/unread-count
2026-07-02 13:41:46 [http-nio-8081-exec-10] DEBUG o.s.security.web.FilterChainProxy - Securing GET /api/v1/posts/getAll?size=20&page=0&viewerId=0fb7edf3-c49a-4549-88c5-4999314a331e
2026-07-02 13:41:46 [http-nio-8081-exec-5] DEBUG o.s.security.web.FilterChainProxy - Secured GET /api/v1/notifications/unread-count
2026-07-02 13:41:46 [http-nio-8081-exec-10] DEBUG o.s.security.web.FilterChainProxy - Secured GET /api/v1/posts/getAll?size=20&page=0&viewerId=0fb7edf3-c49a-4549-88c5-4999314a331e
2026-07-02 13:41:46 [http-nio-8081-exec-2] DEBUG o.s.security.web.FilterChainProxy - Securing GET /api/v1/follow/following-ids/0fb7edf3-c49a-4549-88c5-4999314a331e
2026-07-02 13:41:46 [http-nio-8081-exec-2] DEBUG o.s.security.web.FilterChainProxy - Secured GET /api/v1/follow/following-ids/0fb7edf3-c49a-4549-88c5-4999314a331e
2026-07-02 13:41:46 [http-nio-8081-exec-6] DEBUG o.s.security.web.FilterChainProxy - Securing GET /api/v1/notifications/stream?token=eyJhbGciOiJIUzI1NiJ9.eyJzdWIiOiJUdW5hLWFkbWluIiwicGVybWlzc2lvbnMiOlsiUk9MRV9BRE1JTiJdLCJpc3MiOiJkZXZ0ZXJpYS5jb20iLCJleHAiOjE3Nzk1MjAyNzUsImlhdCI6MTc3OTUxMzA3NSwidXNlcklkIjoiMGZiN2VkZjMtYzQ5YS00NTQ5LTg4YzUtNDk5OTMxNGEzMzFlIn0.bJu3f8N3VUhzhAlzxn07v98jJkgoo3H20isKAEyAScU
2026-07-02 13:41:46 [http-nio-8081-exec-6] DEBUG o.s.security.web.FilterChainProxy - Secured GET /api/v1/notifications/stream?token=eyJhbGciOiJIUzI1NiJ9.eyJzdWIiOiJUdW5hLWFkbWluIiwicGVybWlzc2lvbnMiOlsiUk9MRV9BRE1JTiJdLCJpc3MiOiJkZXZ0ZXJpYS5jb20iLCJleHAiOjE3Nzk1MjAyNzUsImlhdCI6MTc3OTUxMzA3NSwidXNlcklkIjoiMGZiN2VkZjMtYzQ5YS00NTQ5LTg4YzUtNDk5OTMxNGEzMzFlIn0.bJu3f8N3VUhzhAlzxn07v98jJkgoo3H20isKAEyAScU
2026-07-02 13:41:46 [http-nio-8081-exec-2] DEBUG o.s.security.web.FilterChainProxy - Securing GET /api/v1/notifications/unread-count
2026-07-02 13:41:46 [http-nio-8081-exec-2] DEBUG o.s.security.web.FilterChainProxy - Secured GET /api/v1/notifications/unread-count
2026-07-02 13:41:46 [http-nio-8081-exec-8] DEBUG o.s.security.web.FilterChainProxy - Securing GET /api/v1/follow/following-ids/0fb7edf3-c49a-4549-88c5-4999314a331e
2026-07-02 13:41:46 [http-nio-8081-exec-8] DEBUG o.s.security.web.FilterChainProxy - Secured GET /api/v1/follow/following-ids/0fb7edf3-c49a-4549-88c5-4999314a331e
2026-07-02 13:41:46 [http-nio-8081-exec-7] DEBUG o.s.security.web.FilterChainProxy - Securing GET /chat/conversations
2026-07-02 13:41:46 [http-nio-8081-exec-7] DEBUG o.s.security.web.FilterChainProxy - Secured GET /chat/conversations
2026-07-02 13:41:46 [http-nio-8081-exec-3] DEBUG o.s.security.web.FilterChainProxy - Securing GET /api/v1/notifications/unread-count
2026-07-02 13:41:46 [http-nio-8081-exec-3] DEBUG o.s.security.web.FilterChainProxy - Secured GET /api/v1/notifications/unread-count
2026-07-02 13:41:46 [http-nio-8081-exec-5] DEBUG o.s.security.web.FilterChainProxy - Securing GET /users/getall?size=50
2026-07-02 13:41:46 [http-nio-8081-exec-5] DEBUG o.s.security.web.FilterChainProxy - Secured GET /users/getall?size=50
2026-07-02 13:41:46 [http-nio-8081-exec-2] DEBUG o.s.security.web.FilterChainProxy - Securing GET /api/v1/notifications/unread-count
2026-07-02 13:41:46 [http-nio-8081-exec-2] DEBUG o.s.security.web.FilterChainProxy - Secured GET /api/v1/notifications/unread-count
2026-07-02 13:41:46 [http-nio-8081-exec-8] DEBUG o.s.security.web.FilterChainProxy - Securing GET /api/locations?size=10000
2026-07-02 13:41:46 [http-nio-8081-exec-8] DEBUG o.s.security.web.FilterChainProxy - Secured GET /api/locations?size=10000
2026-07-02 13:41:46 [http-nio-8081-exec-6] DEBUG o.s.security.web.FilterChainProxy - Securing GET /chat/conversations
2026-07-02 13:41:46 [http-nio-8081-exec-6] DEBUG o.s.security.web.FilterChainProxy - Secured GET /chat/conversations
2026-07-02 13:41:46 [http-nio-8081-exec-4] DEBUG o.s.security.web.FilterChainProxy - Securing GET /api/locations?size=10000
2026-07-02 13:41:46 [http-nio-8081-exec-3] DEBUG o.s.security.web.FilterChainProxy - Securing GET /chat/conversations
2026-07-02 13:41:46 [http-nio-8081-exec-4] DEBUG o.s.security.web.FilterChainProxy - Secured GET /api/locations?size=10000
2026-07-02 13:41:46 [http-nio-8081-exec-3] DEBUG o.s.security.web.FilterChainProxy - Secured GET /chat/conversations
2026-07-02 13:41:46 [http-nio-8081-exec-7] DEBUG o.s.security.web.FilterChainProxy - Securing GET /api/locations?size=10000
2026-07-02 13:41:46 [http-nio-8081-exec-7] DEBUG o.s.security.web.FilterChainProxy - Secured GET /api/locations?size=10000
2026-07-02 13:41:46 [http-nio-8081-exec-2] DEBUG o.s.security.web.FilterChainProxy - Securing GET /users/getall?size=50
2026-07-02 13:41:46 [http-nio-8081-exec-2] DEBUG o.s.security.web.FilterChainProxy - Secured GET /users/getall?size=50
2026-07-02 13:41:46 [http-nio-8081-exec-9] DEBUG o.s.security.web.FilterChainProxy - Securing GET /chat/conversations
2026-07-02 13:41:46 [http-nio-8081-exec-9] DEBUG o.s.security.web.FilterChainProxy - Secured GET /chat/conversations
2026-07-02 13:41:46 [http-nio-8081-exec-8] DEBUG o.s.security.web.FilterChainProxy - Securing GET /api/v1/posts/getAll?size=20&page=0
2026-07-02 13:41:46 [http-nio-8081-exec-8] DEBUG o.s.security.web.FilterChainProxy - Secured GET /api/v1/posts/getAll?size=20&page=0
2026-07-02 13:41:47 [http-nio-8081-exec-6] DEBUG o.s.security.web.FilterChainProxy - Securing GET /api/v1/posts/getAll?size=20&page=0&viewerId=0fb7edf3-c49a-4549-88c5-4999314a331e
2026-07-02 13:41:47 [http-nio-8081-exec-6] DEBUG o.s.security.web.FilterChainProxy - Secured GET /api/v1/posts/getAll?size=20&page=0&viewerId=0fb7edf3-c49a-4549-88c5-4999314a331e
2026-07-02 13:42:26 [MessageBroker-1] INFO  o.s.w.s.c.WebSocketMessageBrokerStats - WebSocketSession[0 current WS(0)-HttpStream(0)-HttpPoll(0), 0 total, 0 closed abnormally (0 connect failure, 0 send limit, 0 transport error)], stompSubProtocol[processed CONNECT(0)-CONNECTED(0)-DISCONNECT(0)], stompBrokerRelay[null], inboundChannel[pool size = 0, active threads = 0, queued tasks = 0, completed tasks = 0], outboundChannel[pool size = 0, active threads = 0, queued tasks = 0, completed tasks = 0], sockJsScheduler[pool size = 1, active threads = 1, queued tasks = 0, completed tasks = 0]
2026-07-02 13:42:32 [http-nio-8081-exec-9] DEBUG o.s.security.web.FilterChainProxy - Securing GET /api/locations?size=10000
2026-07-02 13:42:32 [http-nio-8081-exec-2] DEBUG o.s.security.web.FilterChainProxy - Securing GET /users/getall?size=50
2026-07-02 13:42:32 [http-nio-8081-exec-1] DEBUG o.s.security.web.FilterChainProxy - Securing GET /users/me
2026-07-02 13:42:32 [http-nio-8081-exec-10] DEBUG o.s.security.web.FilterChainProxy - Securing GET /api/v1/posts/getAll?size=20&page=0
2026-07-02 13:42:32 [http-nio-8081-exec-9] DEBUG o.s.security.web.FilterChainProxy - Secured GET /api/locations?size=10000
2026-07-02 13:42:32 [http-nio-8081-exec-1] DEBUG o.s.security.web.FilterChainProxy - Secured GET /users/me
2026-07-02 13:42:32 [http-nio-8081-exec-10] DEBUG o.s.security.web.FilterChainProxy - Secured GET /api/v1/posts/getAll?size=20&page=0
2026-07-02 13:42:32 [http-nio-8081-exec-2] DEBUG o.s.security.web.FilterChainProxy - Secured GET /users/getall?size=50
2026-07-02 13:42:32 [http-nio-8081-exec-5] DEBUG o.s.security.web.FilterChainProxy - Securing GET /api/v1/notifications/stream?token=eyJhbGciOiJIUzI1NiJ9.eyJzdWIiOiJUdW5hLWFkbWluIiwicGVybWlzc2lvbnMiOlsiUk9MRV9BRE1JTiJdLCJpc3MiOiJkZXZ0ZXJpYS5jb20iLCJleHAiOjE3Nzk1MjAyNzUsImlhdCI6MTc3OTUxMzA3NSwidXNlcklkIjoiMGZiN2VkZjMtYzQ5YS00NTQ5LTg4YzUtNDk5OTMxNGEzMzFlIn0.bJu3f8N3VUhzhAlzxn07v98jJkgoo3H20isKAEyAScU
2026-07-02 13:42:32 [http-nio-8081-exec-5] DEBUG o.s.security.web.FilterChainProxy - Secured GET /api/v1/notifications/stream?token=eyJhbGciOiJIUzI1NiJ9.eyJzdWIiOiJUdW5hLWFkbWluIiwicGVybWlzc2lvbnMiOlsiUk9MRV9BRE1JTiJdLCJpc3MiOiJkZXZ0ZXJpYS5jb20iLCJleHAiOjE3Nzk1MjAyNzUsImlhdCI6MTc3OTUxMzA3NSwidXNlcklkIjoiMGZiN2VkZjMtYzQ5YS00NTQ5LTg4YzUtNDk5OTMxNGEzMzFlIn0.bJu3f8N3VUhzhAlzxn07v98jJkgoo3H20isKAEyAScU
2026-07-02 13:42:32 [http-nio-8081-exec-4] DEBUG o.s.security.web.FilterChainProxy - Securing GET /api/v1/notifications/unread-count
2026-07-02 13:42:32 [http-nio-8081-exec-9] DEBUG o.s.security.web.FilterChainProxy - Securing GET /users/getall?size=50
2026-07-02 13:42:33 [http-nio-8081-exec-4] DEBUG o.s.security.web.FilterChainProxy - Secured GET /api/v1/notifications/unread-count
2026-07-02 13:42:33 [http-nio-8081-exec-9] DEBUG o.s.security.web.FilterChainProxy - Secured GET /users/getall?size=50
2026-07-02 13:42:33 [http-nio-8081-exec-8] DEBUG o.s.security.web.FilterChainProxy - Securing GET /api/locations?size=10000
2026-07-02 13:42:33 [http-nio-8081-exec-7] DEBUG o.s.security.web.FilterChainProxy - Securing GET /api/v1/follow/following-ids/0fb7edf3-c49a-4549-88c5-4999314a331e
2026-07-02 13:42:33 [http-nio-8081-exec-6] DEBUG o.s.security.web.FilterChainProxy - Securing GET /api/v1/posts/getAll?size=20&page=0&viewerId=0fb7edf3-c49a-4549-88c5-4999314a331e
2026-07-02 13:42:33 [http-nio-8081-exec-3] DEBUG o.s.security.web.FilterChainProxy - Securing GET /chat/conversations
2026-07-02 13:42:33 [http-nio-8081-exec-8] DEBUG o.s.security.web.FilterChainProxy - Secured GET /api/locations?size=10000
2026-07-02 13:42:33 [http-nio-8081-exec-6] DEBUG o.s.security.web.FilterChainProxy - Secured GET /api/v1/posts/getAll?size=20&page=0&viewerId=0fb7edf3-c49a-4549-88c5-4999314a331e
2026-07-02 13:42:33 [http-nio-8081-exec-7] DEBUG o.s.security.web.FilterChainProxy - Secured GET /api/v1/follow/following-ids/0fb7edf3-c49a-4549-88c5-4999314a331e
2026-07-02 13:42:33 [http-nio-8081-exec-3] DEBUG o.s.security.web.FilterChainProxy - Secured GET /chat/conversations
2026-07-02 13:42:33 [http-nio-8081-exec-5] DEBUG o.s.security.web.FilterChainProxy - Securing GET /api/v1/notifications/unread-count
2026-07-02 13:42:33 [http-nio-8081-exec-5] DEBUG o.s.security.web.FilterChainProxy - Secured GET /api/v1/notifications/unread-count
2026-07-02 13:42:33 [http-nio-8081-exec-10] DEBUG o.s.security.web.FilterChainProxy - Securing GET /chat/conversations
2026-07-02 13:42:33 [http-nio-8081-exec-10] DEBUG o.s.security.web.FilterChainProxy - Secured GET /chat/conversations
2026-07-02 13:43:24 [http-nio-8081-exec-3] DEBUG o.s.security.web.FilterChainProxy - Securing GET /api/locations?size=10000
2026-07-02 13:43:24 [http-nio-8081-exec-7] DEBUG o.s.security.web.FilterChainProxy - Securing GET /api/v1/posts/getAll?size=20&page=0
2026-07-02 13:43:24 [http-nio-8081-exec-5] DEBUG o.s.security.web.FilterChainProxy - Securing GET /users/getall?size=50
2026-07-02 13:43:24 [http-nio-8081-exec-10] DEBUG o.s.security.web.FilterChainProxy - Securing GET /users/me
2026-07-02 13:43:24 [http-nio-8081-exec-7] DEBUG o.s.security.web.FilterChainProxy - Secured GET /api/v1/posts/getAll?size=20&page=0
2026-07-02 13:43:24 [http-nio-8081-exec-3] DEBUG o.s.security.web.FilterChainProxy - Secured GET /api/locations?size=10000
2026-07-02 13:43:24 [http-nio-8081-exec-10] DEBUG o.s.security.web.FilterChainProxy - Secured GET /users/me
2026-07-02 13:43:24 [http-nio-8081-exec-5] DEBUG o.s.security.web.FilterChainProxy - Secured GET /users/getall?size=50
2026-07-02 13:43:24 [http-nio-8081-exec-2] DEBUG o.s.security.web.FilterChainProxy - Securing GET /users/getall?size=50
2026-07-02 13:43:24 [http-nio-8081-exec-1] DEBUG o.s.security.web.FilterChainProxy - Securing GET /api/v1/notifications/unread-count
2026-07-02 13:43:24 [http-nio-8081-exec-8] DEBUG o.s.security.web.FilterChainProxy - Securing GET /api/locations?size=10000
2026-07-02 13:43:24 [http-nio-8081-exec-1] DEBUG o.s.security.web.FilterChainProxy - Secured GET /api/v1/notifications/unread-count
2026-07-02 13:43:24 [http-nio-8081-exec-2] DEBUG o.s.security.web.FilterChainProxy - Secured GET /users/getall?size=50
2026-07-02 13:43:24 [http-nio-8081-exec-8] DEBUG o.s.security.web.FilterChainProxy - Secured GET /api/locations?size=10000
2026-07-02 13:43:24 [http-nio-8081-exec-5] DEBUG o.s.security.web.FilterChainProxy - Securing GET /api/v1/follow/following-ids/0fb7edf3-c49a-4549-88c5-4999314a331e
2026-07-02 13:43:24 [http-nio-8081-exec-10] DEBUG o.s.security.web.FilterChainProxy - Securing GET /api/v1/posts/getAll?size=20&page=0&viewerId=0fb7edf3-c49a-4549-88c5-4999314a331e
2026-07-02 13:43:24 [http-nio-8081-exec-5] DEBUG o.s.security.web.FilterChainProxy - Secured GET /api/v1/follow/following-ids/0fb7edf3-c49a-4549-88c5-4999314a331e
2026-07-02 13:43:24 [http-nio-8081-exec-10] DEBUG o.s.security.web.FilterChainProxy - Secured GET /api/v1/posts/getAll?size=20&page=0&viewerId=0fb7edf3-c49a-4549-88c5-4999314a331e
2026-07-02 13:43:24 [http-nio-8081-exec-7] DEBUG o.s.security.web.FilterChainProxy - Securing GET /api/v1/notifications/unread-count
2026-07-02 13:43:24 [http-nio-8081-exec-7] DEBUG o.s.security.web.FilterChainProxy - Secured GET /api/v1/notifications/unread-count
2026-07-02 13:43:24 [http-nio-8081-exec-9] DEBUG o.s.security.web.FilterChainProxy - Securing GET /api/v1/notifications/stream?token=eyJhbGciOiJIUzI1NiJ9.eyJzdWIiOiJUdW5hLWFkbWluIiwicGVybWlzc2lvbnMiOlsiUk9MRV9BRE1JTiJdLCJpc3MiOiJkZXZ0ZXJpYS5jb20iLCJleHAiOjE3Nzk1MjAyNzUsImlhdCI6MTc3OTUxMzA3NSwidXNlcklkIjoiMGZiN2VkZjMtYzQ5YS00NTQ5LTg4YzUtNDk5OTMxNGEzMzFlIn0.bJu3f8N3VUhzhAlzxn07v98jJkgoo3H20isKAEyAScU
2026-07-02 13:43:24 [http-nio-8081-exec-9] DEBUG o.s.security.web.FilterChainProxy - Secured GET /api/v1/notifications/stream?token=eyJhbGciOiJIUzI1NiJ9.eyJzdWIiOiJUdW5hLWFkbWluIiwicGVybWlzc2lvbnMiOlsiUk9MRV9BRE1JTiJdLCJpc3MiOiJkZXZ0ZXJpYS5jb20iLCJleHAiOjE3Nzk1MjAyNzUsImlhdCI6MTc3OTUxMzA3NSwidXNlcklkIjoiMGZiN2VkZjMtYzQ5YS00NTQ5LTg4YzUtNDk5OTMxNGEzMzFlIn0.bJu3f8N3VUhzhAlzxn07v98jJkgoo3H20isKAEyAScU
2026-07-02 13:43:24 [http-nio-8081-exec-3] DEBUG o.s.security.web.FilterChainProxy - Securing GET /chat/conversations
2026-07-02 13:43:24 [http-nio-8081-exec-3] DEBUG o.s.security.web.FilterChainProxy - Secured GET /chat/conversations
2026-07-02 13:43:24 [http-nio-8081-exec-8] DEBUG o.s.security.web.FilterChainProxy - Securing GET /chat/conversations
2026-07-02 13:43:24 [http-nio-8081-exec-8] DEBUG o.s.security.web.FilterChainProxy - Secured GET /chat/conversations
2026-07-02 13:43:30 [http-nio-8081-exec-7] DEBUG o.s.security.web.FilterChainProxy - Securing GET /users/cb202a3a-1d25-42ea-9eee-67c7c85b9ef1
2026-07-02 13:43:30 [http-nio-8081-exec-7] DEBUG o.s.security.web.FilterChainProxy - Secured GET /users/cb202a3a-1d25-42ea-9eee-67c7c85b9ef1
2026-07-02 13:43:30 [http-nio-8081-exec-9] DEBUG o.s.security.web.FilterChainProxy - Securing GET /users/cb202a3a-1d25-42ea-9eee-67c7c85b9ef1
2026-07-02 13:43:30 [http-nio-8081-exec-9] DEBUG o.s.security.web.FilterChainProxy - Secured GET /users/cb202a3a-1d25-42ea-9eee-67c7c85b9ef1
2026-07-02 13:43:30 [http-nio-8081-exec-4] DEBUG o.s.security.web.FilterChainProxy - Securing GET /api/v1/posts/getAll
2026-07-02 13:43:30 [http-nio-8081-exec-4] DEBUG o.s.security.web.FilterChainProxy - Secured GET /api/v1/posts/getAll
2026-07-02 13:43:30 [http-nio-8081-exec-3] DEBUG o.s.security.web.FilterChainProxy - Securing GET /api/v1/posts/getAll
2026-07-02 13:43:30 [http-nio-8081-exec-3] DEBUG o.s.security.web.FilterChainProxy - Secured GET /api/v1/posts/getAll
2026-07-02 13:43:30 [http-nio-8081-exec-10] DEBUG o.s.security.web.FilterChainProxy - Securing GET /api/v1/follow/counts/cb202a3a-1d25-42ea-9eee-67c7c85b9ef1
2026-07-02 13:43:30 [http-nio-8081-exec-10] DEBUG o.s.security.web.FilterChainProxy - Secured GET /api/v1/follow/counts/cb202a3a-1d25-42ea-9eee-67c7c85b9ef1
2026-07-02 13:43:30 [http-nio-8081-exec-5] DEBUG o.s.security.web.FilterChainProxy - Securing GET /api/v1/follow/counts/cb202a3a-1d25-42ea-9eee-67c7c85b9ef1
2026-07-02 13:43:30 [http-nio-8081-exec-5] DEBUG o.s.security.web.FilterChainProxy - Secured GET /api/v1/follow/counts/cb202a3a-1d25-42ea-9eee-67c7c85b9ef1
2026-07-02 13:43:30 [http-nio-8081-exec-7] DEBUG o.s.security.web.FilterChainProxy - Securing GET /api/v1/follow/status?followerId=0fb7edf3-c49a-4549-88c5-4999314a331e&followingId=cb202a3a-1d25-42ea-9eee-67c7c85b9ef1
2026-07-02 13:43:30 [http-nio-8081-exec-7] DEBUG o.s.security.web.FilterChainProxy - Secured GET /api/v1/follow/status?followerId=0fb7edf3-c49a-4549-88c5-4999314a331e&followingId=cb202a3a-1d25-42ea-9eee-67c7c85b9ef1
2026-07-02 13:43:30 [http-nio-8081-exec-6] DEBUG o.s.security.web.FilterChainProxy - Securing GET /api/v1/follow/status?followerId=0fb7edf3-c49a-4549-88c5-4999314a331e&followingId=cb202a3a-1d25-42ea-9eee-67c7c85b9ef1
2026-07-02 13:43:30 [http-nio-8081-exec-6] DEBUG o.s.security.web.FilterChainProxy - Secured GET /api/v1/follow/status?followerId=0fb7edf3-c49a-4549-88c5-4999314a331e&followingId=cb202a3a-1d25-42ea-9eee-67c7c85b9ef1
2026-07-02 13:43:37 [http-nio-8081-exec-1] DEBUG o.s.security.web.FilterChainProxy - Securing GET /api/v1/posts/getAll?size=20&page=0&viewerId=0fb7edf3-c49a-4549-88c5-4999314a331e
2026-07-02 13:43:37 [http-nio-8081-exec-5] DEBUG o.s.security.web.FilterChainProxy - Securing GET /api/locations?size=10000
2026-07-02 13:43:37 [http-nio-8081-exec-7] DEBUG o.s.security.web.FilterChainProxy - Securing GET /users/getall?size=50
2026-07-02 13:43:37 [http-nio-8081-exec-1] DEBUG o.s.security.web.FilterChainProxy - Secured GET /api/v1/posts/getAll?size=20&page=0&viewerId=0fb7edf3-c49a-4549-88c5-4999314a331e
2026-07-02 13:43:37 [http-nio-8081-exec-7] DEBUG o.s.security.web.FilterChainProxy - Secured GET /users/getall?size=50
2026-07-02 13:43:37 [http-nio-8081-exec-5] DEBUG o.s.security.web.FilterChainProxy - Secured GET /api/locations?size=10000
2026-07-02 13:43:37 [http-nio-8081-exec-6] DEBUG o.s.security.web.FilterChainProxy - Securing GET /api/locations?size=10000
2026-07-02 13:43:37 [http-nio-8081-exec-6] DEBUG o.s.security.web.FilterChainProxy - Secured GET /api/locations?size=10000
2026-07-02 13:43:37 [http-nio-8081-exec-9] DEBUG o.s.security.web.FilterChainProxy - Securing GET /api/v1/follow/following-ids/0fb7edf3-c49a-4549-88c5-4999314a331e
2026-07-02 13:43:37 [http-nio-8081-exec-9] DEBUG o.s.security.web.FilterChainProxy - Secured GET /api/v1/follow/following-ids/0fb7edf3-c49a-4549-88c5-4999314a331e
2026-07-02 13:43:37 [http-nio-8081-exec-4] DEBUG o.s.security.web.FilterChainProxy - Securing GET /users/getall?size=50
2026-07-02 13:43:37 [http-nio-8081-exec-4] DEBUG o.s.security.web.FilterChainProxy - Secured GET /users/getall?size=50
2026-07-02 13:43:37 [http-nio-8081-exec-2] DEBUG o.s.security.web.FilterChainProxy - Securing GET /api/v1/posts/getAll?size=20&page=0&viewerId=0fb7edf3-c49a-4549-88c5-4999314a331e
2026-07-02 13:43:37 [http-nio-8081-exec-2] DEBUG o.s.security.web.FilterChainProxy - Secured GET /api/v1/posts/getAll?size=20&page=0&viewerId=0fb7edf3-c49a-4549-88c5-4999314a331e
2026-07-02 13:43:43 [http-nio-8081-exec-3] DEBUG o.s.security.web.FilterChainProxy - Securing GET /api/v1/comments/post/a36cd392-2aa5-4c70-aaa7-b491c7a9166d
2026-07-02 13:43:43 [http-nio-8081-exec-9] DEBUG o.s.security.web.FilterChainProxy - Securing GET /api/v1/posts/a36cd392-2aa5-4c70-aaa7-b491c7a9166d?viewerId=0fb7edf3-c49a-4549-88c5-4999314a331e
2026-07-02 13:43:43 [http-nio-8081-exec-3] DEBUG o.s.security.web.FilterChainProxy - Secured GET /api/v1/comments/post/a36cd392-2aa5-4c70-aaa7-b491c7a9166d
2026-07-02 13:43:43 [http-nio-8081-exec-9] DEBUG o.s.security.web.FilterChainProxy - Secured GET /api/v1/posts/a36cd392-2aa5-4c70-aaa7-b491c7a9166d?viewerId=0fb7edf3-c49a-4549-88c5-4999314a331e
2026-07-02 13:43:43 [http-nio-8081-exec-7] DEBUG o.s.security.web.FilterChainProxy - Securing GET /api/v1/posts/a36cd392-2aa5-4c70-aaa7-b491c7a9166d?viewerId=0fb7edf3-c49a-4549-88c5-4999314a331e
2026-07-02 13:43:43 [http-nio-8081-exec-4] DEBUG o.s.security.web.FilterChainProxy - Securing GET /api/v1/comments/post/a36cd392-2aa5-4c70-aaa7-b491c7a9166d
2026-07-02 13:43:43 [http-nio-8081-exec-4] DEBUG o.s.security.web.FilterChainProxy - Secured GET /api/v1/comments/post/a36cd392-2aa5-4c70-aaa7-b491c7a9166d
2026-07-02 13:43:43 [http-nio-8081-exec-7] DEBUG o.s.security.web.FilterChainProxy - Secured GET /api/v1/posts/a36cd392-2aa5-4c70-aaa7-b491c7a9166d?viewerId=0fb7edf3-c49a-4549-88c5-4999314a331e
2026-07-02 13:43:43 [http-nio-8081-exec-10] DEBUG o.s.security.web.FilterChainProxy - Securing GET /api/v1/follow/status?followerId=0fb7edf3-c49a-4549-88c5-4999314a331e&followingId=0fb7edf3-c49a-4549-88c5-4999314a331e
2026-07-02 13:43:43 [http-nio-8081-exec-10] DEBUG o.s.security.web.FilterChainProxy - Secured GET /api/v1/follow/status?followerId=0fb7edf3-c49a-4549-88c5-4999314a331e&followingId=0fb7edf3-c49a-4549-88c5-4999314a331e
2026-07-02 13:43:43 [http-nio-8081-exec-8] DEBUG o.s.security.web.FilterChainProxy - Securing GET /api/v1/follow/status?followerId=0fb7edf3-c49a-4549-88c5-4999314a331e&followingId=0fb7edf3-c49a-4549-88c5-4999314a331e
2026-07-02 13:43:43 [http-nio-8081-exec-8] DEBUG o.s.security.web.FilterChainProxy - Secured GET /api/v1/follow/status?followerId=0fb7edf3-c49a-4549-88c5-4999314a331e&followingId=0fb7edf3-c49a-4549-88c5-4999314a331e
2026-07-02 13:43:48 [http-nio-8081-exec-2] DEBUG o.s.security.web.FilterChainProxy - Securing GET /api/v1/posts/getAll?size=20&page=0&viewerId=0fb7edf3-c49a-4549-88c5-4999314a331e
2026-07-02 13:43:48 [http-nio-8081-exec-1] DEBUG o.s.security.web.FilterChainProxy - Securing GET /users/getall?size=50
2026-07-02 13:43:48 [http-nio-8081-exec-7] DEBUG o.s.security.web.FilterChainProxy - Securing GET /api/locations?size=10000
2026-07-02 13:43:48 [http-nio-8081-exec-7] DEBUG o.s.security.web.FilterChainProxy - Secured GET /api/locations?size=10000
2026-07-02 13:43:48 [http-nio-8081-exec-2] DEBUG o.s.security.web.FilterChainProxy - Secured GET /api/v1/posts/getAll?size=20&page=0&viewerId=0fb7edf3-c49a-4549-88c5-4999314a331e
2026-07-02 13:43:48 [http-nio-8081-exec-1] DEBUG o.s.security.web.FilterChainProxy - Secured GET /users/getall?size=50
2026-07-02 13:43:48 [http-nio-8081-exec-10] DEBUG o.s.security.web.FilterChainProxy - Securing GET /api/locations?size=10000
2026-07-02 13:43:48 [http-nio-8081-exec-10] DEBUG o.s.security.web.FilterChainProxy - Secured GET /api/locations?size=10000
2026-07-02 13:43:48 [http-nio-8081-exec-4] DEBUG o.s.security.web.FilterChainProxy - Securing GET /api/v1/follow/following-ids/0fb7edf3-c49a-4549-88c5-4999314a331e
2026-07-02 13:43:48 [http-nio-8081-exec-4] DEBUG o.s.security.web.FilterChainProxy - Secured GET /api/v1/follow/following-ids/0fb7edf3-c49a-4549-88c5-4999314a331e
2026-07-02 13:43:48 [http-nio-8081-exec-6] DEBUG o.s.security.web.FilterChainProxy - Securing GET /users/getall?size=50
2026-07-02 13:43:48 [http-nio-8081-exec-6] DEBUG o.s.security.web.FilterChainProxy - Secured GET /users/getall?size=50
2026-07-02 13:43:49 [http-nio-8081-exec-5] DEBUG o.s.security.web.FilterChainProxy - Securing GET /api/v1/posts/getAll?size=20&page=0&viewerId=0fb7edf3-c49a-4549-88c5-4999314a331e
2026-07-02 13:43:49 [http-nio-8081-exec-5] DEBUG o.s.security.web.FilterChainProxy - Secured GET /api/v1/posts/getAll?size=20&page=0&viewerId=0fb7edf3-c49a-4549-88c5-4999314a331e
2026-07-02 13:43:52 [http-nio-8081-exec-3] DEBUG o.s.security.web.FilterChainProxy - Securing GET /api/locations?size=10000
2026-07-02 13:43:52 [http-nio-8081-exec-3] DEBUG o.s.security.web.FilterChainProxy - Secured GET /api/locations?size=10000
2026-07-02 13:43:52 [http-nio-8081-exec-7] DEBUG o.s.security.web.FilterChainProxy - Securing GET /api/v1/posts/getAll?size=200
2026-07-02 13:43:52 [http-nio-8081-exec-7] DEBUG o.s.security.web.FilterChainProxy - Secured GET /api/v1/posts/getAll?size=200
2026-07-02 13:43:52 [http-nio-8081-exec-10] DEBUG o.s.security.web.FilterChainProxy - Securing GET /api/locations?size=10000
2026-07-02 13:43:52 [http-nio-8081-exec-10] DEBUG o.s.security.web.FilterChainProxy - Secured GET /api/locations?size=10000
2026-07-02 13:43:52 [http-nio-8081-exec-8] DEBUG o.s.security.web.FilterChainProxy - Securing GET /api/v1/posts/getAll?size=200
2026-07-02 13:43:52 [http-nio-8081-exec-8] DEBUG o.s.security.web.FilterChainProxy - Secured GET /api/v1/posts/getAll?size=200
2026-07-02 13:43:56 [http-nio-8081-exec-1] DEBUG o.s.security.web.FilterChainProxy - Securing GET /api/vietmap/proxy?path=api/search/v3&text=mos&size=5
2026-07-02 13:43:56 [http-nio-8081-exec-1] DEBUG o.s.security.web.FilterChainProxy - Secured GET /api/vietmap/proxy?path=api/search/v3&text=mos&size=5
2026-07-02 13:43:57 [http-nio-8081-exec-2] DEBUG o.s.security.web.FilterChainProxy - Securing GET /api/vietmap/proxy?path=api/search/v3&text=moscow&size=5
2026-07-02 13:43:57 [http-nio-8081-exec-2] DEBUG o.s.security.web.FilterChainProxy - Secured GET /api/vietmap/proxy?path=api/search/v3&text=moscow&size=5
2026-07-02 13:43:59 [http-nio-8081-exec-9] DEBUG o.s.security.web.FilterChainProxy - Securing GET /api/vietmap/proxy?path=api/search/v3&text=mosco&size=5
2026-07-02 13:43:59 [http-nio-8081-exec-9] DEBUG o.s.security.web.FilterChainProxy - Secured GET /api/vietmap/proxy?path=api/search/v3&text=mosco&size=5
2026-07-02 13:44:01 [http-nio-8081-exec-10] DEBUG o.s.security.web.FilterChainProxy - Securing GET /api/vietmap/proxy?path=api/search/v3&text=nga&size=5
2026-07-02 13:44:01 [http-nio-8081-exec-10] DEBUG o.s.security.web.FilterChainProxy - Secured GET /api/vietmap/proxy?path=api/search/v3&text=nga&size=5
2026-07-02 13:44:11 [http-nio-8081-exec-5] DEBUG o.s.security.web.FilterChainProxy - Securing GET /api/locations?size=10000
2026-07-02 13:44:11 [http-nio-8081-exec-6] DEBUG o.s.security.web.FilterChainProxy - Securing GET /users/getall?size=50
2026-07-02 13:44:11 [http-nio-8081-exec-2] DEBUG o.s.security.web.FilterChainProxy - Securing GET /api/v1/posts/getAll?size=20&page=0
2026-07-02 13:44:11 [http-nio-8081-exec-9] DEBUG o.s.security.web.FilterChainProxy - Securing GET /users/me
2026-07-02 13:44:11 [http-nio-8081-exec-5] DEBUG o.s.security.web.FilterChainProxy - Secured GET /api/locations?size=10000
2026-07-02 13:44:11 [http-nio-8081-exec-9] DEBUG o.s.security.web.FilterChainProxy - Secured GET /users/me
2026-07-02 13:44:11 [http-nio-8081-exec-6] DEBUG o.s.security.web.FilterChainProxy - Secured GET /users/getall?size=50
2026-07-02 13:44:11 [http-nio-8081-exec-2] DEBUG o.s.security.web.FilterChainProxy - Secured GET /api/v1/posts/getAll?size=20&page=0
2026-07-02 13:44:11 [http-nio-8081-exec-7] DEBUG o.s.security.web.FilterChainProxy - Securing GET /api/v1/notifications/unread-count
2026-07-02 13:44:11 [http-nio-8081-exec-8] DEBUG o.s.security.web.FilterChainProxy - Securing GET /users/getall?size=50
2026-07-02 13:44:11 [http-nio-8081-exec-7] DEBUG o.s.security.web.FilterChainProxy - Secured GET /api/v1/notifications/unread-count
2026-07-02 13:44:11 [http-nio-8081-exec-8] DEBUG o.s.security.web.FilterChainProxy - Secured GET /users/getall?size=50
2026-07-02 13:44:11 [http-nio-8081-exec-9] DEBUG o.s.security.web.FilterChainProxy - Securing GET /api/locations?size=10000
2026-07-02 13:44:11 [http-nio-8081-exec-9] DEBUG o.s.security.web.FilterChainProxy - Secured GET /api/locations?size=10000
2026-07-02 13:44:11 [http-nio-8081-exec-6] DEBUG o.s.security.web.FilterChainProxy - Securing GET /api/v1/follow/following-ids/0fb7edf3-c49a-4549-88c5-4999314a331e
2026-07-02 13:44:11 [http-nio-8081-exec-5] DEBUG o.s.security.web.FilterChainProxy - Securing GET /api/v1/posts/getAll?size=20&page=0&viewerId=0fb7edf3-c49a-4549-88c5-4999314a331e
2026-07-02 13:44:11 [http-nio-8081-exec-6] DEBUG o.s.security.web.FilterChainProxy - Secured GET /api/v1/follow/following-ids/0fb7edf3-c49a-4549-88c5-4999314a331e
2026-07-02 13:44:11 [http-nio-8081-exec-5] DEBUG o.s.security.web.FilterChainProxy - Secured GET /api/v1/posts/getAll?size=20&page=0&viewerId=0fb7edf3-c49a-4549-88c5-4999314a331e
2026-07-02 13:44:11 [http-nio-8081-exec-2] DEBUG o.s.security.web.FilterChainProxy - Securing GET /api/v1/notifications/unread-count
2026-07-02 13:44:11 [http-nio-8081-exec-2] DEBUG o.s.security.web.FilterChainProxy - Secured GET /api/v1/notifications/unread-count
2026-07-02 13:44:11 [http-nio-8081-exec-3] DEBUG o.s.security.web.FilterChainProxy - Securing GET /api/v1/notifications/stream?token=eyJhbGciOiJIUzI1NiJ9.eyJzdWIiOiJUdW5hLWFkbWluIiwicGVybWlzc2lvbnMiOlsiUk9MRV9BRE1JTiJdLCJpc3MiOiJkZXZ0ZXJpYS5jb20iLCJleHAiOjE3Nzk1MjAyNzUsImlhdCI6MTc3OTUxMzA3NSwidXNlcklkIjoiMGZiN2VkZjMtYzQ5YS00NTQ5LTg4YzUtNDk5OTMxNGEzMzFlIn0.bJu3f8N3VUhzhAlzxn07v98jJkgoo3H20isKAEyAScU
2026-07-02 13:44:11 [http-nio-8081-exec-3] DEBUG o.s.security.web.FilterChainProxy - Secured GET /api/v1/notifications/stream?token=eyJhbGciOiJIUzI1NiJ9.eyJzdWIiOiJUdW5hLWFkbWluIiwicGVybWlzc2lvbnMiOlsiUk9MRV9BRE1JTiJdLCJpc3MiOiJkZXZ0ZXJpYS5jb20iLCJleHAiOjE3Nzk1MjAyNzUsImlhdCI6MTc3OTUxMzA3NSwidXNlcklkIjoiMGZiN2VkZjMtYzQ5YS00NTQ5LTg4YzUtNDk5OTMxNGEzMzFlIn0.bJu3f8N3VUhzhAlzxn07v98jJkgoo3H20isKAEyAScU
2026-07-02 13:44:11 [http-nio-8081-exec-4] DEBUG o.s.security.web.FilterChainProxy - Securing GET /chat/conversations
2026-07-02 13:44:11 [http-nio-8081-exec-4] DEBUG o.s.security.web.FilterChainProxy - Secured GET /chat/conversations
2026-07-02 13:44:11 [http-nio-8081-exec-7] DEBUG o.s.security.web.FilterChainProxy - Securing GET /chat/conversations
2026-07-02 13:44:11 [http-nio-8081-exec-7] DEBUG o.s.security.web.FilterChainProxy - Secured GET /chat/conversations
2026-07-02 13:44:19 [http-nio-8081-exec-2] DEBUG o.s.security.web.FilterChainProxy - Securing GET /api/locations?size=10000
2026-07-02 13:44:19 [http-nio-8081-exec-2] DEBUG o.s.security.web.FilterChainProxy - Secured GET /api/locations?size=10000
2026-07-02 13:44:19 [http-nio-8081-exec-3] DEBUG o.s.security.web.FilterChainProxy - Securing GET /api/v1/posts/getAll?size=200
2026-07-02 13:44:19 [http-nio-8081-exec-3] DEBUG o.s.security.web.FilterChainProxy - Secured GET /api/v1/posts/getAll?size=200
2026-07-02 13:44:19 [http-nio-8081-exec-10] DEBUG o.s.security.web.FilterChainProxy - Securing GET /api/locations?size=10000
2026-07-02 13:44:19 [http-nio-8081-exec-10] DEBUG o.s.security.web.FilterChainProxy - Secured GET /api/locations?size=10000
2026-07-02 13:44:19 [http-nio-8081-exec-1] DEBUG o.s.security.web.FilterChainProxy - Securing GET /api/v1/posts/getAll?size=200
2026-07-02 13:44:19 [http-nio-8081-exec-1] DEBUG o.s.security.web.FilterChainProxy - Secured GET /api/v1/posts/getAll?size=200
2026-07-02 13:44:23 [http-nio-8081-exec-8] DEBUG o.s.security.web.FilterChainProxy - Securing GET /api/vietmap/proxy?path=api/search/v3&text=nga&size=5
2026-07-02 13:44:23 [http-nio-8081-exec-8] DEBUG o.s.security.web.FilterChainProxy - Secured GET /api/vietmap/proxy?path=api/search/v3&text=nga&size=5
2026-07-02 13:44:56 [http-nio-8081-exec-9] DEBUG o.s.security.web.FilterChainProxy - Securing GET /api/v1/posts/getAll?size=20&page=0
2026-07-02 13:44:56 [http-nio-8081-exec-6] DEBUG o.s.security.web.FilterChainProxy - Securing GET /users/getall?size=50
2026-07-02 13:44:56 [http-nio-8081-exec-9] DEBUG o.s.security.web.FilterChainProxy - Secured GET /api/v1/posts/getAll?size=20&page=0
2026-07-02 13:44:56 [http-nio-8081-exec-6] DEBUG o.s.security.web.FilterChainProxy - Secured GET /users/getall?size=50
2026-07-02 13:44:56 [http-nio-8081-exec-1] DEBUG o.s.security.web.FilterChainProxy - Securing GET /users/me
2026-07-02 13:44:56 [http-nio-8081-exec-3] DEBUG o.s.security.web.FilterChainProxy - Securing GET /api/locations?size=10000
2026-07-02 13:44:56 [http-nio-8081-exec-1] DEBUG o.s.security.web.FilterChainProxy - Secured GET /users/me
2026-07-02 13:44:56 [http-nio-8081-exec-3] DEBUG o.s.security.web.FilterChainProxy - Secured GET /api/locations?size=10000
2026-07-02 13:44:56 [http-nio-8081-exec-8] DEBUG o.s.security.web.FilterChainProxy - Securing GET /api/v1/notifications/unread-count
2026-07-02 13:44:56 [http-nio-8081-exec-8] DEBUG o.s.security.web.FilterChainProxy - Secured GET /api/v1/notifications/unread-count
2026-07-02 13:44:56 [http-nio-8081-exec-7] DEBUG o.s.security.web.FilterChainProxy - Securing GET /users/getall?size=50
2026-07-02 13:44:56 [http-nio-8081-exec-7] DEBUG o.s.security.web.FilterChainProxy - Secured GET /users/getall?size=50
2026-07-02 13:44:56 [http-nio-8081-exec-10] DEBUG o.s.security.web.FilterChainProxy - Securing GET /api/locations?size=10000
2026-07-02 13:44:56 [http-nio-8081-exec-2] DEBUG o.s.security.web.FilterChainProxy - Securing GET /api/v1/posts/getAll?size=20&page=0&viewerId=0fb7edf3-c49a-4549-88c5-4999314a331e
2026-07-02 13:44:56 [http-nio-8081-exec-10] DEBUG o.s.security.web.FilterChainProxy - Secured GET /api/locations?size=10000
2026-07-02 13:44:56 [http-nio-8081-exec-2] DEBUG o.s.security.web.FilterChainProxy - Secured GET /api/v1/posts/getAll?size=20&page=0&viewerId=0fb7edf3-c49a-4549-88c5-4999314a331e
2026-07-02 13:44:56 [http-nio-8081-exec-1] DEBUG o.s.security.web.FilterChainProxy - Securing GET /api/v1/follow/following-ids/0fb7edf3-c49a-4549-88c5-4999314a331e
2026-07-02 13:44:56 [http-nio-8081-exec-1] DEBUG o.s.security.web.FilterChainProxy - Secured GET /api/v1/follow/following-ids/0fb7edf3-c49a-4549-88c5-4999314a331e
2026-07-02 13:44:56 [http-nio-8081-exec-6] DEBUG o.s.security.web.FilterChainProxy - Securing GET /api/v1/notifications/unread-count
2026-07-02 13:44:56 [http-nio-8081-exec-6] DEBUG o.s.security.web.FilterChainProxy - Secured GET /api/v1/notifications/unread-count
2026-07-02 13:44:57 [http-nio-8081-exec-9] DEBUG o.s.security.web.FilterChainProxy - Securing GET /api/v1/notifications/stream?token=eyJhbGciOiJIUzI1NiJ9.eyJzdWIiOiJUdW5hLWFkbWluIiwicGVybWlzc2lvbnMiOlsiUk9MRV9BRE1JTiJdLCJpc3MiOiJkZXZ0ZXJpYS5jb20iLCJleHAiOjE3Nzk1MjAyNzUsImlhdCI6MTc3OTUxMzA3NSwidXNlcklkIjoiMGZiN2VkZjMtYzQ5YS00NTQ5LTg4YzUtNDk5OTMxNGEzMzFlIn0.bJu3f8N3VUhzhAlzxn07v98jJkgoo3H20isKAEyAScU
2026-07-02 13:44:57 [http-nio-8081-exec-9] DEBUG o.s.security.web.FilterChainProxy - Secured GET /api/v1/notifications/stream?token=eyJhbGciOiJIUzI1NiJ9.eyJzdWIiOiJUdW5hLWFkbWluIiwicGVybWlzc2lvbnMiOlsiUk9MRV9BRE1JTiJdLCJpc3MiOiJkZXZ0ZXJpYS5jb20iLCJleHAiOjE3Nzk1MjAyNzUsImlhdCI6MTc3OTUxMzA3NSwidXNlcklkIjoiMGZiN2VkZjMtYzQ5YS00NTQ5LTg4YzUtNDk5OTMxNGEzMzFlIn0.bJu3f8N3VUhzhAlzxn07v98jJkgoo3H20isKAEyAScU
2026-07-02 13:44:57 [http-nio-8081-exec-3] DEBUG o.s.security.web.FilterChainProxy - Securing GET /chat/conversations
2026-07-02 13:44:57 [http-nio-8081-exec-3] DEBUG o.s.security.web.FilterChainProxy - Secured GET /chat/conversations
2026-07-02 13:44:57 [http-nio-8081-exec-8] DEBUG o.s.security.web.FilterChainProxy - Securing GET /chat/conversations
2026-07-02 13:44:57 [http-nio-8081-exec-8] DEBUG o.s.security.web.FilterChainProxy - Secured GET /chat/conversations
2026-07-02 13:44:59 [http-nio-8081-exec-10] DEBUG o.s.security.web.FilterChainProxy - Securing GET /api/locations?size=10000
2026-07-02 13:44:59 [http-nio-8081-exec-10] DEBUG o.s.security.web.FilterChainProxy - Secured GET /api/locations?size=10000
2026-07-02 13:44:59 [http-nio-8081-exec-6] DEBUG o.s.security.web.FilterChainProxy - Securing GET /api/v1/posts/getAll?size=200
2026-07-02 13:44:59 [http-nio-8081-exec-6] DEBUG o.s.security.web.FilterChainProxy - Secured GET /api/v1/posts/getAll?size=200
2026-07-02 13:45:00 [http-nio-8081-exec-9] DEBUG o.s.security.web.FilterChainProxy - Securing GET /api/locations?size=10000
2026-07-02 13:45:00 [http-nio-8081-exec-9] DEBUG o.s.security.web.FilterChainProxy - Secured GET /api/locations?size=10000
2026-07-02 13:45:00 [http-nio-8081-exec-4] DEBUG o.s.security.web.FilterChainProxy - Securing GET /api/v1/posts/getAll?size=200
2026-07-02 13:45:00 [http-nio-8081-exec-4] DEBUG o.s.security.web.FilterChainProxy - Secured GET /api/v1/posts/getAll?size=200
2026-07-02 13:47:25 [http-nio-8081-exec-10] DEBUG o.s.security.web.FilterChainProxy - Securing GET /api/vietmap/proxy?path=api/search/v3&text=h%C3%A0%20n%E1%BB%99i&size=5
2026-07-02 13:47:25 [http-nio-8081-exec-10] DEBUG o.s.security.web.FilterChainProxy - Secured GET /api/vietmap/proxy?path=api/search/v3&text=h%C3%A0%20n%E1%BB%99i&size=5
2026-07-02 13:47:26 [http-nio-8081-exec-6] DEBUG o.s.security.web.FilterChainProxy - Securing GET /api/vietmap/proxy?path=api/search/v3&text=h%C3%A0%20n%E1%BB%99&size=5
2026-07-02 13:47:26 [http-nio-8081-exec-6] DEBUG o.s.security.web.FilterChainProxy - Secured GET /api/vietmap/proxy?path=api/search/v3&text=h%C3%A0%20n%E1%BB%99&size=5
2026-07-02 13:47:30 [http-nio-8081-exec-5] DEBUG o.s.security.web.FilterChainProxy - Securing GET /api/vietmap/proxy?path=api/search/v3&text=h%C3%B2a%20binh&size=5
2026-07-02 13:47:30 [http-nio-8081-exec-5] DEBUG o.s.security.web.FilterChainProxy - Secured GET /api/vietmap/proxy?path=api/search/v3&text=h%C3%B2a%20binh&size=5
2026-07-02 13:47:35 [http-nio-8081-exec-3] DEBUG o.s.security.web.FilterChainProxy - Securing GET /api/vietmap/proxy?path=api/search/v3&text=h%C3%B2ab%20inh&size=5
2026-07-02 13:47:35 [http-nio-8081-exec-3] DEBUG o.s.security.web.FilterChainProxy - Secured GET /api/vietmap/proxy?path=api/search/v3&text=h%C3%B2ab%20inh&size=5
2026-07-02 13:47:38 [http-nio-8081-exec-8] DEBUG o.s.security.web.FilterChainProxy - Securing GET /api/vietmap/proxy?path=api/search/v3&text=h%C3%B2a%20bin&size=5
2026-07-02 13:47:38 [http-nio-8081-exec-8] DEBUG o.s.security.web.FilterChainProxy - Secured GET /api/vietmap/proxy?path=api/search/v3&text=h%C3%B2a%20bin&size=5
2026-07-02 13:47:39 [http-nio-8081-exec-10] DEBUG o.s.security.web.FilterChainProxy - Securing GET /api/vietmap/proxy?path=api/search/v3&text=h%C3%B2a%20b%C3%ACnh&size=5
2026-07-02 13:47:39 [http-nio-8081-exec-10] DEBUG o.s.security.web.FilterChainProxy - Secured GET /api/vietmap/proxy?path=api/search/v3&text=h%C3%B2a%20b%C3%ACnh&size=5
2026-07-02 13:47:46 [http-nio-8081-exec-6] DEBUG o.s.security.web.FilterChainProxy - Securing GET /api/vietmap/proxy?path=api/search/v3&text=h%C3%B2a%20b%C3%ACnh&size=5
2026-07-02 13:47:46 [http-nio-8081-exec-6] DEBUG o.s.security.web.FilterChainProxy - Secured GET /api/vietmap/proxy?path=api/search/v3&text=h%C3%B2a%20b%C3%ACnh&size=5
2026-07-02 13:47:52 [http-nio-8081-exec-5] DEBUG o.s.security.web.FilterChainProxy - Securing GET /api/vietmap/proxy?path=api/search/v3&text=han&size=5
2026-07-02 13:47:52 [http-nio-8081-exec-5] DEBUG o.s.security.web.FilterChainProxy - Secured GET /api/vietmap/proxy?path=api/search/v3&text=han&size=5
2026-07-02 13:47:53 [http-nio-8081-exec-3] DEBUG o.s.security.web.FilterChainProxy - Securing GET /api/vietmap/proxy?path=api/search/v3&text=h%C3%A0%20n%E1%BB%99i&size=5
2026-07-02 13:47:53 [http-nio-8081-exec-3] DEBUG o.s.security.web.FilterChainProxy - Secured GET /api/vietmap/proxy?path=api/search/v3&text=h%C3%A0%20n%E1%BB%99i&size=5
2026-07-02 13:49:57 [http-nio-8081-exec-1] DEBUG o.s.security.web.FilterChainProxy - Securing GET /api/v1/notifications/unread-count
2026-07-02 13:49:57 [http-nio-8081-exec-1] DEBUG o.s.security.web.FilterChainProxy - Secured GET /api/v1/notifications/unread-count
2026-07-02 13:50:19 [http-nio-8081-exec-6] DEBUG o.s.security.web.FilterChainProxy - Securing GET /api/locations?size=10000
2026-07-02 13:50:19 [http-nio-8081-exec-6] DEBUG o.s.security.web.FilterChainProxy - Secured GET /api/locations?size=10000
2026-07-02 13:50:19 [http-nio-8081-exec-4] DEBUG o.s.security.web.FilterChainProxy - Securing GET /api/v1/posts/getAll?size=200
2026-07-02 13:50:19 [http-nio-8081-exec-4] DEBUG o.s.security.web.FilterChainProxy - Secured GET /api/v1/posts/getAll?size=200
2026-07-02 13:50:19 [http-nio-8081-exec-5] DEBUG o.s.security.web.FilterChainProxy - Securing GET /api/locations?size=10000
2026-07-02 13:50:19 [http-nio-8081-exec-5] DEBUG o.s.security.web.FilterChainProxy - Secured GET /api/locations?size=10000
2026-07-02 13:50:19 [http-nio-8081-exec-7] DEBUG o.s.security.web.FilterChainProxy - Securing GET /api/v1/posts/getAll?size=200
2026-07-02 13:50:19 [http-nio-8081-exec-7] DEBUG o.s.security.web.FilterChainProxy - Secured GET /api/v1/posts/getAll?size=200
2026-07-02 13:54:57 [http-nio-8081-exec-1] DEBUG o.s.security.web.FilterChainProxy - Securing GET /api/v1/notifications/unread-count
2026-07-02 13:54:57 [http-nio-8081-exec-1] DEBUG o.s.security.web.FilterChainProxy - Secured GET /api/v1/notifications/unread-count
2026-07-02 13:56:38 [http-nio-8081-exec-6] DEBUG o.s.security.web.FilterChainProxy - Securing GET /users/me
2026-07-02 13:56:38 [http-nio-8081-exec-6] DEBUG o.s.security.web.FilterChainProxy - Secured GET /users/me
2026-07-02 13:56:38 [http-nio-8081-exec-7] DEBUG o.s.security.web.FilterChainProxy - Securing GET /api/locations?size=10000
2026-07-02 13:56:38 [http-nio-8081-exec-7] DEBUG o.s.security.web.FilterChainProxy - Secured GET /api/locations?size=10000
2026-07-02 13:56:38 [http-nio-8081-exec-3] DEBUG o.s.security.web.FilterChainProxy - Securing GET /api/v1/posts/getAll?size=200
2026-07-02 13:56:38 [http-nio-8081-exec-3] DEBUG o.s.security.web.FilterChainProxy - Secured GET /api/v1/posts/getAll?size=200
2026-07-02 13:56:38 [http-nio-8081-exec-8] DEBUG o.s.security.web.FilterChainProxy - Securing GET /api/v1/notifications/unread-count
2026-07-02 13:56:38 [http-nio-8081-exec-8] DEBUG o.s.security.web.FilterChainProxy - Secured GET /api/v1/notifications/unread-count
2026-07-02 13:56:38 [http-nio-8081-exec-1] DEBUG o.s.security.web.FilterChainProxy - Securing GET /api/v1/notifications/unread-count
2026-07-02 13:56:38 [http-nio-8081-exec-1] DEBUG o.s.security.web.FilterChainProxy - Secured GET /api/v1/notifications/unread-count
2026-07-02 13:56:38 [http-nio-8081-exec-10] DEBUG o.s.security.web.FilterChainProxy - Securing GET /api/v1/notifications/stream?token=eyJhbGciOiJIUzI1NiJ9.eyJzdWIiOiJUdW5hLWFkbWluIiwicGVybWlzc2lvbnMiOlsiUk9MRV9BRE1JTiJdLCJpc3MiOiJkZXZ0ZXJpYS5jb20iLCJleHAiOjE3Nzk1MjAyNzUsImlhdCI6MTc3OTUxMzA3NSwidXNlcklkIjoiMGZiN2VkZjMtYzQ5YS00NTQ5LTg4YzUtNDk5OTMxNGEzMzFlIn0.bJu3f8N3VUhzhAlzxn07v98jJkgoo3H20isKAEyAScU
2026-07-02 13:56:38 [http-nio-8081-exec-10] DEBUG o.s.security.web.FilterChainProxy - Secured GET /api/v1/notifications/stream?token=eyJhbGciOiJIUzI1NiJ9.eyJzdWIiOiJUdW5hLWFkbWluIiwicGVybWlzc2lvbnMiOlsiUk9MRV9BRE1JTiJdLCJpc3MiOiJkZXZ0ZXJpYS5jb20iLCJleHAiOjE3Nzk1MjAyNzUsImlhdCI6MTc3OTUxMzA3NSwidXNlcklkIjoiMGZiN2VkZjMtYzQ5YS00NTQ5LTg4YzUtNDk5OTMxNGEzMzFlIn0.bJu3f8N3VUhzhAlzxn07v98jJkgoo3H20isKAEyAScU
2026-07-02 13:56:38 [http-nio-8081-exec-5] DEBUG o.s.security.web.FilterChainProxy - Securing GET /chat/conversations
2026-07-02 13:56:38 [http-nio-8081-exec-5] DEBUG o.s.security.web.FilterChainProxy - Secured GET /chat/conversations
2026-07-02 13:56:38 [http-nio-8081-exec-4] DEBUG o.s.security.web.FilterChainProxy - Securing GET /chat/conversations
2026-07-02 13:56:38 [http-nio-8081-exec-4] DEBUG o.s.security.web.FilterChainProxy - Secured GET /chat/conversations
2026-07-02 13:56:42 [http-nio-8081-exec-3] DEBUG o.s.security.web.FilterChainProxy - Securing GET /api/vietmap/proxy?path=api/search/v3&text=h%C3%B2a%20binh&size=5
2026-07-02 13:56:42 [http-nio-8081-exec-3] DEBUG o.s.security.web.FilterChainProxy - Secured GET /api/vietmap/proxy?path=api/search/v3&text=h%C3%B2a%20binh&size=5
2026-07-02 13:56:48 [http-nio-8081-exec-8] DEBUG o.s.security.web.FilterChainProxy - Securing GET /api/vietmap/proxy?path=api/search/v3&text=h%C3%B2a&size=5
2026-07-02 13:56:48 [http-nio-8081-exec-8] DEBUG o.s.security.web.FilterChainProxy - Secured GET /api/vietmap/proxy?path=api/search/v3&text=h%C3%B2a&size=5
2026-07-02 13:56:50 [http-nio-8081-exec-1] DEBUG o.s.security.web.FilterChainProxy - Securing GET /api/vietmap/proxy?path=api/search/v3&text=h%C3%B2a%20&size=5
2026-07-02 13:56:50 [http-nio-8081-exec-1] DEBUG o.s.security.web.FilterChainProxy - Secured GET /api/vietmap/proxy?path=api/search/v3&text=h%C3%B2a%20&size=5
2026-07-02 13:56:54 [http-nio-8081-exec-6] DEBUG o.s.security.web.FilterChainProxy - Securing GET /api/vietmap/proxy?path=api/search/v3&text=h&size=5
2026-07-02 13:56:54 [http-nio-8081-exec-6] DEBUG o.s.security.web.FilterChainProxy - Secured GET /api/vietmap/proxy?path=api/search/v3&text=h&size=5
2026-07-02 13:56:55 [http-nio-8081-exec-4] DEBUG o.s.security.web.FilterChainProxy - Securing GET /api/vietmap/proxy?path=api/search/v3&text=h%C3%B2a%20&size=5
2026-07-02 13:56:55 [http-nio-8081-exec-4] DEBUG o.s.security.web.FilterChainProxy - Secured GET /api/vietmap/proxy?path=api/search/v3&text=h%C3%B2a%20&size=5
2026-07-02 13:56:57 [http-nio-8081-exec-3] DEBUG o.s.security.web.FilterChainProxy - Securing GET /api/vietmap/proxy?path=api/search/v3&text=h%C3%B2a%20b%C3%ACnh&size=5
2026-07-02 13:56:57 [http-nio-8081-exec-3] DEBUG o.s.security.web.FilterChainProxy - Secured GET /api/vietmap/proxy?path=api/search/v3&text=h%C3%B2a%20b%C3%ACnh&size=5
2026-07-02 14:00:03 [http-nio-8081-exec-1] DEBUG o.s.security.web.FilterChainProxy - Securing GET /users/me
2026-07-02 14:00:03 [http-nio-8081-exec-1] DEBUG o.s.security.web.FilterChainProxy - Secured GET /users/me
2026-07-02 14:00:03 [http-nio-8081-exec-6] DEBUG o.s.security.web.FilterChainProxy - Securing GET /api/locations?size=10000
2026-07-02 14:00:03 [http-nio-8081-exec-6] DEBUG o.s.security.web.FilterChainProxy - Secured GET /api/locations?size=10000
2026-07-02 14:00:03 [http-nio-8081-exec-4] DEBUG o.s.security.web.FilterChainProxy - Securing GET /api/v1/posts/getAll?size=200
2026-07-02 14:00:03 [http-nio-8081-exec-4] DEBUG o.s.security.web.FilterChainProxy - Secured GET /api/v1/posts/getAll?size=200
2026-07-02 14:00:04 [http-nio-8081-exec-3] DEBUG o.s.security.web.FilterChainProxy - Securing GET /api/v1/notifications/unread-count
2026-07-02 14:00:04 [http-nio-8081-exec-3] DEBUG o.s.security.web.FilterChainProxy - Secured GET /api/v1/notifications/unread-count
2026-07-02 14:00:04 [http-nio-8081-exec-2] DEBUG o.s.security.web.FilterChainProxy - Securing GET /api/v1/notifications/unread-count
2026-07-02 14:00:04 [http-nio-8081-exec-2] DEBUG o.s.security.web.FilterChainProxy - Secured GET /api/v1/notifications/unread-count
2026-07-02 14:00:04 [http-nio-8081-exec-8] DEBUG o.s.security.web.FilterChainProxy - Securing GET /api/v1/notifications/stream?token=eyJhbGciOiJIUzI1NiJ9.eyJzdWIiOiJUdW5hLWFkbWluIiwicGVybWlzc2lvbnMiOlsiUk9MRV9BRE1JTiJdLCJpc3MiOiJkZXZ0ZXJpYS5jb20iLCJleHAiOjE3Nzk1MjAyNzUsImlhdCI6MTc3OTUxMzA3NSwidXNlcklkIjoiMGZiN2VkZjMtYzQ5YS00NTQ5LTg4YzUtNDk5OTMxNGEzMzFlIn0.bJu3f8N3VUhzhAlzxn07v98jJkgoo3H20isKAEyAScU
2026-07-02 14:00:04 [http-nio-8081-exec-8] DEBUG o.s.security.web.FilterChainProxy - Secured GET /api/v1/notifications/stream?token=eyJhbGciOiJIUzI1NiJ9.eyJzdWIiOiJUdW5hLWFkbWluIiwicGVybWlzc2lvbnMiOlsiUk9MRV9BRE1JTiJdLCJpc3MiOiJkZXZ0ZXJpYS5jb20iLCJleHAiOjE3Nzk1MjAyNzUsImlhdCI6MTc3OTUxMzA3NSwidXNlcklkIjoiMGZiN2VkZjMtYzQ5YS00NTQ5LTg4YzUtNDk5OTMxNGEzMzFlIn0.bJu3f8N3VUhzhAlzxn07v98jJkgoo3H20isKAEyAScU
2026-07-02 14:00:04 [http-nio-8081-exec-9] DEBUG o.s.security.web.FilterChainProxy - Securing GET /chat/conversations
2026-07-02 14:00:04 [http-nio-8081-exec-9] DEBUG o.s.security.web.FilterChainProxy - Secured GET /chat/conversations
2026-07-02 14:00:04 [http-nio-8081-exec-5] DEBUG o.s.security.web.FilterChainProxy - Securing GET /chat/conversations
2026-07-02 14:00:04 [http-nio-8081-exec-5] DEBUG o.s.security.web.FilterChainProxy - Secured GET /chat/conversations
2026-07-02 14:00:06 [http-nio-8081-exec-4] DEBUG o.s.security.web.FilterChainProxy - Securing GET /api/vietmap/proxy?path=api/search/v3&text=ho&size=5
2026-07-02 14:00:06 [http-nio-8081-exec-4] DEBUG o.s.security.web.FilterChainProxy - Secured GET /api/vietmap/proxy?path=api/search/v3&text=ho&size=5
2026-07-02 14:00:08 [http-nio-8081-exec-3] DEBUG o.s.security.web.FilterChainProxy - Securing GET /api/vietmap/proxy?path=api/search/v3&text=h%C3%B2a%20binhg&size=5
2026-07-02 14:00:08 [http-nio-8081-exec-3] DEBUG o.s.security.web.FilterChainProxy - Secured GET /api/vietmap/proxy?path=api/search/v3&text=h%C3%B2a%20binhg&size=5
2026-07-02 14:00:08 [http-nio-8081-exec-2] DEBUG o.s.security.web.FilterChainProxy - Securing GET /api/vietmap/proxy?path=api/search/v3&text=h%C3%B2a%20binh&size=5
2026-07-02 14:00:08 [http-nio-8081-exec-2] DEBUG o.s.security.web.FilterChainProxy - Secured GET /api/vietmap/proxy?path=api/search/v3&text=h%C3%B2a%20binh&size=5
2026-07-02 14:00:09 [http-nio-8081-exec-1] DEBUG o.s.security.web.FilterChainProxy - Securing GET /api/vietmap/proxy?path=api/search/v3&text=h%C3%B2a%20b%C3%ACnh&size=5
2026-07-02 14:00:09 [http-nio-8081-exec-1] DEBUG o.s.security.web.FilterChainProxy - Secured GET /api/vietmap/proxy?path=api/search/v3&text=h%C3%B2a%20b%C3%ACnh&size=5
2026-07-02 14:00:23 [http-nio-8081-exec-5] DEBUG o.s.security.web.FilterChainProxy - Securing GET /api/vietmap/proxy?path=api/search/v3&text=h%E1%BA%A3i%20po&size=5
2026-07-02 14:00:23 [http-nio-8081-exec-5] DEBUG o.s.security.web.FilterChainProxy - Secured GET /api/vietmap/proxy?path=api/search/v3&text=h%E1%BA%A3i%20po&size=5
2026-07-02 14:00:25 [http-nio-8081-exec-4] DEBUG o.s.security.web.FilterChainProxy - Securing GET /api/vietmap/proxy?path=api/search/v3&text=h%E1%BA%A3i%20ph%C3%B2ng&size=5
2026-07-02 14:00:25 [http-nio-8081-exec-4] DEBUG o.s.security.web.FilterChainProxy - Secured GET /api/vietmap/proxy?path=api/search/v3&text=h%E1%BA%A3i%20ph%C3%B2ng&size=5
2026-07-02 14:00:50 [http-nio-8081-exec-2] DEBUG o.s.security.web.FilterChainProxy - Securing GET /api/v1/posts/getAll?size=200
2026-07-02 14:00:50 [http-nio-8081-exec-8] DEBUG o.s.security.web.FilterChainProxy - Securing GET /api/locations?size=20&page=0&level=2
2026-07-02 14:00:50 [http-nio-8081-exec-8] DEBUG o.s.security.web.FilterChainProxy - Secured GET /api/locations?size=20&page=0&level=2
2026-07-02 14:00:50 [http-nio-8081-exec-2] DEBUG o.s.security.web.FilterChainProxy - Secured GET /api/v1/posts/getAll?size=200
2026-07-02 14:00:50 [http-nio-8081-exec-10] DEBUG o.s.security.web.FilterChainProxy - Securing GET /api/locations?size=20&page=0&level=2
2026-07-02 14:00:50 [http-nio-8081-exec-10] DEBUG o.s.security.web.FilterChainProxy - Secured GET /api/locations?size=20&page=0&level=2
2026-07-02 14:00:50 [http-nio-8081-exec-1] DEBUG o.s.security.web.FilterChainProxy - Securing GET /api/v1/posts/getAll?size=200
2026-07-02 14:00:50 [http-nio-8081-exec-1] DEBUG o.s.security.web.FilterChainProxy - Secured GET /api/v1/posts/getAll?size=200
2026-07-02 14:05:04 [http-nio-8081-exec-3] DEBUG o.s.security.web.FilterChainProxy - Securing GET /api/v1/notifications/unread-count
2026-07-02 14:05:04 [http-nio-8081-exec-3] DEBUG o.s.security.web.FilterChainProxy - Secured GET /api/v1/notifications/unread-count
2026-07-02 14:10:04 [http-nio-8081-exec-10] DEBUG o.s.security.web.FilterChainProxy - Securing GET /api/v1/notifications/unread-count
2026-07-02 14:10:04 [http-nio-8081-exec-10] DEBUG o.s.security.web.FilterChainProxy - Secured GET /api/v1/notifications/unread-count
2026-07-02 14:12:24 [http-nio-8081-exec-6] DEBUG o.s.security.web.FilterChainProxy - Securing GET /api/locations/9c647745-7d29-4ea8-990d-5c2392e276db
2026-07-02 14:12:24 [http-nio-8081-exec-6] DEBUG o.s.security.web.FilterChainProxy - Secured GET /api/locations/9c647745-7d29-4ea8-990d-5c2392e276db
2026-07-02 14:12:24 [http-nio-8081-exec-9] DEBUG o.s.security.web.FilterChainProxy - Securing GET /api/locations/9c647745-7d29-4ea8-990d-5c2392e276db
2026-07-02 14:12:24 [http-nio-8081-exec-9] DEBUG o.s.security.web.FilterChainProxy - Secured GET /api/locations/9c647745-7d29-4ea8-990d-5c2392e276db
2026-07-02 14:12:24 [http-nio-8081-exec-3] DEBUG o.s.security.web.FilterChainProxy - Securing GET /api/v1/posts/location/9c647745-7d29-4ea8-990d-5c2392e276db?size=50&viewerId=0fb7edf3-c49a-4549-88c5-4999314a331e
2026-07-02 14:12:24 [http-nio-8081-exec-3] DEBUG o.s.security.web.FilterChainProxy - Secured GET /api/v1/posts/location/9c647745-7d29-4ea8-990d-5c2392e276db?size=50&viewerId=0fb7edf3-c49a-4549-88c5-4999314a331e
2026-07-02 14:12:25 [http-nio-8081-exec-7] DEBUG o.s.security.web.FilterChainProxy - Securing GET /api/v1/posts/location/9c647745-7d29-4ea8-990d-5c2392e276db?size=50&viewerId=0fb7edf3-c49a-4549-88c5-4999314a331e
2026-07-02 14:12:25 [http-nio-8081-exec-7] DEBUG o.s.security.web.FilterChainProxy - Secured GET /api/v1/posts/location/9c647745-7d29-4ea8-990d-5c2392e276db?size=50&viewerId=0fb7edf3-c49a-4549-88c5-4999314a331e
2026-07-02 14:12:26 [MessageBroker-1] INFO  o.s.w.s.c.WebSocketMessageBrokerStats - WebSocketSession[0 current WS(0)-HttpStream(0)-HttpPoll(0), 0 total, 0 closed abnormally (0 connect failure, 0 send limit, 0 transport error)], stompSubProtocol[processed CONNECT(0)-CONNECTED(0)-DISCONNECT(0)], stompBrokerRelay[null], inboundChannel[pool size = 0, active threads = 0, queued tasks = 0, completed tasks = 0], outboundChannel[pool size = 0, active threads = 0, queued tasks = 0, completed tasks = 0], sockJsScheduler[pool size = 2, active threads = 1, queued tasks = 0, completed tasks = 1]
2026-07-02 14:12:28 [http-nio-8081-exec-1] DEBUG o.s.security.web.FilterChainProxy - Securing GET /api/v1/posts/e96d9b4c-ba8e-43b1-99ce-0888704730e5?viewerId=0fb7edf3-c49a-4549-88c5-4999314a331e
2026-07-02 14:12:28 [http-nio-8081-exec-6] DEBUG o.s.security.web.FilterChainProxy - Securing GET /api/v1/comments/post/e96d9b4c-ba8e-43b1-99ce-0888704730e5
2026-07-02 14:12:28 [http-nio-8081-exec-1] DEBUG o.s.security.web.FilterChainProxy - Secured GET /api/v1/posts/e96d9b4c-ba8e-43b1-99ce-0888704730e5?viewerId=0fb7edf3-c49a-4549-88c5-4999314a331e
2026-07-02 14:12:28 [http-nio-8081-exec-6] DEBUG o.s.security.web.FilterChainProxy - Secured GET /api/v1/comments/post/e96d9b4c-ba8e-43b1-99ce-0888704730e5
2026-07-02 14:12:28 [http-nio-8081-exec-4] DEBUG o.s.security.web.FilterChainProxy - Securing GET /api/v1/posts/e96d9b4c-ba8e-43b1-99ce-0888704730e5?viewerId=0fb7edf3-c49a-4549-88c5-4999314a331e
2026-07-02 14:12:28 [http-nio-8081-exec-4] DEBUG o.s.security.web.FilterChainProxy - Secured GET /api/v1/posts/e96d9b4c-ba8e-43b1-99ce-0888704730e5?viewerId=0fb7edf3-c49a-4549-88c5-4999314a331e
2026-07-02 14:12:28 [http-nio-8081-exec-7] DEBUG o.s.security.web.FilterChainProxy - Securing GET /api/v1/follow/status?followerId=0fb7edf3-c49a-4549-88c5-4999314a331e&followingId=3b972c61-4cdb-439d-acb7-87d008727e1d
2026-07-02 14:12:28 [http-nio-8081-exec-7] DEBUG o.s.security.web.FilterChainProxy - Secured GET /api/v1/follow/status?followerId=0fb7edf3-c49a-4549-88c5-4999314a331e&followingId=3b972c61-4cdb-439d-acb7-87d008727e1d
2026-07-02 14:12:28 [http-nio-8081-exec-10] DEBUG o.s.security.web.FilterChainProxy - Securing GET /api/v1/follow/status?followerId=0fb7edf3-c49a-4549-88c5-4999314a331e&followingId=3b972c61-4cdb-439d-acb7-87d008727e1d
2026-07-02 14:12:28 [http-nio-8081-exec-10] DEBUG o.s.security.web.FilterChainProxy - Secured GET /api/v1/follow/status?followerId=0fb7edf3-c49a-4549-88c5-4999314a331e&followingId=3b972c61-4cdb-439d-acb7-87d008727e1d
2026-07-02 14:12:28 [http-nio-8081-exec-8] DEBUG o.s.security.web.FilterChainProxy - Securing GET /api/v1/comments/post/e96d9b4c-ba8e-43b1-99ce-0888704730e5
2026-07-02 14:12:28 [http-nio-8081-exec-8] DEBUG o.s.security.web.FilterChainProxy - Secured GET /api/v1/comments/post/e96d9b4c-ba8e-43b1-99ce-0888704730e5
2026-07-02 14:12:38 [http-nio-8081-exec-5] DEBUG o.s.security.web.FilterChainProxy - Securing GET /api/v1/comments/post/e96d9b4c-ba8e-43b1-99ce-0888704730e5
2026-07-02 14:12:38 [http-nio-8081-exec-5] DEBUG o.s.security.web.FilterChainProxy - Secured GET /api/v1/comments/post/e96d9b4c-ba8e-43b1-99ce-0888704730e5
2026-07-02 14:12:41 [http-nio-8081-exec-3] DEBUG o.s.security.web.FilterChainProxy - Securing GET /api/locations/9c647745-7d29-4ea8-990d-5c2392e276db
2026-07-02 14:12:41 [http-nio-8081-exec-3] DEBUG o.s.security.web.FilterChainProxy - Secured GET /api/locations/9c647745-7d29-4ea8-990d-5c2392e276db
2026-07-02 14:12:41 [http-nio-8081-exec-7] DEBUG o.s.security.web.FilterChainProxy - Securing GET /api/locations/9c647745-7d29-4ea8-990d-5c2392e276db
2026-07-02 14:12:41 [http-nio-8081-exec-7] DEBUG o.s.security.web.FilterChainProxy - Secured GET /api/locations/9c647745-7d29-4ea8-990d-5c2392e276db
2026-07-02 14:12:41 [http-nio-8081-exec-10] DEBUG o.s.security.web.FilterChainProxy - Securing GET /api/v1/posts/location/9c647745-7d29-4ea8-990d-5c2392e276db?size=50&viewerId=0fb7edf3-c49a-4549-88c5-4999314a331e
2026-07-02 14:12:41 [http-nio-8081-exec-10] DEBUG o.s.security.web.FilterChainProxy - Secured GET /api/v1/posts/location/9c647745-7d29-4ea8-990d-5c2392e276db?size=50&viewerId=0fb7edf3-c49a-4549-88c5-4999314a331e
2026-07-02 14:12:41 [http-nio-8081-exec-6] DEBUG o.s.security.web.FilterChainProxy - Securing GET /api/v1/posts/location/9c647745-7d29-4ea8-990d-5c2392e276db?size=50&viewerId=0fb7edf3-c49a-4549-88c5-4999314a331e
2026-07-02 14:12:41 [http-nio-8081-exec-6] DEBUG o.s.security.web.FilterChainProxy - Secured GET /api/v1/posts/location/9c647745-7d29-4ea8-990d-5c2392e276db?size=50&viewerId=0fb7edf3-c49a-4549-88c5-4999314a331e
2026-07-02 14:15:01 [http-nio-8081-exec-4] DEBUG o.s.security.web.FilterChainProxy - Securing GET /api/locations/9c647745-7d29-4ea8-990d-5c2392e276db
2026-07-02 14:15:01 [http-nio-8081-exec-7] DEBUG o.s.security.web.FilterChainProxy - Securing GET /users/me
2026-07-02 14:15:01 [http-nio-8081-exec-4] DEBUG o.s.security.web.FilterChainProxy - Secured GET /api/locations/9c647745-7d29-4ea8-990d-5c2392e276db
2026-07-02 14:15:01 [http-nio-8081-exec-7] DEBUG o.s.security.web.FilterChainProxy - Secured GET /users/me
2026-07-02 14:15:01 [http-nio-8081-exec-6] DEBUG o.s.security.web.FilterChainProxy - Securing GET /api/v1/posts/location/9c647745-7d29-4ea8-990d-5c2392e276db?size=50
2026-07-02 14:15:01 [http-nio-8081-exec-6] DEBUG o.s.security.web.FilterChainProxy - Secured GET /api/v1/posts/location/9c647745-7d29-4ea8-990d-5c2392e276db?size=50
2026-07-02 14:15:01 [http-nio-8081-exec-5] DEBUG o.s.security.web.FilterChainProxy - Securing GET /api/v1/notifications/unread-count
2026-07-02 14:15:01 [http-nio-8081-exec-5] DEBUG o.s.security.web.FilterChainProxy - Secured GET /api/v1/notifications/unread-count
2026-07-02 14:15:01 [http-nio-8081-exec-9] DEBUG o.s.security.web.FilterChainProxy - Securing GET /api/v1/notifications/stream?token=eyJhbGciOiJIUzI1NiJ9.eyJzdWIiOiJUdW5hLWFkbWluIiwicGVybWlzc2lvbnMiOlsiUk9MRV9BRE1JTiJdLCJpc3MiOiJkZXZ0ZXJpYS5jb20iLCJleHAiOjE3Nzk1MjAyNzUsImlhdCI6MTc3OTUxMzA3NSwidXNlcklkIjoiMGZiN2VkZjMtYzQ5YS00NTQ5LTg4YzUtNDk5OTMxNGEzMzFlIn0.bJu3f8N3VUhzhAlzxn07v98jJkgoo3H20isKAEyAScU
2026-07-02 14:15:01 [http-nio-8081-exec-9] DEBUG o.s.security.web.FilterChainProxy - Secured GET /api/v1/notifications/stream?token=eyJhbGciOiJIUzI1NiJ9.eyJzdWIiOiJUdW5hLWFkbWluIiwicGVybWlzc2lvbnMiOlsiUk9MRV9BRE1JTiJdLCJpc3MiOiJkZXZ0ZXJpYS5jb20iLCJleHAiOjE3Nzk1MjAyNzUsImlhdCI6MTc3OTUxMzA3NSwidXNlcklkIjoiMGZiN2VkZjMtYzQ5YS00NTQ5LTg4YzUtNDk5OTMxNGEzMzFlIn0.bJu3f8N3VUhzhAlzxn07v98jJkgoo3H20isKAEyAScU
2026-07-02 14:15:01 [http-nio-8081-exec-4] DEBUG o.s.security.web.FilterChainProxy - Securing GET /chat/conversations
2026-07-02 14:15:01 [http-nio-8081-exec-4] DEBUG o.s.security.web.FilterChainProxy - Secured GET /chat/conversations
2026-07-02 14:15:01 [http-nio-8081-exec-7] DEBUG o.s.security.web.FilterChainProxy - Securing GET /api/v1/notifications/unread-count
2026-07-02 14:15:01 [http-nio-8081-exec-7] DEBUG o.s.security.web.FilterChainProxy - Secured GET /api/v1/notifications/unread-count
2026-07-02 14:15:01 [http-nio-8081-exec-10] DEBUG o.s.security.web.FilterChainProxy - Securing GET /chat/conversations
2026-07-02 14:15:01 [http-nio-8081-exec-10] DEBUG o.s.security.web.FilterChainProxy - Secured GET /chat/conversations
2026-07-02 14:15:03 [http-nio-8081-exec-5] DEBUG o.s.security.web.FilterChainProxy - Securing GET /api/v1/posts/e96d9b4c-ba8e-43b1-99ce-0888704730e5?viewerId=0fb7edf3-c49a-4549-88c5-4999314a331e
2026-07-02 14:15:03 [http-nio-8081-exec-3] DEBUG o.s.security.web.FilterChainProxy - Securing GET /api/v1/comments/post/e96d9b4c-ba8e-43b1-99ce-0888704730e5
2026-07-02 14:15:03 [http-nio-8081-exec-3] DEBUG o.s.security.web.FilterChainProxy - Secured GET /api/v1/comments/post/e96d9b4c-ba8e-43b1-99ce-0888704730e5
2026-07-02 14:15:03 [http-nio-8081-exec-5] DEBUG o.s.security.web.FilterChainProxy - Secured GET /api/v1/posts/e96d9b4c-ba8e-43b1-99ce-0888704730e5?viewerId=0fb7edf3-c49a-4549-88c5-4999314a331e
2026-07-02 14:15:03 [http-nio-8081-exec-7] DEBUG o.s.security.web.FilterChainProxy - Securing GET /api/v1/comments/post/e96d9b4c-ba8e-43b1-99ce-0888704730e5
2026-07-02 14:15:03 [http-nio-8081-exec-7] DEBUG o.s.security.web.FilterChainProxy - Secured GET /api/v1/comments/post/e96d9b4c-ba8e-43b1-99ce-0888704730e5
2026-07-02 14:15:03 [http-nio-8081-exec-4] DEBUG o.s.security.web.FilterChainProxy - Securing GET /api/v1/posts/e96d9b4c-ba8e-43b1-99ce-0888704730e5?viewerId=0fb7edf3-c49a-4549-88c5-4999314a331e
2026-07-02 14:15:03 [http-nio-8081-exec-4] DEBUG o.s.security.web.FilterChainProxy - Secured GET /api/v1/posts/e96d9b4c-ba8e-43b1-99ce-0888704730e5?viewerId=0fb7edf3-c49a-4549-88c5-4999314a331e
2026-07-02 14:15:03 [http-nio-8081-exec-2] DEBUG o.s.security.web.FilterChainProxy - Securing GET /api/v1/follow/status?followerId=0fb7edf3-c49a-4549-88c5-4999314a331e&followingId=3b972c61-4cdb-439d-acb7-87d008727e1d
2026-07-02 14:15:03 [http-nio-8081-exec-2] DEBUG o.s.security.web.FilterChainProxy - Secured GET /api/v1/follow/status?followerId=0fb7edf3-c49a-4549-88c5-4999314a331e&followingId=3b972c61-4cdb-439d-acb7-87d008727e1d
2026-07-02 14:15:03 [http-nio-8081-exec-8] DEBUG o.s.security.web.FilterChainProxy - Securing GET /api/v1/follow/status?followerId=0fb7edf3-c49a-4549-88c5-4999314a331e&followingId=3b972c61-4cdb-439d-acb7-87d008727e1d
2026-07-02 14:15:03 [http-nio-8081-exec-8] DEBUG o.s.security.web.FilterChainProxy - Secured GET /api/v1/follow/status?followerId=0fb7edf3-c49a-4549-88c5-4999314a331e&followingId=3b972c61-4cdb-439d-acb7-87d008727e1d
2026-07-02 14:15:13 [http-nio-8081-exec-1] DEBUG o.s.security.web.FilterChainProxy - Securing GET /api/v1/comments/post/e96d9b4c-ba8e-43b1-99ce-0888704730e5
2026-07-02 14:15:13 [http-nio-8081-exec-1] DEBUG o.s.security.web.FilterChainProxy - Secured GET /api/v1/comments/post/e96d9b4c-ba8e-43b1-99ce-0888704730e5
2026-07-02 14:15:23 [http-nio-8081-exec-7] DEBUG o.s.security.web.FilterChainProxy - Securing GET /api/v1/comments/post/e96d9b4c-ba8e-43b1-99ce-0888704730e5
2026-07-02 14:15:23 [http-nio-8081-exec-7] DEBUG o.s.security.web.FilterChainProxy - Secured GET /api/v1/comments/post/e96d9b4c-ba8e-43b1-99ce-0888704730e5
2026-07-02 14:15:33 [http-nio-8081-exec-10] DEBUG o.s.security.web.FilterChainProxy - Securing GET /api/v1/comments/post/e96d9b4c-ba8e-43b1-99ce-0888704730e5
2026-07-02 14:15:33 [http-nio-8081-exec-10] DEBUG o.s.security.web.FilterChainProxy - Secured GET /api/v1/comments/post/e96d9b4c-ba8e-43b1-99ce-0888704730e5
2026-07-02 14:15:43 [http-nio-8081-exec-2] DEBUG o.s.security.web.FilterChainProxy - Securing GET /api/v1/comments/post/e96d9b4c-ba8e-43b1-99ce-0888704730e5
2026-07-02 14:15:43 [http-nio-8081-exec-2] DEBUG o.s.security.web.FilterChainProxy - Secured GET /api/v1/comments/post/e96d9b4c-ba8e-43b1-99ce-0888704730e5
2026-07-02 14:15:53 [http-nio-8081-exec-8] DEBUG o.s.security.web.FilterChainProxy - Securing GET /api/v1/comments/post/e96d9b4c-ba8e-43b1-99ce-0888704730e5
2026-07-02 14:15:53 [http-nio-8081-exec-8] DEBUG o.s.security.web.FilterChainProxy - Secured GET /api/v1/comments/post/e96d9b4c-ba8e-43b1-99ce-0888704730e5
2026-07-02 14:16:03 [http-nio-8081-exec-1] DEBUG o.s.security.web.FilterChainProxy - Securing GET /api/v1/comments/post/e96d9b4c-ba8e-43b1-99ce-0888704730e5
2026-07-02 14:16:03 [http-nio-8081-exec-1] DEBUG o.s.security.web.FilterChainProxy - Secured GET /api/v1/comments/post/e96d9b4c-ba8e-43b1-99ce-0888704730e5
2026-07-02 14:17:02 [http-nio-8081-exec-6] DEBUG o.s.security.web.FilterChainProxy - Securing GET /api/v1/comments/post/e96d9b4c-ba8e-43b1-99ce-0888704730e5
2026-07-02 14:17:02 [http-nio-8081-exec-6] DEBUG o.s.security.web.FilterChainProxy - Secured GET /api/v1/comments/post/e96d9b4c-ba8e-43b1-99ce-0888704730e5
2026-07-02 14:18:01 [http-nio-8081-exec-4] DEBUG o.s.security.web.FilterChainProxy - Securing GET /api/v1/comments/post/e96d9b4c-ba8e-43b1-99ce-0888704730e5
2026-07-02 14:18:01 [http-nio-8081-exec-4] DEBUG o.s.security.web.FilterChainProxy - Secured GET /api/v1/comments/post/e96d9b4c-ba8e-43b1-99ce-0888704730e5
2026-07-02 14:18:03 [http-nio-8081-exec-8] DEBUG o.s.security.web.FilterChainProxy - Securing GET /api/v1/comments/post/e96d9b4c-ba8e-43b1-99ce-0888704730e5
2026-07-02 14:18:03 [http-nio-8081-exec-8] DEBUG o.s.security.web.FilterChainProxy - Secured GET /api/v1/comments/post/e96d9b4c-ba8e-43b1-99ce-0888704730e5
2026-07-02 14:18:13 [http-nio-8081-exec-1] DEBUG o.s.security.web.FilterChainProxy - Securing GET /api/v1/comments/post/e96d9b4c-ba8e-43b1-99ce-0888704730e5
2026-07-02 14:18:13 [http-nio-8081-exec-1] DEBUG o.s.security.web.FilterChainProxy - Secured GET /api/v1/comments/post/e96d9b4c-ba8e-43b1-99ce-0888704730e5
2026-07-02 14:18:20 [http-nio-8081-exec-5] DEBUG o.s.security.web.FilterChainProxy - Securing GET /api/locations/9c647745-7d29-4ea8-990d-5c2392e276db
2026-07-02 14:18:20 [http-nio-8081-exec-5] DEBUG o.s.security.web.FilterChainProxy - Secured GET /api/locations/9c647745-7d29-4ea8-990d-5c2392e276db
2026-07-02 14:18:20 [http-nio-8081-exec-10] DEBUG o.s.security.web.FilterChainProxy - Securing GET /api/locations/9c647745-7d29-4ea8-990d-5c2392e276db
2026-07-02 14:18:20 [http-nio-8081-exec-10] DEBUG o.s.security.web.FilterChainProxy - Secured GET /api/locations/9c647745-7d29-4ea8-990d-5c2392e276db
2026-07-02 14:18:20 [http-nio-8081-exec-2] DEBUG o.s.security.web.FilterChainProxy - Securing GET /api/v1/posts/location/9c647745-7d29-4ea8-990d-5c2392e276db?size=50&viewerId=0fb7edf3-c49a-4549-88c5-4999314a331e
2026-07-02 14:18:20 [http-nio-8081-exec-2] DEBUG o.s.security.web.FilterChainProxy - Secured GET /api/v1/posts/location/9c647745-7d29-4ea8-990d-5c2392e276db?size=50&viewerId=0fb7edf3-c49a-4549-88c5-4999314a331e
2026-07-02 14:18:20 [http-nio-8081-exec-4] DEBUG o.s.security.web.FilterChainProxy - Securing GET /api/v1/posts/location/9c647745-7d29-4ea8-990d-5c2392e276db?size=50&viewerId=0fb7edf3-c49a-4549-88c5-4999314a331e
2026-07-02 14:18:20 [http-nio-8081-exec-4] DEBUG o.s.security.web.FilterChainProxy - Secured GET /api/v1/posts/location/9c647745-7d29-4ea8-990d-5c2392e276db?size=50&viewerId=0fb7edf3-c49a-4549-88c5-4999314a331e
2026-07-02 14:18:22 [http-nio-8081-exec-7] DEBUG o.s.security.web.FilterChainProxy - Securing GET /api/locations?size=20&page=0&level=2
2026-07-02 14:18:22 [http-nio-8081-exec-3] DEBUG o.s.security.web.FilterChainProxy - Securing GET /api/v1/posts/getAll?size=200
2026-07-02 14:18:22 [http-nio-8081-exec-7] DEBUG o.s.security.web.FilterChainProxy - Secured GET /api/locations?size=20&page=0&level=2
2026-07-02 14:18:22 [http-nio-8081-exec-3] DEBUG o.s.security.web.FilterChainProxy - Secured GET /api/v1/posts/getAll?size=200
2026-07-02 14:18:22 [http-nio-8081-exec-5] DEBUG o.s.security.web.FilterChainProxy - Securing GET /api/locations?size=20&page=0&level=2
2026-07-02 14:18:22 [http-nio-8081-exec-5] DEBUG o.s.security.web.FilterChainProxy - Secured GET /api/locations?size=20&page=0&level=2
2026-07-02 14:18:22 [http-nio-8081-exec-6] DEBUG o.s.security.web.FilterChainProxy - Securing GET /api/v1/posts/getAll?size=200
2026-07-02 14:18:22 [http-nio-8081-exec-6] DEBUG o.s.security.web.FilterChainProxy - Secured GET /api/v1/posts/getAll?size=200
2026-07-02 14:20:01 [http-nio-8081-exec-9] DEBUG o.s.security.web.FilterChainProxy - Securing GET /api/v1/notifications/unread-count
2026-07-02 14:20:01 [http-nio-8081-exec-9] DEBUG o.s.security.web.FilterChainProxy - Secured GET /api/v1/notifications/unread-count
2026-07-02 14:25:01 [http-nio-8081-exec-5] DEBUG o.s.security.web.FilterChainProxy - Securing GET /api/v1/notifications/unread-count
2026-07-02 14:25:01 [http-nio-8081-exec-5] DEBUG o.s.security.web.FilterChainProxy - Secured GET /api/v1/notifications/unread-count
2026-07-02 14:30:01 [http-nio-8081-exec-10] DEBUG o.s.security.web.FilterChainProxy - Securing GET /api/v1/notifications/unread-count
2026-07-02 14:30:01 [http-nio-8081-exec-10] DEBUG o.s.security.web.FilterChainProxy - Secured GET /api/v1/notifications/unread-count
2026-07-02 14:35:01 [http-nio-8081-exec-8] DEBUG o.s.security.web.FilterChainProxy - Securing GET /api/v1/notifications/unread-count
2026-07-02 14:35:01 [http-nio-8081-exec-8] DEBUG o.s.security.web.FilterChainProxy - Secured GET /api/v1/notifications/unread-count
2026-07-02 14:40:01 [http-nio-8081-exec-7] DEBUG o.s.security.web.FilterChainProxy - Securing GET /api/v1/notifications/unread-count
2026-07-02 14:40:01 [http-nio-8081-exec-7] DEBUG o.s.security.web.FilterChainProxy - Secured GET /api/v1/notifications/unread-count
2026-07-02 14:41:47 [http-nio-8081-exec-3] DEBUG o.s.security.web.FilterChainProxy - Securing GET /api/v1/notifications/stream?token=eyJhbGciOiJIUzI1NiJ9.eyJzdWIiOiJUdW5hLWFkbWluIiwicGVybWlzc2lvbnMiOlsiUk9MRV9BRE1JTiJdLCJpc3MiOiJkZXZ0ZXJpYS5jb20iLCJleHAiOjE3Nzk1MjAyNzUsImlhdCI6MTc3OTUxMzA3NSwidXNlcklkIjoiMGZiN2VkZjMtYzQ5YS00NTQ5LTg4YzUtNDk5OTMxNGEzMzFlIn0.bJu3f8N3VUhzhAlzxn07v98jJkgoo3H20isKAEyAScU
2026-07-02 14:41:47 [http-nio-8081-exec-3] DEBUG o.s.security.web.FilterChainProxy - Secured GET /api/v1/notifications/stream?token=eyJhbGciOiJIUzI1NiJ9.eyJzdWIiOiJUdW5hLWFkbWluIiwicGVybWlzc2lvbnMiOlsiUk9MRV9BRE1JTiJdLCJpc3MiOiJkZXZ0ZXJpYS5jb20iLCJleHAiOjE3Nzk1MjAyNzUsImlhdCI6MTc3OTUxMzA3NSwidXNlcklkIjoiMGZiN2VkZjMtYzQ5YS00NTQ5LTg4YzUtNDk5OTMxNGEzMzFlIn0.bJu3f8N3VUhzhAlzxn07v98jJkgoo3H20isKAEyAScU
2026-07-02 14:41:47 [http-nio-8081-exec-3] ERROR c.e.b.e.GlobalExceptionHandler - Unhandled Exception: 
org.springframework.web.context.request.async.AsyncRequestTimeoutException
	at org.springframework.web.context.request.async.TimeoutDeferredResultProcessingInterceptor.handleTimeout(TimeoutDeferredResultProcessingInterceptor.java:42)
	at org.springframework.web.context.request.async.DeferredResultInterceptorChain.triggerAfterTimeout(DeferredResultInterceptorChain.java:80)
	at org.springframework.web.context.request.async.WebAsyncManager.lambda$startDeferredResultProcessing$0(WebAsyncManager.java:426)
	at java.base/java.util.ArrayList.forEach(ArrayList.java:1511)
	at org.springframework.web.context.request.async.StandardServletAsyncWebRequest.onTimeout(StandardServletAsyncWebRequest.java:184)
	at org.apache.catalina.core.AsyncListenerWrapper.fireOnTimeout(AsyncListenerWrapper.java:44)
	at org.apache.catalina.core.AsyncContextImpl.timeout(AsyncContextImpl.java:136)
	at org.apache.catalina.connector.CoyoteAdapter.asyncDispatch(CoyoteAdapter.java:134)
	at org.apache.coyote.AbstractProcessor.dispatch(AbstractProcessor.java:242)
	at org.apache.coyote.AbstractProcessorLight.process(AbstractProcessorLight.java:57)
	at org.apache.coyote.AbstractProtocol$ConnectionHandler.process(AbstractProtocol.java:903)
	at org.apache.tomcat.util.net.NioEndpoint$SocketProcessor.doRun(NioEndpoint.java:1779)
	at org.apache.tomcat.util.net.SocketProcessorBase.run(SocketProcessorBase.java:52)
	at org.apache.tomcat.util.threads.ThreadPoolExecutor.runWorker(ThreadPoolExecutor.java:946)
	at org.apache.tomcat.util.threads.ThreadPoolExecutor$Worker.run(ThreadPoolExecutor.java:480)
	at org.apache.tomcat.util.threads.TaskThread$WrappingRunnable.run(TaskThread.java:57)
	at java.base/java.lang.Thread.run(Thread.java:840)
2026-07-02 14:41:47 [http-nio-8081-exec-3] WARN  o.s.w.s.m.m.a.ExceptionHandlerExceptionResolver - Failure in @ExceptionHandler com.example.backend.exception.GlobalExceptionHandler#handleException(Exception)
org.springframework.http.converter.HttpMessageNotWritableException: No converter for [class com.example.backend.dto.response.ApiResponse] with preset Content-Type 'text/event-stream'
	at org.springframework.web.servlet.mvc.method.annotation.AbstractMessageConverterMethodProcessor.writeWithMessageConverters(AbstractMessageConverterMethodProcessor.java:364)
	at org.springframework.web.servlet.mvc.method.annotation.HttpEntityMethodProcessor.handleReturnValue(HttpEntityMethodProcessor.java:261)
	at org.springframework.web.method.support.HandlerMethodReturnValueHandlerComposite.handleReturnValue(HandlerMethodReturnValueHandlerComposite.java:78)
	at org.springframework.web.servlet.mvc.method.annotation.ServletInvocableHandlerMethod.invokeAndHandle(ServletInvocableHandlerMethod.java:135)
	at org.springframework.web.servlet.mvc.method.annotation.ExceptionHandlerExceptionResolver.doResolveHandlerMethodException(ExceptionHandlerExceptionResolver.java:460)
	at org.springframework.web.servlet.handler.AbstractHandlerMethodExceptionResolver.doResolveException(AbstractHandlerMethodExceptionResolver.java:72)
	at org.springframework.web.servlet.handler.AbstractHandlerExceptionResolver.resolveException(AbstractHandlerExceptionResolver.java:176)
	at org.springframework.web.servlet.handler.HandlerExceptionResolverComposite.resolveException(HandlerExceptionResolverComposite.java:78)
	at org.springframework.web.servlet.DispatcherServlet.processHandlerException(DispatcherServlet.java:1227)
	at org.springframework.web.servlet.DispatcherServlet.processDispatchResult(DispatcherServlet.java:1035)
	at org.springframework.web.servlet.DispatcherServlet.doDispatch(DispatcherServlet.java:980)
	at org.springframework.web.servlet.DispatcherServlet.doService(DispatcherServlet.java:866)
	at org.springframework.web.servlet.FrameworkServlet.processRequest(FrameworkServlet.java:1000)
	at org.springframework.web.servlet.FrameworkServlet.doGet(FrameworkServlet.java:892)
	at jakarta.servlet.http.HttpServlet.service(HttpServlet.java:622)
	at org.springframework.web.servlet.FrameworkServlet.service(FrameworkServlet.java:874)
	at jakarta.servlet.http.HttpServlet.service(HttpServlet.java:710)
	at org.apache.catalina.core.ApplicationFilterChain.doFilter(ApplicationFilterChain.java:128)
	at org.springframework.web.filter.OncePerRequestFilter.doFilter(OncePerRequestFilter.java:101)
	at org.apache.catalina.core.ApplicationFilterChain.doFilter(ApplicationFilterChain.java:107)
	at org.springframework.web.filter.CompositeFilter$VirtualFilterChain.doFilter(CompositeFilter.java:108)
	at org.springframework.security.web.FilterChainProxy.lambda$doFilterInternal$3(FilterChainProxy.java:235)
	at org.springframework.security.web.FilterChainProxy$VirtualFilterChain.doFilter(FilterChainProxy.java:371)
	at org.springframework.security.web.access.intercept.AuthorizationFilter.doFilter(AuthorizationFilter.java:101)
	at org.springframework.security.web.FilterChainProxy$VirtualFilterChain.doFilter(FilterChainProxy.java:380)
	at org.springframework.security.web.access.ExceptionTranslationFilter.doFilter(ExceptionTranslationFilter.java:126)
	at org.springframework.security.web.access.ExceptionTranslationFilter.doFilter(ExceptionTranslationFilter.java:120)
	at org.springframework.security.web.FilterChainProxy$VirtualFilterChain.doFilter(FilterChainProxy.java:380)
	at org.springframework.security.web.authentication.AnonymousAuthenticationFilter.doFilter(AnonymousAuthenticationFilter.java:100)
	at org.springframework.security.web.FilterChainProxy$VirtualFilterChain.doFilter(FilterChainProxy.java:380)
	at org.springframework.security.web.servletapi.SecurityContextHolderAwareRequestFilter.doFilter(SecurityContextHolderAwareRequestFilter.java:181)
	at org.springframework.security.web.FilterChainProxy$VirtualFilterChain.doFilter(FilterChainProxy.java:380)
	at org.springframework.security.web.savedrequest.RequestCacheAwareFilter.doFilter(RequestCacheAwareFilter.java:63)
	at org.springframework.security.web.FilterChainProxy$VirtualFilterChain.doFilter(FilterChainProxy.java:380)
	at org.springframework.web.filter.OncePerRequestFilter.doFilter(OncePerRequestFilter.java:101)
	at org.springframework.security.web.FilterChainProxy$VirtualFilterChain.doFilter(FilterChainProxy.java:380)
	at org.springframework.security.web.authentication.logout.LogoutFilter.doFilter(LogoutFilter.java:110)
	at org.springframework.security.web.authentication.logout.LogoutFilter.doFilter(LogoutFilter.java:96)
	at org.springframework.security.web.FilterChainProxy$VirtualFilterChain.doFilter(FilterChainProxy.java:380)
	at org.springframework.web.filter.OncePerRequestFilter.doFilter(OncePerRequestFilter.java:101)
	at org.springframework.security.web.FilterChainProxy$VirtualFilterChain.doFilter(FilterChainProxy.java:380)
	at org.springframework.web.filter.OncePerRequestFilter.doFilter(OncePerRequestFilter.java:101)
	at org.springframework.security.web.FilterChainProxy$VirtualFilterChain.doFilter(FilterChainProxy.java:380)
	at org.springframework.security.web.context.SecurityContextHolderFilter.doFilter(SecurityContextHolderFilter.java:82)
	at org.springframework.security.web.context.SecurityContextHolderFilter.doFilter(SecurityContextHolderFilter.java:69)
	at org.springframework.security.web.FilterChainProxy$VirtualFilterChain.doFilter(FilterChainProxy.java:380)
	at org.springframework.web.filter.OncePerRequestFilter.doFilter(OncePerRequestFilter.java:101)
	at org.springframework.security.web.FilterChainProxy$VirtualFilterChain.doFilter(FilterChainProxy.java:380)
	at org.springframework.web.filter.OncePerRequestFilter.doFilter(OncePerRequestFilter.java:101)
	at org.springframework.security.web.FilterChainProxy$VirtualFilterChain.doFilter(FilterChainProxy.java:380)
	at org.springframework.security.web.FilterChainProxy.doFilterInternal(FilterChainProxy.java:237)
	at org.springframework.security.web.FilterChainProxy.doFilter(FilterChainProxy.java:195)
	at org.springframework.web.filter.CompositeFilter$VirtualFilterChain.doFilter(CompositeFilter.java:113)
	at org.springframework.web.filter.ServletRequestPathFilter.doFilter(ServletRequestPathFilter.java:52)
	at org.springframework.web.filter.CompositeFilter$VirtualFilterChain.doFilter(CompositeFilter.java:113)
	at org.springframework.web.filter.CompositeFilter.doFilter(CompositeFilter.java:74)
	at org.springframework.security.config.annotation.web.configuration.WebSecurityConfiguration$CompositeFilterChainProxy.doFilter(WebSecurityConfiguration.java:317)
	at org.springframework.web.filter.DelegatingFilterProxy.invokeDelegate(DelegatingFilterProxy.java:355)
	at org.springframework.web.filter.DelegatingFilterProxy.doFilter(DelegatingFilterProxy.java:272)
	at org.apache.catalina.core.ApplicationFilterChain.doFilter(ApplicationFilterChain.java:107)
	at org.springframework.web.filter.RequestContextFilter.doFilterInternal(RequestContextFilter.java:100)
	at org.springframework.web.filter.OncePerRequestFilter.doFilter(OncePerRequestFilter.java:116)
	at org.apache.catalina.core.ApplicationFilterChain.doFilter(ApplicationFilterChain.java:107)
	at org.springframework.web.filter.OncePerRequestFilter.doFilter(OncePerRequestFilter.java:101)
	at org.apache.catalina.core.ApplicationFilterChain.doFilter(ApplicationFilterChain.java:107)
	at org.springframework.web.filter.OncePerRequestFilter.doFilter(OncePerRequestFilter.java:101)
	at org.apache.catalina.core.ApplicationFilterChain.doFilter(ApplicationFilterChain.java:107)
	at org.springframework.web.filter.OncePerRequestFilter.doFilter(OncePerRequestFilter.java:101)
	at org.apache.catalina.core.ApplicationFilterChain.doFilter(ApplicationFilterChain.java:107)
	at org.apache.catalina.core.ApplicationDispatcher.invoke(ApplicationDispatcher.java:513)
	at org.apache.catalina.core.ApplicationDispatcher.dispatch(ApplicationDispatcher.java:441)
	at org.apache.catalina.core.AsyncContextImpl$AsyncRunnable.run(AsyncContextImpl.java:585)
	at org.apache.catalina.core.AsyncContextImpl.doInternalDispatch(AsyncContextImpl.java:340)
	at org.apache.catalina.core.StandardWrapperValve.invoke(StandardWrapperValve.java:163)
	at org.apache.catalina.core.StandardContextValve.invoke(StandardContextValve.java:77)
	at org.apache.catalina.authenticator.AuthenticatorBase.invoke(AuthenticatorBase.java:492)
	at org.apache.catalina.core.StandardHostValve.invoke(StandardHostValve.java:113)
	at org.apache.catalina.valves.ErrorReportValve.invoke(ErrorReportValve.java:83)
	at org.apache.catalina.core.StandardEngineValve.invoke(StandardEngineValve.java:72)
	at org.apache.catalina.connector.CoyoteAdapter.asyncDispatch(CoyoteAdapter.java:238)
	at org.apache.coyote.AbstractProcessor.dispatch(AbstractProcessor.java:242)
	at org.apache.coyote.AbstractProcessorLight.process(AbstractProcessorLight.java:57)
	at org.apache.coyote.AbstractProtocol$ConnectionHandler.process(AbstractProtocol.java:903)
	at org.apache.tomcat.util.net.NioEndpoint$SocketProcessor.doRun(NioEndpoint.java:1779)
	at org.apache.tomcat.util.net.SocketProcessorBase.run(SocketProcessorBase.java:52)
	at org.apache.tomcat.util.threads.ThreadPoolExecutor.runWorker(ThreadPoolExecutor.java:946)
	at org.apache.tomcat.util.threads.ThreadPoolExecutor$Worker.run(ThreadPoolExecutor.java:480)
	at org.apache.tomcat.util.threads.TaskThread$WrappingRunnable.run(TaskThread.java:57)
	at java.base/java.lang.Thread.run(Thread.java:840)
2026-07-02 14:41:47 [http-nio-8081-exec-3] WARN  o.s.w.s.m.s.DefaultHandlerExceptionResolver - Ignoring exception, response committed already: org.springframework.web.context.request.async.AsyncRequestTimeoutException
2026-07-02 14:41:47 [http-nio-8081-exec-3] WARN  o.s.w.s.m.s.DefaultHandlerExceptionResolver - Resolved [org.springframework.web.context.request.async.AsyncRequestTimeoutException]
2026-07-02 14:41:47 [http-nio-8081-exec-3] DEBUG o.s.s.w.a.AnonymousAuthenticationFilter - Set SecurityContextHolder to anonymous SecurityContext
2026-07-02 14:42:26 [MessageBroker-2] INFO  o.s.w.s.c.WebSocketMessageBrokerStats - WebSocketSession[0 current WS(0)-HttpStream(0)-HttpPoll(0), 0 total, 0 closed abnormally (0 connect failure, 0 send limit, 0 transport error)], stompSubProtocol[processed CONNECT(0)-CONNECTED(0)-DISCONNECT(0)], stompBrokerRelay[null], inboundChannel[pool size = 0, active threads = 0, queued tasks = 0, completed tasks = 0], outboundChannel[pool size = 0, active threads = 0, queued tasks = 0, completed tasks = 0], sockJsScheduler[pool size = 3, active threads = 1, queued tasks = 0, completed tasks = 2]
2026-07-02 14:42:33 [http-nio-8081-exec-6] DEBUG o.s.security.web.FilterChainProxy - Securing GET /api/v1/notifications/stream?token=eyJhbGciOiJIUzI1NiJ9.eyJzdWIiOiJUdW5hLWFkbWluIiwicGVybWlzc2lvbnMiOlsiUk9MRV9BRE1JTiJdLCJpc3MiOiJkZXZ0ZXJpYS5jb20iLCJleHAiOjE3Nzk1MjAyNzUsImlhdCI6MTc3OTUxMzA3NSwidXNlcklkIjoiMGZiN2VkZjMtYzQ5YS00NTQ5LTg4YzUtNDk5OTMxNGEzMzFlIn0.bJu3f8N3VUhzhAlzxn07v98jJkgoo3H20isKAEyAScU
2026-07-02 14:42:33 [http-nio-8081-exec-6] DEBUG o.s.security.web.FilterChainProxy - Secured GET /api/v1/notifications/stream?token=eyJhbGciOiJIUzI1NiJ9.eyJzdWIiOiJUdW5hLWFkbWluIiwicGVybWlzc2lvbnMiOlsiUk9MRV9BRE1JTiJdLCJpc3MiOiJkZXZ0ZXJpYS5jb20iLCJleHAiOjE3Nzk1MjAyNzUsImlhdCI6MTc3OTUxMzA3NSwidXNlcklkIjoiMGZiN2VkZjMtYzQ5YS00NTQ5LTg4YzUtNDk5OTMxNGEzMzFlIn0.bJu3f8N3VUhzhAlzxn07v98jJkgoo3H20isKAEyAScU
2026-07-02 14:42:33 [http-nio-8081-exec-6] ERROR c.e.b.e.GlobalExceptionHandler - Unhandled Exception: 
org.springframework.web.context.request.async.AsyncRequestTimeoutException
	at org.springframework.web.context.request.async.TimeoutDeferredResultProcessingInterceptor.handleTimeout(TimeoutDeferredResultProcessingInterceptor.java:42)
	at org.springframework.web.context.request.async.DeferredResultInterceptorChain.triggerAfterTimeout(DeferredResultInterceptorChain.java:80)
	at org.springframework.web.context.request.async.WebAsyncManager.lambda$startDeferredResultProcessing$0(WebAsyncManager.java:426)
	at java.base/java.util.ArrayList.forEach(ArrayList.java:1511)
	at org.springframework.web.context.request.async.StandardServletAsyncWebRequest.onTimeout(StandardServletAsyncWebRequest.java:184)
	at org.apache.catalina.core.AsyncListenerWrapper.fireOnTimeout(AsyncListenerWrapper.java:44)
	at org.apache.catalina.core.AsyncContextImpl.timeout(AsyncContextImpl.java:136)
	at org.apache.catalina.connector.CoyoteAdapter.asyncDispatch(CoyoteAdapter.java:134)
	at org.apache.coyote.AbstractProcessor.dispatch(AbstractProcessor.java:242)
	at org.apache.coyote.AbstractProcessorLight.process(AbstractProcessorLight.java:57)
	at org.apache.coyote.AbstractProtocol$ConnectionHandler.process(AbstractProtocol.java:903)
	at org.apache.tomcat.util.net.NioEndpoint$SocketProcessor.doRun(NioEndpoint.java:1779)
	at org.apache.tomcat.util.net.SocketProcessorBase.run(SocketProcessorBase.java:52)
	at org.apache.tomcat.util.threads.ThreadPoolExecutor.runWorker(ThreadPoolExecutor.java:946)
	at org.apache.tomcat.util.threads.ThreadPoolExecutor$Worker.run(ThreadPoolExecutor.java:480)
	at org.apache.tomcat.util.threads.TaskThread$WrappingRunnable.run(TaskThread.java:57)
	at java.base/java.lang.Thread.run(Thread.java:840)
2026-07-02 14:42:33 [http-nio-8081-exec-6] WARN  o.s.w.s.m.m.a.ExceptionHandlerExceptionResolver - Failure in @ExceptionHandler com.example.backend.exception.GlobalExceptionHandler#handleException(Exception)
org.springframework.http.converter.HttpMessageNotWritableException: No converter for [class com.example.backend.dto.response.ApiResponse] with preset Content-Type 'text/event-stream'
	at org.springframework.web.servlet.mvc.method.annotation.AbstractMessageConverterMethodProcessor.writeWithMessageConverters(AbstractMessageConverterMethodProcessor.java:364)
	at org.springframework.web.servlet.mvc.method.annotation.HttpEntityMethodProcessor.handleReturnValue(HttpEntityMethodProcessor.java:261)
	at org.springframework.web.method.support.HandlerMethodReturnValueHandlerComposite.handleReturnValue(HandlerMethodReturnValueHandlerComposite.java:78)
	at org.springframework.web.servlet.mvc.method.annotation.ServletInvocableHandlerMethod.invokeAndHandle(ServletInvocableHandlerMethod.java:135)
	at org.springframework.web.servlet.mvc.method.annotation.ExceptionHandlerExceptionResolver.doResolveHandlerMethodException(ExceptionHandlerExceptionResolver.java:460)
	at org.springframework.web.servlet.handler.AbstractHandlerMethodExceptionResolver.doResolveException(AbstractHandlerMethodExceptionResolver.java:72)
	at org.springframework.web.servlet.handler.AbstractHandlerExceptionResolver.resolveException(AbstractHandlerExceptionResolver.java:176)
	at org.springframework.web.servlet.handler.HandlerExceptionResolverComposite.resolveException(HandlerExceptionResolverComposite.java:78)
	at org.springframework.web.servlet.DispatcherServlet.processHandlerException(DispatcherServlet.java:1227)
	at org.springframework.web.servlet.DispatcherServlet.processDispatchResult(DispatcherServlet.java:1035)
	at org.springframework.web.servlet.DispatcherServlet.doDispatch(DispatcherServlet.java:980)
	at org.springframework.web.servlet.DispatcherServlet.doService(DispatcherServlet.java:866)
	at org.springframework.web.servlet.FrameworkServlet.processRequest(FrameworkServlet.java:1000)
	at org.springframework.web.servlet.FrameworkServlet.doGet(FrameworkServlet.java:892)
	at jakarta.servlet.http.HttpServlet.service(HttpServlet.java:622)
	at org.springframework.web.servlet.FrameworkServlet.service(FrameworkServlet.java:874)
	at jakarta.servlet.http.HttpServlet.service(HttpServlet.java:710)
	at org.apache.catalina.core.ApplicationFilterChain.doFilter(ApplicationFilterChain.java:128)
	at org.springframework.web.filter.OncePerRequestFilter.doFilter(OncePerRequestFilter.java:101)
	at org.apache.catalina.core.ApplicationFilterChain.doFilter(ApplicationFilterChain.java:107)
	at org.springframework.web.filter.CompositeFilter$VirtualFilterChain.doFilter(CompositeFilter.java:108)
	at org.springframework.security.web.FilterChainProxy.lambda$doFilterInternal$3(FilterChainProxy.java:235)
	at org.springframework.security.web.FilterChainProxy$VirtualFilterChain.doFilter(FilterChainProxy.java:371)
	at org.springframework.security.web.access.intercept.AuthorizationFilter.doFilter(AuthorizationFilter.java:101)
	at org.springframework.security.web.FilterChainProxy$VirtualFilterChain.doFilter(FilterChainProxy.java:380)
	at org.springframework.security.web.access.ExceptionTranslationFilter.doFilter(ExceptionTranslationFilter.java:126)
	at org.springframework.security.web.access.ExceptionTranslationFilter.doFilter(ExceptionTranslationFilter.java:120)
	at org.springframework.security.web.FilterChainProxy$VirtualFilterChain.doFilter(FilterChainProxy.java:380)
	at org.springframework.security.web.authentication.AnonymousAuthenticationFilter.doFilter(AnonymousAuthenticationFilter.java:100)
	at org.springframework.security.web.FilterChainProxy$VirtualFilterChain.doFilter(FilterChainProxy.java:380)
	at org.springframework.security.web.servletapi.SecurityContextHolderAwareRequestFilter.doFilter(SecurityContextHolderAwareRequestFilter.java:181)
	at org.springframework.security.web.FilterChainProxy$VirtualFilterChain.doFilter(FilterChainProxy.java:380)
	at org.springframework.security.web.savedrequest.RequestCacheAwareFilter.doFilter(RequestCacheAwareFilter.java:63)
	at org.springframework.security.web.FilterChainProxy$VirtualFilterChain.doFilter(FilterChainProxy.java:380)
	at org.springframework.web.filter.OncePerRequestFilter.doFilter(OncePerRequestFilter.java:101)
	at org.springframework.security.web.FilterChainProxy$VirtualFilterChain.doFilter(FilterChainProxy.java:380)
	at org.springframework.security.web.authentication.logout.LogoutFilter.doFilter(LogoutFilter.java:110)
	at org.springframework.security.web.authentication.logout.LogoutFilter.doFilter(LogoutFilter.java:96)
	at org.springframework.security.web.FilterChainProxy$VirtualFilterChain.doFilter(FilterChainProxy.java:380)
	at org.springframework.web.filter.OncePerRequestFilter.doFilter(OncePerRequestFilter.java:101)
	at org.springframework.security.web.FilterChainProxy$VirtualFilterChain.doFilter(FilterChainProxy.java:380)
	at org.springframework.web.filter.OncePerRequestFilter.doFilter(OncePerRequestFilter.java:101)
	at org.springframework.security.web.FilterChainProxy$VirtualFilterChain.doFilter(FilterChainProxy.java:380)
	at org.springframework.security.web.context.SecurityContextHolderFilter.doFilter(SecurityContextHolderFilter.java:82)
	at org.springframework.security.web.context.SecurityContextHolderFilter.doFilter(SecurityContextHolderFilter.java:69)
	at org.springframework.security.web.FilterChainProxy$VirtualFilterChain.doFilter(FilterChainProxy.java:380)
	at org.springframework.web.filter.OncePerRequestFilter.doFilter(OncePerRequestFilter.java:101)
	at org.springframework.security.web.FilterChainProxy$VirtualFilterChain.doFilter(FilterChainProxy.java:380)
	at org.springframework.web.filter.OncePerRequestFilter.doFilter(OncePerRequestFilter.java:101)
	at org.springframework.security.web.FilterChainProxy$VirtualFilterChain.doFilter(FilterChainProxy.java:380)
	at org.springframework.security.web.FilterChainProxy.doFilterInternal(FilterChainProxy.java:237)
	at org.springframework.security.web.FilterChainProxy.doFilter(FilterChainProxy.java:195)
	at org.springframework.web.filter.CompositeFilter$VirtualFilterChain.doFilter(CompositeFilter.java:113)
	at org.springframework.web.filter.ServletRequestPathFilter.doFilter(ServletRequestPathFilter.java:52)
	at org.springframework.web.filter.CompositeFilter$VirtualFilterChain.doFilter(CompositeFilter.java:113)
	at org.springframework.web.filter.CompositeFilter.doFilter(CompositeFilter.java:74)
	at org.springframework.security.config.annotation.web.configuration.WebSecurityConfiguration$CompositeFilterChainProxy.doFilter(WebSecurityConfiguration.java:317)
	at org.springframework.web.filter.DelegatingFilterProxy.invokeDelegate(DelegatingFilterProxy.java:355)
	at org.springframework.web.filter.DelegatingFilterProxy.doFilter(DelegatingFilterProxy.java:272)
	at org.apache.catalina.core.ApplicationFilterChain.doFilter(ApplicationFilterChain.java:107)
	at org.springframework.web.filter.RequestContextFilter.doFilterInternal(RequestContextFilter.java:100)
	at org.springframework.web.filter.OncePerRequestFilter.doFilter(OncePerRequestFilter.java:116)
	at org.apache.catalina.core.ApplicationFilterChain.doFilter(ApplicationFilterChain.java:107)
	at org.springframework.web.filter.OncePerRequestFilter.doFilter(OncePerRequestFilter.java:101)
	at org.apache.catalina.core.ApplicationFilterChain.doFilter(ApplicationFilterChain.java:107)
	at org.springframework.web.filter.OncePerRequestFilter.doFilter(OncePerRequestFilter.java:101)
	at org.apache.catalina.core.ApplicationFilterChain.doFilter(ApplicationFilterChain.java:107)
	at org.springframework.web.filter.OncePerRequestFilter.doFilter(OncePerRequestFilter.java:101)
	at org.apache.catalina.core.ApplicationFilterChain.doFilter(ApplicationFilterChain.java:107)
	at org.apache.catalina.core.ApplicationDispatcher.invoke(ApplicationDispatcher.java:513)
	at org.apache.catalina.core.ApplicationDispatcher.dispatch(ApplicationDispatcher.java:441)
	at org.apache.catalina.core.AsyncContextImpl$AsyncRunnable.run(AsyncContextImpl.java:585)
	at org.apache.catalina.core.AsyncContextImpl.doInternalDispatch(AsyncContextImpl.java:340)
	at org.apache.catalina.core.StandardWrapperValve.invoke(StandardWrapperValve.java:163)
	at org.apache.catalina.core.StandardContextValve.invoke(StandardContextValve.java:77)
	at org.apache.catalina.authenticator.AuthenticatorBase.invoke(AuthenticatorBase.java:492)
	at org.apache.catalina.core.StandardHostValve.invoke(StandardHostValve.java:113)
	at org.apache.catalina.valves.ErrorReportValve.invoke(ErrorReportValve.java:83)
	at org.apache.catalina.core.StandardEngineValve.invoke(StandardEngineValve.java:72)
	at org.apache.catalina.connector.CoyoteAdapter.asyncDispatch(CoyoteAdapter.java:238)
	at org.apache.coyote.AbstractProcessor.dispatch(AbstractProcessor.java:242)
	at org.apache.coyote.AbstractProcessorLight.process(AbstractProcessorLight.java:57)
	at org.apache.coyote.AbstractProtocol$ConnectionHandler.process(AbstractProtocol.java:903)
	at org.apache.tomcat.util.net.NioEndpoint$SocketProcessor.doRun(NioEndpoint.java:1779)
	at org.apache.tomcat.util.net.SocketProcessorBase.run(SocketProcessorBase.java:52)
	at org.apache.tomcat.util.threads.ThreadPoolExecutor.runWorker(ThreadPoolExecutor.java:946)
	at org.apache.tomcat.util.threads.ThreadPoolExecutor$Worker.run(ThreadPoolExecutor.java:480)
	at org.apache.tomcat.util.threads.TaskThread$WrappingRunnable.run(TaskThread.java:57)
	at java.base/java.lang.Thread.run(Thread.java:840)
2026-07-02 14:42:33 [http-nio-8081-exec-6] WARN  o.s.w.s.m.s.DefaultHandlerExceptionResolver - Ignoring exception, response committed already: org.springframework.web.context.request.async.AsyncRequestTimeoutException
2026-07-02 14:42:33 [http-nio-8081-exec-6] WARN  o.s.w.s.m.s.DefaultHandlerExceptionResolver - Resolved [org.springframework.web.context.request.async.AsyncRequestTimeoutException]
2026-07-02 14:42:33 [http-nio-8081-exec-6] DEBUG o.s.s.w.a.AnonymousAuthenticationFilter - Set SecurityContextHolder to anonymous SecurityContext
2026-07-02 14:43:25 [http-nio-8081-exec-10] DEBUG o.s.security.web.FilterChainProxy - Securing GET /api/v1/notifications/stream?token=eyJhbGciOiJIUzI1NiJ9.eyJzdWIiOiJUdW5hLWFkbWluIiwicGVybWlzc2lvbnMiOlsiUk9MRV9BRE1JTiJdLCJpc3MiOiJkZXZ0ZXJpYS5jb20iLCJleHAiOjE3Nzk1MjAyNzUsImlhdCI6MTc3OTUxMzA3NSwidXNlcklkIjoiMGZiN2VkZjMtYzQ5YS00NTQ5LTg4YzUtNDk5OTMxNGEzMzFlIn0.bJu3f8N3VUhzhAlzxn07v98jJkgoo3H20isKAEyAScU
2026-07-02 14:43:25 [http-nio-8081-exec-10] DEBUG o.s.security.web.FilterChainProxy - Secured GET /api/v1/notifications/stream?token=eyJhbGciOiJIUzI1NiJ9.eyJzdWIiOiJUdW5hLWFkbWluIiwicGVybWlzc2lvbnMiOlsiUk9MRV9BRE1JTiJdLCJpc3MiOiJkZXZ0ZXJpYS5jb20iLCJleHAiOjE3Nzk1MjAyNzUsImlhdCI6MTc3OTUxMzA3NSwidXNlcklkIjoiMGZiN2VkZjMtYzQ5YS00NTQ5LTg4YzUtNDk5OTMxNGEzMzFlIn0.bJu3f8N3VUhzhAlzxn07v98jJkgoo3H20isKAEyAScU
2026-07-02 14:43:25 [http-nio-8081-exec-10] ERROR c.e.b.e.GlobalExceptionHandler - Unhandled Exception: 
org.springframework.web.context.request.async.AsyncRequestTimeoutException
	at org.springframework.web.context.request.async.TimeoutDeferredResultProcessingInterceptor.handleTimeout(TimeoutDeferredResultProcessingInterceptor.java:42)
	at org.springframework.web.context.request.async.DeferredResultInterceptorChain.triggerAfterTimeout(DeferredResultInterceptorChain.java:80)
	at org.springframework.web.context.request.async.WebAsyncManager.lambda$startDeferredResultProcessing$0(WebAsyncManager.java:426)
	at java.base/java.util.ArrayList.forEach(ArrayList.java:1511)
	at org.springframework.web.context.request.async.StandardServletAsyncWebRequest.onTimeout(StandardServletAsyncWebRequest.java:184)
	at org.apache.catalina.core.AsyncListenerWrapper.fireOnTimeout(AsyncListenerWrapper.java:44)
	at org.apache.catalina.core.AsyncContextImpl.timeout(AsyncContextImpl.java:136)
	at org.apache.catalina.connector.CoyoteAdapter.asyncDispatch(CoyoteAdapter.java:134)
	at org.apache.coyote.AbstractProcessor.dispatch(AbstractProcessor.java:242)
	at org.apache.coyote.AbstractProcessorLight.process(AbstractProcessorLight.java:57)
	at org.apache.coyote.AbstractProtocol$ConnectionHandler.process(AbstractProtocol.java:903)
	at org.apache.tomcat.util.net.NioEndpoint$SocketProcessor.doRun(NioEndpoint.java:1779)
	at org.apache.tomcat.util.net.SocketProcessorBase.run(SocketProcessorBase.java:52)
	at org.apache.tomcat.util.threads.ThreadPoolExecutor.runWorker(ThreadPoolExecutor.java:946)
	at org.apache.tomcat.util.threads.ThreadPoolExecutor$Worker.run(ThreadPoolExecutor.java:480)
	at org.apache.tomcat.util.threads.TaskThread$WrappingRunnable.run(TaskThread.java:57)
	at java.base/java.lang.Thread.run(Thread.java:840)
2026-07-02 14:43:25 [http-nio-8081-exec-10] WARN  o.s.w.s.m.m.a.ExceptionHandlerExceptionResolver - Failure in @ExceptionHandler com.example.backend.exception.GlobalExceptionHandler#handleException(Exception)
org.springframework.http.converter.HttpMessageNotWritableException: No converter for [class com.example.backend.dto.response.ApiResponse] with preset Content-Type 'text/event-stream'
	at org.springframework.web.servlet.mvc.method.annotation.AbstractMessageConverterMethodProcessor.writeWithMessageConverters(AbstractMessageConverterMethodProcessor.java:364)
	at org.springframework.web.servlet.mvc.method.annotation.HttpEntityMethodProcessor.handleReturnValue(HttpEntityMethodProcessor.java:261)
	at org.springframework.web.method.support.HandlerMethodReturnValueHandlerComposite.handleReturnValue(HandlerMethodReturnValueHandlerComposite.java:78)
	at org.springframework.web.servlet.mvc.method.annotation.ServletInvocableHandlerMethod.invokeAndHandle(ServletInvocableHandlerMethod.java:135)
	at org.springframework.web.servlet.mvc.method.annotation.ExceptionHandlerExceptionResolver.doResolveHandlerMethodException(ExceptionHandlerExceptionResolver.java:460)
	at org.springframework.web.servlet.handler.AbstractHandlerMethodExceptionResolver.doResolveException(AbstractHandlerMethodExceptionResolver.java:72)
	at org.springframework.web.servlet.handler.AbstractHandlerExceptionResolver.resolveException(AbstractHandlerExceptionResolver.java:176)
	at org.springframework.web.servlet.handler.HandlerExceptionResolverComposite.resolveException(HandlerExceptionResolverComposite.java:78)
	at org.springframework.web.servlet.DispatcherServlet.processHandlerException(DispatcherServlet.java:1227)
	at org.springframework.web.servlet.DispatcherServlet.processDispatchResult(DispatcherServlet.java:1035)
	at org.springframework.web.servlet.DispatcherServlet.doDispatch(DispatcherServlet.java:980)
	at org.springframework.web.servlet.DispatcherServlet.doService(DispatcherServlet.java:866)
	at org.springframework.web.servlet.FrameworkServlet.processRequest(FrameworkServlet.java:1000)
	at org.springframework.web.servlet.FrameworkServlet.doGet(FrameworkServlet.java:892)
	at jakarta.servlet.http.HttpServlet.service(HttpServlet.java:622)
	at org.springframework.web.servlet.FrameworkServlet.service(FrameworkServlet.java:874)
	at jakarta.servlet.http.HttpServlet.service(HttpServlet.java:710)
	at org.apache.catalina.core.ApplicationFilterChain.doFilter(ApplicationFilterChain.java:128)
	at org.springframework.web.filter.OncePerRequestFilter.doFilter(OncePerRequestFilter.java:101)
	at org.apache.catalina.core.ApplicationFilterChain.doFilter(ApplicationFilterChain.java:107)
	at org.springframework.web.filter.CompositeFilter$VirtualFilterChain.doFilter(CompositeFilter.java:108)
	at org.springframework.security.web.FilterChainProxy.lambda$doFilterInternal$3(FilterChainProxy.java:235)
	at org.springframework.security.web.FilterChainProxy$VirtualFilterChain.doFilter(FilterChainProxy.java:371)
	at org.springframework.security.web.access.intercept.AuthorizationFilter.doFilter(AuthorizationFilter.java:101)
	at org.springframework.security.web.FilterChainProxy$VirtualFilterChain.doFilter(FilterChainProxy.java:380)
	at org.springframework.security.web.access.ExceptionTranslationFilter.doFilter(ExceptionTranslationFilter.java:126)
	at org.springframework.security.web.access.ExceptionTranslationFilter.doFilter(ExceptionTranslationFilter.java:120)
	at org.springframework.security.web.FilterChainProxy$VirtualFilterChain.doFilter(FilterChainProxy.java:380)
	at org.springframework.security.web.authentication.AnonymousAuthenticationFilter.doFilter(AnonymousAuthenticationFilter.java:100)
	at org.springframework.security.web.FilterChainProxy$VirtualFilterChain.doFilter(FilterChainProxy.java:380)
	at org.springframework.security.web.servletapi.SecurityContextHolderAwareRequestFilter.doFilter(SecurityContextHolderAwareRequestFilter.java:181)
	at org.springframework.security.web.FilterChainProxy$VirtualFilterChain.doFilter(FilterChainProxy.java:380)
	at org.springframework.security.web.savedrequest.RequestCacheAwareFilter.doFilter(RequestCacheAwareFilter.java:63)
	at org.springframework.security.web.FilterChainProxy$VirtualFilterChain.doFilter(FilterChainProxy.java:380)
	at org.springframework.web.filter.OncePerRequestFilter.doFilter(OncePerRequestFilter.java:101)
	at org.springframework.security.web.FilterChainProxy$VirtualFilterChain.doFilter(FilterChainProxy.java:380)
	at org.springframework.security.web.authentication.logout.LogoutFilter.doFilter(LogoutFilter.java:110)
	at org.springframework.security.web.authentication.logout.LogoutFilter.doFilter(LogoutFilter.java:96)
	at org.springframework.security.web.FilterChainProxy$VirtualFilterChain.doFilter(FilterChainProxy.java:380)
	at org.springframework.web.filter.OncePerRequestFilter.doFilter(OncePerRequestFilter.java:101)
	at org.springframework.security.web.FilterChainProxy$VirtualFilterChain.doFilter(FilterChainProxy.java:380)
	at org.springframework.web.filter.OncePerRequestFilter.doFilter(OncePerRequestFilter.java:101)
	at org.springframework.security.web.FilterChainProxy$VirtualFilterChain.doFilter(FilterChainProxy.java:380)
	at org.springframework.security.web.context.SecurityContextHolderFilter.doFilter(SecurityContextHolderFilter.java:82)
	at org.springframework.security.web.context.SecurityContextHolderFilter.doFilter(SecurityContextHolderFilter.java:69)
	at org.springframework.security.web.FilterChainProxy$VirtualFilterChain.doFilter(FilterChainProxy.java:380)
	at org.springframework.web.filter.OncePerRequestFilter.doFilter(OncePerRequestFilter.java:101)
	at org.springframework.security.web.FilterChainProxy$VirtualFilterChain.doFilter(FilterChainProxy.java:380)
	at org.springframework.web.filter.OncePerRequestFilter.doFilter(OncePerRequestFilter.java:101)
	at org.springframework.security.web.FilterChainProxy$VirtualFilterChain.doFilter(FilterChainProxy.java:380)
	at org.springframework.security.web.FilterChainProxy.doFilterInternal(FilterChainProxy.java:237)
	at org.springframework.security.web.FilterChainProxy.doFilter(FilterChainProxy.java:195)
	at org.springframework.web.filter.CompositeFilter$VirtualFilterChain.doFilter(CompositeFilter.java:113)
	at org.springframework.web.filter.ServletRequestPathFilter.doFilter(ServletRequestPathFilter.java:52)
	at org.springframework.web.filter.CompositeFilter$VirtualFilterChain.doFilter(CompositeFilter.java:113)
	at org.springframework.web.filter.CompositeFilter.doFilter(CompositeFilter.java:74)
	at org.springframework.security.config.annotation.web.configuration.WebSecurityConfiguration$CompositeFilterChainProxy.doFilter(WebSecurityConfiguration.java:317)
	at org.springframework.web.filter.DelegatingFilterProxy.invokeDelegate(DelegatingFilterProxy.java:355)
	at org.springframework.web.filter.DelegatingFilterProxy.doFilter(DelegatingFilterProxy.java:272)
	at org.apache.catalina.core.ApplicationFilterChain.doFilter(ApplicationFilterChain.java:107)
	at org.springframework.web.filter.RequestContextFilter.doFilterInternal(RequestContextFilter.java:100)
	at org.springframework.web.filter.OncePerRequestFilter.doFilter(OncePerRequestFilter.java:116)
	at org.apache.catalina.core.ApplicationFilterChain.doFilter(ApplicationFilterChain.java:107)
	at org.springframework.web.filter.OncePerRequestFilter.doFilter(OncePerRequestFilter.java:101)
	at org.apache.catalina.core.ApplicationFilterChain.doFilter(ApplicationFilterChain.java:107)
	at org.springframework.web.filter.OncePerRequestFilter.doFilter(OncePerRequestFilter.java:101)
	at org.apache.catalina.core.ApplicationFilterChain.doFilter(ApplicationFilterChain.java:107)
	at org.springframework.web.filter.OncePerRequestFilter.doFilter(OncePerRequestFilter.java:101)
	at org.apache.catalina.core.ApplicationFilterChain.doFilter(ApplicationFilterChain.java:107)
	at org.apache.catalina.core.ApplicationDispatcher.invoke(ApplicationDispatcher.java:513)
	at org.apache.catalina.core.ApplicationDispatcher.dispatch(ApplicationDispatcher.java:441)
	at org.apache.catalina.core.AsyncContextImpl$AsyncRunnable.run(AsyncContextImpl.java:585)
	at org.apache.catalina.core.AsyncContextImpl.doInternalDispatch(AsyncContextImpl.java:340)
	at org.apache.catalina.core.StandardWrapperValve.invoke(StandardWrapperValve.java:163)
	at org.apache.catalina.core.StandardContextValve.invoke(StandardContextValve.java:77)
	at org.apache.catalina.authenticator.AuthenticatorBase.invoke(AuthenticatorBase.java:492)
	at org.apache.catalina.core.StandardHostValve.invoke(StandardHostValve.java:113)
	at org.apache.catalina.valves.ErrorReportValve.invoke(ErrorReportValve.java:83)
	at org.apache.catalina.core.StandardEngineValve.invoke(StandardEngineValve.java:72)
	at org.apache.catalina.connector.CoyoteAdapter.asyncDispatch(CoyoteAdapter.java:238)
	at org.apache.coyote.AbstractProcessor.dispatch(AbstractProcessor.java:242)
	at org.apache.coyote.AbstractProcessorLight.process(AbstractProcessorLight.java:57)
	at org.apache.coyote.AbstractProtocol$ConnectionHandler.process(AbstractProtocol.java:903)
	at org.apache.tomcat.util.net.NioEndpoint$SocketProcessor.doRun(NioEndpoint.java:1779)
	at org.apache.tomcat.util.net.SocketProcessorBase.run(SocketProcessorBase.java:52)
	at org.apache.tomcat.util.threads.ThreadPoolExecutor.runWorker(ThreadPoolExecutor.java:946)
	at org.apache.tomcat.util.threads.ThreadPoolExecutor$Worker.run(ThreadPoolExecutor.java:480)
	at org.apache.tomcat.util.threads.TaskThread$WrappingRunnable.run(TaskThread.java:57)
	at java.base/java.lang.Thread.run(Thread.java:840)
2026-07-02 14:43:25 [http-nio-8081-exec-10] WARN  o.s.w.s.m.s.DefaultHandlerExceptionResolver - Ignoring exception, response committed already: org.springframework.web.context.request.async.AsyncRequestTimeoutException
2026-07-02 14:43:25 [http-nio-8081-exec-10] WARN  o.s.w.s.m.s.DefaultHandlerExceptionResolver - Resolved [org.springframework.web.context.request.async.AsyncRequestTimeoutException]
2026-07-02 14:43:25 [http-nio-8081-exec-10] DEBUG o.s.s.w.a.AnonymousAuthenticationFilter - Set SecurityContextHolder to anonymous SecurityContext
2026-07-02 14:44:12 [http-nio-8081-exec-2] DEBUG o.s.security.web.FilterChainProxy - Securing GET /api/v1/notifications/stream?token=eyJhbGciOiJIUzI1NiJ9.eyJzdWIiOiJUdW5hLWFkbWluIiwicGVybWlzc2lvbnMiOlsiUk9MRV9BRE1JTiJdLCJpc3MiOiJkZXZ0ZXJpYS5jb20iLCJleHAiOjE3Nzk1MjAyNzUsImlhdCI6MTc3OTUxMzA3NSwidXNlcklkIjoiMGZiN2VkZjMtYzQ5YS00NTQ5LTg4YzUtNDk5OTMxNGEzMzFlIn0.bJu3f8N3VUhzhAlzxn07v98jJkgoo3H20isKAEyAScU
2026-07-02 14:44:12 [http-nio-8081-exec-2] DEBUG o.s.security.web.FilterChainProxy - Secured GET /api/v1/notifications/stream?token=eyJhbGciOiJIUzI1NiJ9.eyJzdWIiOiJUdW5hLWFkbWluIiwicGVybWlzc2lvbnMiOlsiUk9MRV9BRE1JTiJdLCJpc3MiOiJkZXZ0ZXJpYS5jb20iLCJleHAiOjE3Nzk1MjAyNzUsImlhdCI6MTc3OTUxMzA3NSwidXNlcklkIjoiMGZiN2VkZjMtYzQ5YS00NTQ5LTg4YzUtNDk5OTMxNGEzMzFlIn0.bJu3f8N3VUhzhAlzxn07v98jJkgoo3H20isKAEyAScU
2026-07-02 14:44:12 [http-nio-8081-exec-2] ERROR c.e.b.e.GlobalExceptionHandler - Unhandled Exception: 
org.springframework.web.context.request.async.AsyncRequestTimeoutException
	at org.springframework.web.context.request.async.TimeoutDeferredResultProcessingInterceptor.handleTimeout(TimeoutDeferredResultProcessingInterceptor.java:42)
	at org.springframework.web.context.request.async.DeferredResultInterceptorChain.triggerAfterTimeout(DeferredResultInterceptorChain.java:80)
	at org.springframework.web.context.request.async.WebAsyncManager.lambda$startDeferredResultProcessing$0(WebAsyncManager.java:426)
	at java.base/java.util.ArrayList.forEach(ArrayList.java:1511)
	at org.springframework.web.context.request.async.StandardServletAsyncWebRequest.onTimeout(StandardServletAsyncWebRequest.java:184)
	at org.apache.catalina.core.AsyncListenerWrapper.fireOnTimeout(AsyncListenerWrapper.java:44)
	at org.apache.catalina.core.AsyncContextImpl.timeout(AsyncContextImpl.java:136)
	at org.apache.catalina.connector.CoyoteAdapter.asyncDispatch(CoyoteAdapter.java:134)
	at org.apache.coyote.AbstractProcessor.dispatch(AbstractProcessor.java:242)
	at org.apache.coyote.AbstractProcessorLight.process(AbstractProcessorLight.java:57)
	at org.apache.coyote.AbstractProtocol$ConnectionHandler.process(AbstractProtocol.java:903)
	at org.apache.tomcat.util.net.NioEndpoint$SocketProcessor.doRun(NioEndpoint.java:1779)
	at org.apache.tomcat.util.net.SocketProcessorBase.run(SocketProcessorBase.java:52)
	at org.apache.tomcat.util.threads.ThreadPoolExecutor.runWorker(ThreadPoolExecutor.java:946)
	at org.apache.tomcat.util.threads.ThreadPoolExecutor$Worker.run(ThreadPoolExecutor.java:480)
	at org.apache.tomcat.util.threads.TaskThread$WrappingRunnable.run(TaskThread.java:57)
	at java.base/java.lang.Thread.run(Thread.java:840)
2026-07-02 14:44:12 [http-nio-8081-exec-2] WARN  o.s.w.s.m.m.a.ExceptionHandlerExceptionResolver - Failure in @ExceptionHandler com.example.backend.exception.GlobalExceptionHandler#handleException(Exception)
org.springframework.http.converter.HttpMessageNotWritableException: No converter for [class com.example.backend.dto.response.ApiResponse] with preset Content-Type 'text/event-stream'
	at org.springframework.web.servlet.mvc.method.annotation.AbstractMessageConverterMethodProcessor.writeWithMessageConverters(AbstractMessageConverterMethodProcessor.java:364)
	at org.springframework.web.servlet.mvc.method.annotation.HttpEntityMethodProcessor.handleReturnValue(HttpEntityMethodProcessor.java:261)
	at org.springframework.web.method.support.HandlerMethodReturnValueHandlerComposite.handleReturnValue(HandlerMethodReturnValueHandlerComposite.java:78)
	at org.springframework.web.servlet.mvc.method.annotation.ServletInvocableHandlerMethod.invokeAndHandle(ServletInvocableHandlerMethod.java:135)
	at org.springframework.web.servlet.mvc.method.annotation.ExceptionHandlerExceptionResolver.doResolveHandlerMethodException(ExceptionHandlerExceptionResolver.java:460)
	at org.springframework.web.servlet.handler.AbstractHandlerMethodExceptionResolver.doResolveException(AbstractHandlerMethodExceptionResolver.java:72)
	at org.springframework.web.servlet.handler.AbstractHandlerExceptionResolver.resolveException(AbstractHandlerExceptionResolver.java:176)
	at org.springframework.web.servlet.handler.HandlerExceptionResolverComposite.resolveException(HandlerExceptionResolverComposite.java:78)
	at org.springframework.web.servlet.DispatcherServlet.processHandlerException(DispatcherServlet.java:1227)
	at org.springframework.web.servlet.DispatcherServlet.processDispatchResult(DispatcherServlet.java:1035)
	at org.springframework.web.servlet.DispatcherServlet.doDispatch(DispatcherServlet.java:980)
	at org.springframework.web.servlet.DispatcherServlet.doService(DispatcherServlet.java:866)
	at org.springframework.web.servlet.FrameworkServlet.processRequest(FrameworkServlet.java:1000)
	at org.springframework.web.servlet.FrameworkServlet.doGet(FrameworkServlet.java:892)
	at jakarta.servlet.http.HttpServlet.service(HttpServlet.java:622)
	at org.springframework.web.servlet.FrameworkServlet.service(FrameworkServlet.java:874)
	at jakarta.servlet.http.HttpServlet.service(HttpServlet.java:710)
	at org.apache.catalina.core.ApplicationFilterChain.doFilter(ApplicationFilterChain.java:128)
	at org.springframework.web.filter.OncePerRequestFilter.doFilter(OncePerRequestFilter.java:101)
	at org.apache.catalina.core.ApplicationFilterChain.doFilter(ApplicationFilterChain.java:107)
	at org.springframework.web.filter.CompositeFilter$VirtualFilterChain.doFilter(CompositeFilter.java:108)
	at org.springframework.security.web.FilterChainProxy.lambda$doFilterInternal$3(FilterChainProxy.java:235)
	at org.springframework.security.web.FilterChainProxy$VirtualFilterChain.doFilter(FilterChainProxy.java:371)
	at org.springframework.security.web.access.intercept.AuthorizationFilter.doFilter(AuthorizationFilter.java:101)
	at org.springframework.security.web.FilterChainProxy$VirtualFilterChain.doFilter(FilterChainProxy.java:380)
	at org.springframework.security.web.access.ExceptionTranslationFilter.doFilter(ExceptionTranslationFilter.java:126)
	at org.springframework.security.web.access.ExceptionTranslationFilter.doFilter(ExceptionTranslationFilter.java:120)
	at org.springframework.security.web.FilterChainProxy$VirtualFilterChain.doFilter(FilterChainProxy.java:380)
	at org.springframework.security.web.authentication.AnonymousAuthenticationFilter.doFilter(AnonymousAuthenticationFilter.java:100)
	at org.springframework.security.web.FilterChainProxy$VirtualFilterChain.doFilter(FilterChainProxy.java:380)
	at org.springframework.security.web.servletapi.SecurityContextHolderAwareRequestFilter.doFilter(SecurityContextHolderAwareRequestFilter.java:181)
	at org.springframework.security.web.FilterChainProxy$VirtualFilterChain.doFilter(FilterChainProxy.java:380)
	at org.springframework.security.web.savedrequest.RequestCacheAwareFilter.doFilter(RequestCacheAwareFilter.java:63)
	at org.springframework.security.web.FilterChainProxy$VirtualFilterChain.doFilter(FilterChainProxy.java:380)
	at org.springframework.web.filter.OncePerRequestFilter.doFilter(OncePerRequestFilter.java:101)
	at org.springframework.security.web.FilterChainProxy$VirtualFilterChain.doFilter(FilterChainProxy.java:380)
	at org.springframework.security.web.authentication.logout.LogoutFilter.doFilter(LogoutFilter.java:110)
	at org.springframework.security.web.authentication.logout.LogoutFilter.doFilter(LogoutFilter.java:96)
	at org.springframework.security.web.FilterChainProxy$VirtualFilterChain.doFilter(FilterChainProxy.java:380)
	at org.springframework.web.filter.OncePerRequestFilter.doFilter(OncePerRequestFilter.java:101)
	at org.springframework.security.web.FilterChainProxy$VirtualFilterChain.doFilter(FilterChainProxy.java:380)
	at org.springframework.web.filter.OncePerRequestFilter.doFilter(OncePerRequestFilter.java:101)
	at org.springframework.security.web.FilterChainProxy$VirtualFilterChain.doFilter(FilterChainProxy.java:380)
	at org.springframework.security.web.context.SecurityContextHolderFilter.doFilter(SecurityContextHolderFilter.java:82)
	at org.springframework.security.web.context.SecurityContextHolderFilter.doFilter(SecurityContextHolderFilter.java:69)
	at org.springframework.security.web.FilterChainProxy$VirtualFilterChain.doFilter(FilterChainProxy.java:380)
	at org.springframework.web.filter.OncePerRequestFilter.doFilter(OncePerRequestFilter.java:101)
	at org.springframework.security.web.FilterChainProxy$VirtualFilterChain.doFilter(FilterChainProxy.java:380)
	at org.springframework.web.filter.OncePerRequestFilter.doFilter(OncePerRequestFilter.java:101)
	at org.springframework.security.web.FilterChainProxy$VirtualFilterChain.doFilter(FilterChainProxy.java:380)
	at org.springframework.security.web.FilterChainProxy.doFilterInternal(FilterChainProxy.java:237)
	at org.springframework.security.web.FilterChainProxy.doFilter(FilterChainProxy.java:195)
	at org.springframework.web.filter.CompositeFilter$VirtualFilterChain.doFilter(CompositeFilter.java:113)
	at org.springframework.web.filter.ServletRequestPathFilter.doFilter(ServletRequestPathFilter.java:52)
	at org.springframework.web.filter.CompositeFilter$VirtualFilterChain.doFilter(CompositeFilter.java:113)
	at org.springframework.web.filter.CompositeFilter.doFilter(CompositeFilter.java:74)
	at org.springframework.security.config.annotation.web.configuration.WebSecurityConfiguration$CompositeFilterChainProxy.doFilter(WebSecurityConfiguration.java:317)
	at org.springframework.web.filter.DelegatingFilterProxy.invokeDelegate(DelegatingFilterProxy.java:355)
	at org.springframework.web.filter.DelegatingFilterProxy.doFilter(DelegatingFilterProxy.java:272)
	at org.apache.catalina.core.ApplicationFilterChain.doFilter(ApplicationFilterChain.java:107)
	at org.springframework.web.filter.RequestContextFilter.doFilterInternal(RequestContextFilter.java:100)
	at org.springframework.web.filter.OncePerRequestFilter.doFilter(OncePerRequestFilter.java:116)
	at org.apache.catalina.core.ApplicationFilterChain.doFilter(ApplicationFilterChain.java:107)
	at org.springframework.web.filter.OncePerRequestFilter.doFilter(OncePerRequestFilter.java:101)
	at org.apache.catalina.core.ApplicationFilterChain.doFilter(ApplicationFilterChain.java:107)
	at org.springframework.web.filter.OncePerRequestFilter.doFilter(OncePerRequestFilter.java:101)
	at org.apache.catalina.core.ApplicationFilterChain.doFilter(ApplicationFilterChain.java:107)
	at org.springframework.web.filter.OncePerRequestFilter.doFilter(OncePerRequestFilter.java:101)
	at org.apache.catalina.core.ApplicationFilterChain.doFilter(ApplicationFilterChain.java:107)
	at org.apache.catalina.core.ApplicationDispatcher.invoke(ApplicationDispatcher.java:513)
	at org.apache.catalina.core.ApplicationDispatcher.dispatch(ApplicationDispatcher.java:441)
	at org.apache.catalina.core.AsyncContextImpl$AsyncRunnable.run(AsyncContextImpl.java:585)
	at org.apache.catalina.core.AsyncContextImpl.doInternalDispatch(AsyncContextImpl.java:340)
	at org.apache.catalina.core.StandardWrapperValve.invoke(StandardWrapperValve.java:163)
	at org.apache.catalina.core.StandardContextValve.invoke(StandardContextValve.java:77)
	at org.apache.catalina.authenticator.AuthenticatorBase.invoke(AuthenticatorBase.java:492)
	at org.apache.catalina.core.StandardHostValve.invoke(StandardHostValve.java:113)
	at org.apache.catalina.valves.ErrorReportValve.invoke(ErrorReportValve.java:83)
	at org.apache.catalina.core.StandardEngineValve.invoke(StandardEngineValve.java:72)
	at org.apache.catalina.connector.CoyoteAdapter.asyncDispatch(CoyoteAdapter.java:238)
	at org.apache.coyote.AbstractProcessor.dispatch(AbstractProcessor.java:242)
	at org.apache.coyote.AbstractProcessorLight.process(AbstractProcessorLight.java:57)
	at org.apache.coyote.AbstractProtocol$ConnectionHandler.process(AbstractProtocol.java:903)
	at org.apache.tomcat.util.net.NioEndpoint$SocketProcessor.doRun(NioEndpoint.java:1779)
	at org.apache.tomcat.util.net.SocketProcessorBase.run(SocketProcessorBase.java:52)
	at org.apache.tomcat.util.threads.ThreadPoolExecutor.runWorker(ThreadPoolExecutor.java:946)
	at org.apache.tomcat.util.threads.ThreadPoolExecutor$Worker.run(ThreadPoolExecutor.java:480)
	at org.apache.tomcat.util.threads.TaskThread$WrappingRunnable.run(TaskThread.java:57)
	at java.base/java.lang.Thread.run(Thread.java:840)
2026-07-02 14:44:12 [http-nio-8081-exec-2] WARN  o.s.w.s.m.s.DefaultHandlerExceptionResolver - Ignoring exception, response committed already: org.springframework.web.context.request.async.AsyncRequestTimeoutException
2026-07-02 14:44:12 [http-nio-8081-exec-2] WARN  o.s.w.s.m.s.DefaultHandlerExceptionResolver - Resolved [org.springframework.web.context.request.async.AsyncRequestTimeoutException]
2026-07-02 14:44:12 [http-nio-8081-exec-2] DEBUG o.s.s.w.a.AnonymousAuthenticationFilter - Set SecurityContextHolder to anonymous SecurityContext
2026-07-02 14:44:57 [http-nio-8081-exec-4] DEBUG o.s.security.web.FilterChainProxy - Securing GET /api/v1/notifications/stream?token=eyJhbGciOiJIUzI1NiJ9.eyJzdWIiOiJUdW5hLWFkbWluIiwicGVybWlzc2lvbnMiOlsiUk9MRV9BRE1JTiJdLCJpc3MiOiJkZXZ0ZXJpYS5jb20iLCJleHAiOjE3Nzk1MjAyNzUsImlhdCI6MTc3OTUxMzA3NSwidXNlcklkIjoiMGZiN2VkZjMtYzQ5YS00NTQ5LTg4YzUtNDk5OTMxNGEzMzFlIn0.bJu3f8N3VUhzhAlzxn07v98jJkgoo3H20isKAEyAScU
2026-07-02 14:44:57 [http-nio-8081-exec-4] DEBUG o.s.security.web.FilterChainProxy - Secured GET /api/v1/notifications/stream?token=eyJhbGciOiJIUzI1NiJ9.eyJzdWIiOiJUdW5hLWFkbWluIiwicGVybWlzc2lvbnMiOlsiUk9MRV9BRE1JTiJdLCJpc3MiOiJkZXZ0ZXJpYS5jb20iLCJleHAiOjE3Nzk1MjAyNzUsImlhdCI6MTc3OTUxMzA3NSwidXNlcklkIjoiMGZiN2VkZjMtYzQ5YS00NTQ5LTg4YzUtNDk5OTMxNGEzMzFlIn0.bJu3f8N3VUhzhAlzxn07v98jJkgoo3H20isKAEyAScU
2026-07-02 14:44:57 [http-nio-8081-exec-4] ERROR c.e.b.e.GlobalExceptionHandler - Unhandled Exception: 
org.springframework.web.context.request.async.AsyncRequestTimeoutException
	at org.springframework.web.context.request.async.TimeoutDeferredResultProcessingInterceptor.handleTimeout(TimeoutDeferredResultProcessingInterceptor.java:42)
	at org.springframework.web.context.request.async.DeferredResultInterceptorChain.triggerAfterTimeout(DeferredResultInterceptorChain.java:80)
	at org.springframework.web.context.request.async.WebAsyncManager.lambda$startDeferredResultProcessing$0(WebAsyncManager.java:426)
	at java.base/java.util.ArrayList.forEach(ArrayList.java:1511)
	at org.springframework.web.context.request.async.StandardServletAsyncWebRequest.onTimeout(StandardServletAsyncWebRequest.java:184)
	at org.apache.catalina.core.AsyncListenerWrapper.fireOnTimeout(AsyncListenerWrapper.java:44)
	at org.apache.catalina.core.AsyncContextImpl.timeout(AsyncContextImpl.java:136)
	at org.apache.catalina.connector.CoyoteAdapter.asyncDispatch(CoyoteAdapter.java:134)
	at org.apache.coyote.AbstractProcessor.dispatch(AbstractProcessor.java:242)
	at org.apache.coyote.AbstractProcessorLight.process(AbstractProcessorLight.java:57)
	at org.apache.coyote.AbstractProtocol$ConnectionHandler.process(AbstractProtocol.java:903)
	at org.apache.tomcat.util.net.NioEndpoint$SocketProcessor.doRun(NioEndpoint.java:1779)
	at org.apache.tomcat.util.net.SocketProcessorBase.run(SocketProcessorBase.java:52)
	at org.apache.tomcat.util.threads.ThreadPoolExecutor.runWorker(ThreadPoolExecutor.java:946)
	at org.apache.tomcat.util.threads.ThreadPoolExecutor$Worker.run(ThreadPoolExecutor.java:480)
	at org.apache.tomcat.util.threads.TaskThread$WrappingRunnable.run(TaskThread.java:57)
	at java.base/java.lang.Thread.run(Thread.java:840)
2026-07-02 14:44:57 [http-nio-8081-exec-4] WARN  o.s.w.s.m.m.a.ExceptionHandlerExceptionResolver - Failure in @ExceptionHandler com.example.backend.exception.GlobalExceptionHandler#handleException(Exception)
org.springframework.http.converter.HttpMessageNotWritableException: No converter for [class com.example.backend.dto.response.ApiResponse] with preset Content-Type 'text/event-stream'
	at org.springframework.web.servlet.mvc.method.annotation.AbstractMessageConverterMethodProcessor.writeWithMessageConverters(AbstractMessageConverterMethodProcessor.java:364)
	at org.springframework.web.servlet.mvc.method.annotation.HttpEntityMethodProcessor.handleReturnValue(HttpEntityMethodProcessor.java:261)
	at org.springframework.web.method.support.HandlerMethodReturnValueHandlerComposite.handleReturnValue(HandlerMethodReturnValueHandlerComposite.java:78)
	at org.springframework.web.servlet.mvc.method.annotation.ServletInvocableHandlerMethod.invokeAndHandle(ServletInvocableHandlerMethod.java:135)
	at org.springframework.web.servlet.mvc.method.annotation.ExceptionHandlerExceptionResolver.doResolveHandlerMethodException(ExceptionHandlerExceptionResolver.java:460)
	at org.springframework.web.servlet.handler.AbstractHandlerMethodExceptionResolver.doResolveException(AbstractHandlerMethodExceptionResolver.java:72)
	at org.springframework.web.servlet.handler.AbstractHandlerExceptionResolver.resolveException(AbstractHandlerExceptionResolver.java:176)
	at org.springframework.web.servlet.handler.HandlerExceptionResolverComposite.resolveException(HandlerExceptionResolverComposite.java:78)
	at org.springframework.web.servlet.DispatcherServlet.processHandlerException(DispatcherServlet.java:1227)
	at org.springframework.web.servlet.DispatcherServlet.processDispatchResult(DispatcherServlet.java:1035)
	at org.springframework.web.servlet.DispatcherServlet.doDispatch(DispatcherServlet.java:980)
	at org.springframework.web.servlet.DispatcherServlet.doService(DispatcherServlet.java:866)
	at org.springframework.web.servlet.FrameworkServlet.processRequest(FrameworkServlet.java:1000)
	at org.springframework.web.servlet.FrameworkServlet.doGet(FrameworkServlet.java:892)
	at jakarta.servlet.http.HttpServlet.service(HttpServlet.java:622)
	at org.springframework.web.servlet.FrameworkServlet.service(FrameworkServlet.java:874)
	at jakarta.servlet.http.HttpServlet.service(HttpServlet.java:710)
	at org.apache.catalina.core.ApplicationFilterChain.doFilter(ApplicationFilterChain.java:128)
	at org.springframework.web.filter.OncePerRequestFilter.doFilter(OncePerRequestFilter.java:101)
	at org.apache.catalina.core.ApplicationFilterChain.doFilter(ApplicationFilterChain.java:107)
	at org.springframework.web.filter.CompositeFilter$VirtualFilterChain.doFilter(CompositeFilter.java:108)
	at org.springframework.security.web.FilterChainProxy.lambda$doFilterInternal$3(FilterChainProxy.java:235)
	at org.springframework.security.web.FilterChainProxy$VirtualFilterChain.doFilter(FilterChainProxy.java:371)
	at org.springframework.security.web.access.intercept.AuthorizationFilter.doFilter(AuthorizationFilter.java:101)
	at org.springframework.security.web.FilterChainProxy$VirtualFilterChain.doFilter(FilterChainProxy.java:380)
	at org.springframework.security.web.access.ExceptionTranslationFilter.doFilter(ExceptionTranslationFilter.java:126)
	at org.springframework.security.web.access.ExceptionTranslationFilter.doFilter(ExceptionTranslationFilter.java:120)
	at org.springframework.security.web.FilterChainProxy$VirtualFilterChain.doFilter(FilterChainProxy.java:380)
	at org.springframework.security.web.authentication.AnonymousAuthenticationFilter.doFilter(AnonymousAuthenticationFilter.java:100)
	at org.springframework.security.web.FilterChainProxy$VirtualFilterChain.doFilter(FilterChainProxy.java:380)
	at org.springframework.security.web.servletapi.SecurityContextHolderAwareRequestFilter.doFilter(SecurityContextHolderAwareRequestFilter.java:181)
	at org.springframework.security.web.FilterChainProxy$VirtualFilterChain.doFilter(FilterChainProxy.java:380)
	at org.springframework.security.web.savedrequest.RequestCacheAwareFilter.doFilter(RequestCacheAwareFilter.java:63)
	at org.springframework.security.web.FilterChainProxy$VirtualFilterChain.doFilter(FilterChainProxy.java:380)
	at org.springframework.web.filter.OncePerRequestFilter.doFilter(OncePerRequestFilter.java:101)
	at org.springframework.security.web.FilterChainProxy$VirtualFilterChain.doFilter(FilterChainProxy.java:380)
	at org.springframework.security.web.authentication.logout.LogoutFilter.doFilter(LogoutFilter.java:110)
	at org.springframework.security.web.authentication.logout.LogoutFilter.doFilter(LogoutFilter.java:96)
	at org.springframework.security.web.FilterChainProxy$VirtualFilterChain.doFilter(FilterChainProxy.java:380)
	at org.springframework.web.filter.OncePerRequestFilter.doFilter(OncePerRequestFilter.java:101)
	at org.springframework.security.web.FilterChainProxy$VirtualFilterChain.doFilter(FilterChainProxy.java:380)
	at org.springframework.web.filter.OncePerRequestFilter.doFilter(OncePerRequestFilter.java:101)
	at org.springframework.security.web.FilterChainProxy$VirtualFilterChain.doFilter(FilterChainProxy.java:380)
	at org.springframework.security.web.context.SecurityContextHolderFilter.doFilter(SecurityContextHolderFilter.java:82)
	at org.springframework.security.web.context.SecurityContextHolderFilter.doFilter(SecurityContextHolderFilter.java:69)
	at org.springframework.security.web.FilterChainProxy$VirtualFilterChain.doFilter(FilterChainProxy.java:380)
	at org.springframework.web.filter.OncePerRequestFilter.doFilter(OncePerRequestFilter.java:101)
	at org.springframework.security.web.FilterChainProxy$VirtualFilterChain.doFilter(FilterChainProxy.java:380)
	at org.springframework.web.filter.OncePerRequestFilter.doFilter(OncePerRequestFilter.java:101)
	at org.springframework.security.web.FilterChainProxy$VirtualFilterChain.doFilter(FilterChainProxy.java:380)
	at org.springframework.security.web.FilterChainProxy.doFilterInternal(FilterChainProxy.java:237)
	at org.springframework.security.web.FilterChainProxy.doFilter(FilterChainProxy.java:195)
	at org.springframework.web.filter.CompositeFilter$VirtualFilterChain.doFilter(CompositeFilter.java:113)
	at org.springframework.web.filter.ServletRequestPathFilter.doFilter(ServletRequestPathFilter.java:52)
	at org.springframework.web.filter.CompositeFilter$VirtualFilterChain.doFilter(CompositeFilter.java:113)
	at org.springframework.web.filter.CompositeFilter.doFilter(CompositeFilter.java:74)
	at org.springframework.security.config.annotation.web.configuration.WebSecurityConfiguration$CompositeFilterChainProxy.doFilter(WebSecurityConfiguration.java:317)
	at org.springframework.web.filter.DelegatingFilterProxy.invokeDelegate(DelegatingFilterProxy.java:355)
	at org.springframework.web.filter.DelegatingFilterProxy.doFilter(DelegatingFilterProxy.java:272)
	at org.apache.catalina.core.ApplicationFilterChain.doFilter(ApplicationFilterChain.java:107)
	at org.springframework.web.filter.RequestContextFilter.doFilterInternal(RequestContextFilter.java:100)
	at org.springframework.web.filter.OncePerRequestFilter.doFilter(OncePerRequestFilter.java:116)
	at org.apache.catalina.core.ApplicationFilterChain.doFilter(ApplicationFilterChain.java:107)
	at org.springframework.web.filter.OncePerRequestFilter.doFilter(OncePerRequestFilter.java:101)
	at org.apache.catalina.core.ApplicationFilterChain.doFilter(ApplicationFilterChain.java:107)
	at org.springframework.web.filter.OncePerRequestFilter.doFilter(OncePerRequestFilter.java:101)
	at org.apache.catalina.core.ApplicationFilterChain.doFilter(ApplicationFilterChain.java:107)
	at org.springframework.web.filter.OncePerRequestFilter.doFilter(OncePerRequestFilter.java:101)
	at org.apache.catalina.core.ApplicationFilterChain.doFilter(ApplicationFilterChain.java:107)
	at org.apache.catalina.core.ApplicationDispatcher.invoke(ApplicationDispatcher.java:513)
	at org.apache.catalina.core.ApplicationDispatcher.dispatch(ApplicationDispatcher.java:441)
	at org.apache.catalina.core.AsyncContextImpl$AsyncRunnable.run(AsyncContextImpl.java:585)
	at org.apache.catalina.core.AsyncContextImpl.doInternalDispatch(AsyncContextImpl.java:340)
	at org.apache.catalina.core.StandardWrapperValve.invoke(StandardWrapperValve.java:163)
	at org.apache.catalina.core.StandardContextValve.invoke(StandardContextValve.java:77)
	at org.apache.catalina.authenticator.AuthenticatorBase.invoke(AuthenticatorBase.java:492)
	at org.apache.catalina.core.StandardHostValve.invoke(StandardHostValve.java:113)
	at org.apache.catalina.valves.ErrorReportValve.invoke(ErrorReportValve.java:83)
	at org.apache.catalina.core.StandardEngineValve.invoke(StandardEngineValve.java:72)
	at org.apache.catalina.connector.CoyoteAdapter.asyncDispatch(CoyoteAdapter.java:238)
	at org.apache.coyote.AbstractProcessor.dispatch(AbstractProcessor.java:242)
	at org.apache.coyote.AbstractProcessorLight.process(AbstractProcessorLight.java:57)
	at org.apache.coyote.AbstractProtocol$ConnectionHandler.process(AbstractProtocol.java:903)
	at org.apache.tomcat.util.net.NioEndpoint$SocketProcessor.doRun(NioEndpoint.java:1779)
	at org.apache.tomcat.util.net.SocketProcessorBase.run(SocketProcessorBase.java:52)
	at org.apache.tomcat.util.threads.ThreadPoolExecutor.runWorker(ThreadPoolExecutor.java:946)
	at org.apache.tomcat.util.threads.ThreadPoolExecutor$Worker.run(ThreadPoolExecutor.java:480)
	at org.apache.tomcat.util.threads.TaskThread$WrappingRunnable.run(TaskThread.java:57)
	at java.base/java.lang.Thread.run(Thread.java:840)
2026-07-02 14:44:57 [http-nio-8081-exec-4] WARN  o.s.w.s.m.s.DefaultHandlerExceptionResolver - Ignoring exception, response committed already: org.springframework.web.context.request.async.AsyncRequestTimeoutException
2026-07-02 14:44:57 [http-nio-8081-exec-4] WARN  o.s.w.s.m.s.DefaultHandlerExceptionResolver - Resolved [org.springframework.web.context.request.async.AsyncRequestTimeoutException]
2026-07-02 14:44:57 [http-nio-8081-exec-4] DEBUG o.s.s.w.a.AnonymousAuthenticationFilter - Set SecurityContextHolder to anonymous SecurityContext
2026-07-02 14:45:01 [http-nio-8081-exec-9] DEBUG o.s.security.web.FilterChainProxy - Securing GET /api/v1/notifications/unread-count
2026-07-02 14:45:01 [http-nio-8081-exec-9] DEBUG o.s.security.web.FilterChainProxy - Secured GET /api/v1/notifications/unread-count
2026-07-02 14:50:01 [http-nio-8081-exec-5] DEBUG o.s.security.web.FilterChainProxy - Securing GET /api/v1/notifications/unread-count
2026-07-02 14:50:01 [http-nio-8081-exec-5] DEBUG o.s.security.web.FilterChainProxy - Secured GET /api/v1/notifications/unread-count
2026-07-02 14:55:02 [http-nio-8081-exec-10] DEBUG o.s.security.web.FilterChainProxy - Securing GET /api/v1/notifications/unread-count
2026-07-02 14:55:02 [http-nio-8081-exec-10] DEBUG o.s.security.web.FilterChainProxy - Secured GET /api/v1/notifications/unread-count
2026-07-02 14:56:39 [http-nio-8081-exec-4] DEBUG o.s.security.web.FilterChainProxy - Securing GET /api/v1/notifications/stream?token=eyJhbGciOiJIUzI1NiJ9.eyJzdWIiOiJUdW5hLWFkbWluIiwicGVybWlzc2lvbnMiOlsiUk9MRV9BRE1JTiJdLCJpc3MiOiJkZXZ0ZXJpYS5jb20iLCJleHAiOjE3Nzk1MjAyNzUsImlhdCI6MTc3OTUxMzA3NSwidXNlcklkIjoiMGZiN2VkZjMtYzQ5YS00NTQ5LTg4YzUtNDk5OTMxNGEzMzFlIn0.bJu3f8N3VUhzhAlzxn07v98jJkgoo3H20isKAEyAScU
2026-07-02 14:56:39 [http-nio-8081-exec-4] DEBUG o.s.security.web.FilterChainProxy - Secured GET /api/v1/notifications/stream?token=eyJhbGciOiJIUzI1NiJ9.eyJzdWIiOiJUdW5hLWFkbWluIiwicGVybWlzc2lvbnMiOlsiUk9MRV9BRE1JTiJdLCJpc3MiOiJkZXZ0ZXJpYS5jb20iLCJleHAiOjE3Nzk1MjAyNzUsImlhdCI6MTc3OTUxMzA3NSwidXNlcklkIjoiMGZiN2VkZjMtYzQ5YS00NTQ5LTg4YzUtNDk5OTMxNGEzMzFlIn0.bJu3f8N3VUhzhAlzxn07v98jJkgoo3H20isKAEyAScU
2026-07-02 14:56:39 [http-nio-8081-exec-4] ERROR c.e.b.e.GlobalExceptionHandler - Unhandled Exception: 
org.springframework.web.context.request.async.AsyncRequestTimeoutException
	at org.springframework.web.context.request.async.TimeoutDeferredResultProcessingInterceptor.handleTimeout(TimeoutDeferredResultProcessingInterceptor.java:42)
	at org.springframework.web.context.request.async.DeferredResultInterceptorChain.triggerAfterTimeout(DeferredResultInterceptorChain.java:80)
	at org.springframework.web.context.request.async.WebAsyncManager.lambda$startDeferredResultProcessing$0(WebAsyncManager.java:426)
	at java.base/java.util.ArrayList.forEach(ArrayList.java:1511)
	at org.springframework.web.context.request.async.StandardServletAsyncWebRequest.onTimeout(StandardServletAsyncWebRequest.java:184)
	at org.apache.catalina.core.AsyncListenerWrapper.fireOnTimeout(AsyncListenerWrapper.java:44)
	at org.apache.catalina.core.AsyncContextImpl.timeout(AsyncContextImpl.java:136)
	at org.apache.catalina.connector.CoyoteAdapter.asyncDispatch(CoyoteAdapter.java:134)
	at org.apache.coyote.AbstractProcessor.dispatch(AbstractProcessor.java:242)
	at org.apache.coyote.AbstractProcessorLight.process(AbstractProcessorLight.java:57)
	at org.apache.coyote.AbstractProtocol$ConnectionHandler.process(AbstractProtocol.java:903)
	at org.apache.tomcat.util.net.NioEndpoint$SocketProcessor.doRun(NioEndpoint.java:1779)
	at org.apache.tomcat.util.net.SocketProcessorBase.run(SocketProcessorBase.java:52)
	at org.apache.tomcat.util.threads.ThreadPoolExecutor.runWorker(ThreadPoolExecutor.java:946)
	at org.apache.tomcat.util.threads.ThreadPoolExecutor$Worker.run(ThreadPoolExecutor.java:480)
	at org.apache.tomcat.util.threads.TaskThread$WrappingRunnable.run(TaskThread.java:57)
	at java.base/java.lang.Thread.run(Thread.java:840)
2026-07-02 14:56:39 [http-nio-8081-exec-4] WARN  o.s.w.s.m.m.a.ExceptionHandlerExceptionResolver - Failure in @ExceptionHandler com.example.backend.exception.GlobalExceptionHandler#handleException(Exception)
org.springframework.http.converter.HttpMessageNotWritableException: No converter for [class com.example.backend.dto.response.ApiResponse] with preset Content-Type 'text/event-stream'
	at org.springframework.web.servlet.mvc.method.annotation.AbstractMessageConverterMethodProcessor.writeWithMessageConverters(AbstractMessageConverterMethodProcessor.java:364)
	at org.springframework.web.servlet.mvc.method.annotation.HttpEntityMethodProcessor.handleReturnValue(HttpEntityMethodProcessor.java:261)
	at org.springframework.web.method.support.HandlerMethodReturnValueHandlerComposite.handleReturnValue(HandlerMethodReturnValueHandlerComposite.java:78)
	at org.springframework.web.servlet.mvc.method.annotation.ServletInvocableHandlerMethod.invokeAndHandle(ServletInvocableHandlerMethod.java:135)
	at org.springframework.web.servlet.mvc.method.annotation.ExceptionHandlerExceptionResolver.doResolveHandlerMethodException(ExceptionHandlerExceptionResolver.java:460)
	at org.springframework.web.servlet.handler.AbstractHandlerMethodExceptionResolver.doResolveException(AbstractHandlerMethodExceptionResolver.java:72)
	at org.springframework.web.servlet.handler.AbstractHandlerExceptionResolver.resolveException(AbstractHandlerExceptionResolver.java:176)
	at org.springframework.web.servlet.handler.HandlerExceptionResolverComposite.resolveException(HandlerExceptionResolverComposite.java:78)
	at org.springframework.web.servlet.DispatcherServlet.processHandlerException(DispatcherServlet.java:1227)
	at org.springframework.web.servlet.DispatcherServlet.processDispatchResult(DispatcherServlet.java:1035)
	at org.springframework.web.servlet.DispatcherServlet.doDispatch(DispatcherServlet.java:980)
	at org.springframework.web.servlet.DispatcherServlet.doService(DispatcherServlet.java:866)
	at org.springframework.web.servlet.FrameworkServlet.processRequest(FrameworkServlet.java:1000)
	at org.springframework.web.servlet.FrameworkServlet.doGet(FrameworkServlet.java:892)
	at jakarta.servlet.http.HttpServlet.service(HttpServlet.java:622)
	at org.springframework.web.servlet.FrameworkServlet.service(FrameworkServlet.java:874)
	at jakarta.servlet.http.HttpServlet.service(HttpServlet.java:710)
	at org.apache.catalina.core.ApplicationFilterChain.doFilter(ApplicationFilterChain.java:128)
	at org.springframework.web.filter.OncePerRequestFilter.doFilter(OncePerRequestFilter.java:101)
	at org.apache.catalina.core.ApplicationFilterChain.doFilter(ApplicationFilterChain.java:107)
	at org.springframework.web.filter.CompositeFilter$VirtualFilterChain.doFilter(CompositeFilter.java:108)
	at org.springframework.security.web.FilterChainProxy.lambda$doFilterInternal$3(FilterChainProxy.java:235)
	at org.springframework.security.web.FilterChainProxy$VirtualFilterChain.doFilter(FilterChainProxy.java:371)
	at org.springframework.security.web.access.intercept.AuthorizationFilter.doFilter(AuthorizationFilter.java:101)
	at org.springframework.security.web.FilterChainProxy$VirtualFilterChain.doFilter(FilterChainProxy.java:380)
	at org.springframework.security.web.access.ExceptionTranslationFilter.doFilter(ExceptionTranslationFilter.java:126)
	at org.springframework.security.web.access.ExceptionTranslationFilter.doFilter(ExceptionTranslationFilter.java:120)
	at org.springframework.security.web.FilterChainProxy$VirtualFilterChain.doFilter(FilterChainProxy.java:380)
	at org.springframework.security.web.authentication.AnonymousAuthenticationFilter.doFilter(AnonymousAuthenticationFilter.java:100)
	at org.springframework.security.web.FilterChainProxy$VirtualFilterChain.doFilter(FilterChainProxy.java:380)
	at org.springframework.security.web.servletapi.SecurityContextHolderAwareRequestFilter.doFilter(SecurityContextHolderAwareRequestFilter.java:181)
	at org.springframework.security.web.FilterChainProxy$VirtualFilterChain.doFilter(FilterChainProxy.java:380)
	at org.springframework.security.web.savedrequest.RequestCacheAwareFilter.doFilter(RequestCacheAwareFilter.java:63)
	at org.springframework.security.web.FilterChainProxy$VirtualFilterChain.doFilter(FilterChainProxy.java:380)
	at org.springframework.web.filter.OncePerRequestFilter.doFilter(OncePerRequestFilter.java:101)
	at org.springframework.security.web.FilterChainProxy$VirtualFilterChain.doFilter(FilterChainProxy.java:380)
	at org.springframework.security.web.authentication.logout.LogoutFilter.doFilter(LogoutFilter.java:110)
	at org.springframework.security.web.authentication.logout.LogoutFilter.doFilter(LogoutFilter.java:96)
	at org.springframework.security.web.FilterChainProxy$VirtualFilterChain.doFilter(FilterChainProxy.java:380)
	at org.springframework.web.filter.OncePerRequestFilter.doFilter(OncePerRequestFilter.java:101)
	at org.springframework.security.web.FilterChainProxy$VirtualFilterChain.doFilter(FilterChainProxy.java:380)
	at org.springframework.web.filter.OncePerRequestFilter.doFilter(OncePerRequestFilter.java:101)
	at org.springframework.security.web.FilterChainProxy$VirtualFilterChain.doFilter(FilterChainProxy.java:380)
	at org.springframework.security.web.context.SecurityContextHolderFilter.doFilter(SecurityContextHolderFilter.java:82)
	at org.springframework.security.web.context.SecurityContextHolderFilter.doFilter(SecurityContextHolderFilter.java:69)
	at org.springframework.security.web.FilterChainProxy$VirtualFilterChain.doFilter(FilterChainProxy.java:380)
	at org.springframework.web.filter.OncePerRequestFilter.doFilter(OncePerRequestFilter.java:101)
	at org.springframework.security.web.FilterChainProxy$VirtualFilterChain.doFilter(FilterChainProxy.java:380)
	at org.springframework.web.filter.OncePerRequestFilter.doFilter(OncePerRequestFilter.java:101)
	at org.springframework.security.web.FilterChainProxy$VirtualFilterChain.doFilter(FilterChainProxy.java:380)
	at org.springframework.security.web.FilterChainProxy.doFilterInternal(FilterChainProxy.java:237)
	at org.springframework.security.web.FilterChainProxy.doFilter(FilterChainProxy.java:195)
	at org.springframework.web.filter.CompositeFilter$VirtualFilterChain.doFilter(CompositeFilter.java:113)
	at org.springframework.web.filter.ServletRequestPathFilter.doFilter(ServletRequestPathFilter.java:52)
	at org.springframework.web.filter.CompositeFilter$VirtualFilterChain.doFilter(CompositeFilter.java:113)
	at org.springframework.web.filter.CompositeFilter.doFilter(CompositeFilter.java:74)
	at org.springframework.security.config.annotation.web.configuration.WebSecurityConfiguration$CompositeFilterChainProxy.doFilter(WebSecurityConfiguration.java:317)
	at org.springframework.web.filter.DelegatingFilterProxy.invokeDelegate(DelegatingFilterProxy.java:355)
	at org.springframework.web.filter.DelegatingFilterProxy.doFilter(DelegatingFilterProxy.java:272)
	at org.apache.catalina.core.ApplicationFilterChain.doFilter(ApplicationFilterChain.java:107)
	at org.springframework.web.filter.RequestContextFilter.doFilterInternal(RequestContextFilter.java:100)
	at org.springframework.web.filter.OncePerRequestFilter.doFilter(OncePerRequestFilter.java:116)
	at org.apache.catalina.core.ApplicationFilterChain.doFilter(ApplicationFilterChain.java:107)
	at org.springframework.web.filter.OncePerRequestFilter.doFilter(OncePerRequestFilter.java:101)
	at org.apache.catalina.core.ApplicationFilterChain.doFilter(ApplicationFilterChain.java:107)
	at org.springframework.web.filter.OncePerRequestFilter.doFilter(OncePerRequestFilter.java:101)
	at org.apache.catalina.core.ApplicationFilterChain.doFilter(ApplicationFilterChain.java:107)
	at org.springframework.web.filter.OncePerRequestFilter.doFilter(OncePerRequestFilter.java:101)
	at org.apache.catalina.core.ApplicationFilterChain.doFilter(ApplicationFilterChain.java:107)
	at org.apache.catalina.core.ApplicationDispatcher.invoke(ApplicationDispatcher.java:513)
	at org.apache.catalina.core.ApplicationDispatcher.dispatch(ApplicationDispatcher.java:441)
	at org.apache.catalina.core.AsyncContextImpl$AsyncRunnable.run(AsyncContextImpl.java:585)
	at org.apache.catalina.core.AsyncContextImpl.doInternalDispatch(AsyncContextImpl.java:340)
	at org.apache.catalina.core.StandardWrapperValve.invoke(StandardWrapperValve.java:163)
	at org.apache.catalina.core.StandardContextValve.invoke(StandardContextValve.java:77)
	at org.apache.catalina.authenticator.AuthenticatorBase.invoke(AuthenticatorBase.java:492)
	at org.apache.catalina.core.StandardHostValve.invoke(StandardHostValve.java:113)
	at org.apache.catalina.valves.ErrorReportValve.invoke(ErrorReportValve.java:83)
	at org.apache.catalina.core.StandardEngineValve.invoke(StandardEngineValve.java:72)
	at org.apache.catalina.connector.CoyoteAdapter.asyncDispatch(CoyoteAdapter.java:238)
	at org.apache.coyote.AbstractProcessor.dispatch(AbstractProcessor.java:242)
	at org.apache.coyote.AbstractProcessorLight.process(AbstractProcessorLight.java:57)
	at org.apache.coyote.AbstractProtocol$ConnectionHandler.process(AbstractProtocol.java:903)
	at org.apache.tomcat.util.net.NioEndpoint$SocketProcessor.doRun(NioEndpoint.java:1779)
	at org.apache.tomcat.util.net.SocketProcessorBase.run(SocketProcessorBase.java:52)
	at org.apache.tomcat.util.threads.ThreadPoolExecutor.runWorker(ThreadPoolExecutor.java:946)
	at org.apache.tomcat.util.threads.ThreadPoolExecutor$Worker.run(ThreadPoolExecutor.java:480)
	at org.apache.tomcat.util.threads.TaskThread$WrappingRunnable.run(TaskThread.java:57)
	at java.base/java.lang.Thread.run(Thread.java:840)
2026-07-02 14:56:39 [http-nio-8081-exec-4] WARN  o.s.w.s.m.s.DefaultHandlerExceptionResolver - Ignoring exception, response committed already: org.springframework.web.context.request.async.AsyncRequestTimeoutException
2026-07-02 14:56:39 [http-nio-8081-exec-4] WARN  o.s.w.s.m.s.DefaultHandlerExceptionResolver - Resolved [org.springframework.web.context.request.async.AsyncRequestTimeoutException]
2026-07-02 14:56:39 [http-nio-8081-exec-4] DEBUG o.s.s.w.a.AnonymousAuthenticationFilter - Set SecurityContextHolder to anonymous SecurityContext
2026-07-02 15:00:02 [http-nio-8081-exec-9] DEBUG o.s.security.web.FilterChainProxy - Securing GET /api/v1/notifications/unread-count
2026-07-02 15:00:02 [http-nio-8081-exec-9] DEBUG o.s.security.web.FilterChainProxy - Secured GET /api/v1/notifications/unread-count
2026-07-02 15:00:05 [http-nio-8081-exec-1] DEBUG o.s.security.web.FilterChainProxy - Securing GET /api/v1/notifications/stream?token=eyJhbGciOiJIUzI1NiJ9.eyJzdWIiOiJUdW5hLWFkbWluIiwicGVybWlzc2lvbnMiOlsiUk9MRV9BRE1JTiJdLCJpc3MiOiJkZXZ0ZXJpYS5jb20iLCJleHAiOjE3Nzk1MjAyNzUsImlhdCI6MTc3OTUxMzA3NSwidXNlcklkIjoiMGZiN2VkZjMtYzQ5YS00NTQ5LTg4YzUtNDk5OTMxNGEzMzFlIn0.bJu3f8N3VUhzhAlzxn07v98jJkgoo3H20isKAEyAScU
2026-07-02 15:00:05 [http-nio-8081-exec-1] DEBUG o.s.security.web.FilterChainProxy - Secured GET /api/v1/notifications/stream?token=eyJhbGciOiJIUzI1NiJ9.eyJzdWIiOiJUdW5hLWFkbWluIiwicGVybWlzc2lvbnMiOlsiUk9MRV9BRE1JTiJdLCJpc3MiOiJkZXZ0ZXJpYS5jb20iLCJleHAiOjE3Nzk1MjAyNzUsImlhdCI6MTc3OTUxMzA3NSwidXNlcklkIjoiMGZiN2VkZjMtYzQ5YS00NTQ5LTg4YzUtNDk5OTMxNGEzMzFlIn0.bJu3f8N3VUhzhAlzxn07v98jJkgoo3H20isKAEyAScU
2026-07-02 15:00:05 [http-nio-8081-exec-1] ERROR c.e.b.e.GlobalExceptionHandler - Unhandled Exception: 
org.springframework.web.context.request.async.AsyncRequestTimeoutException
	at org.springframework.web.context.request.async.TimeoutDeferredResultProcessingInterceptor.handleTimeout(TimeoutDeferredResultProcessingInterceptor.java:42)
	at org.springframework.web.context.request.async.DeferredResultInterceptorChain.triggerAfterTimeout(DeferredResultInterceptorChain.java:80)
	at org.springframework.web.context.request.async.WebAsyncManager.lambda$startDeferredResultProcessing$0(WebAsyncManager.java:426)
	at java.base/java.util.ArrayList.forEach(ArrayList.java:1511)
	at org.springframework.web.context.request.async.StandardServletAsyncWebRequest.onTimeout(StandardServletAsyncWebRequest.java:184)
	at org.apache.catalina.core.AsyncListenerWrapper.fireOnTimeout(AsyncListenerWrapper.java:44)
	at org.apache.catalina.core.AsyncContextImpl.timeout(AsyncContextImpl.java:136)
	at org.apache.catalina.connector.CoyoteAdapter.asyncDispatch(CoyoteAdapter.java:134)
	at org.apache.coyote.AbstractProcessor.dispatch(AbstractProcessor.java:242)
	at org.apache.coyote.AbstractProcessorLight.process(AbstractProcessorLight.java:57)
	at org.apache.coyote.AbstractProtocol$ConnectionHandler.process(AbstractProtocol.java:903)
	at org.apache.tomcat.util.net.NioEndpoint$SocketProcessor.doRun(NioEndpoint.java:1779)
	at org.apache.tomcat.util.net.SocketProcessorBase.run(SocketProcessorBase.java:52)
	at org.apache.tomcat.util.threads.ThreadPoolExecutor.runWorker(ThreadPoolExecutor.java:946)
	at org.apache.tomcat.util.threads.ThreadPoolExecutor$Worker.run(ThreadPoolExecutor.java:480)
	at org.apache.tomcat.util.threads.TaskThread$WrappingRunnable.run(TaskThread.java:57)
	at java.base/java.lang.Thread.run(Thread.java:840)
2026-07-02 15:00:05 [http-nio-8081-exec-1] WARN  o.s.w.s.m.m.a.ExceptionHandlerExceptionResolver - Failure in @ExceptionHandler com.example.backend.exception.GlobalExceptionHandler#handleException(Exception)
org.springframework.http.converter.HttpMessageNotWritableException: No converter for [class com.example.backend.dto.response.ApiResponse] with preset Content-Type 'text/event-stream'
	at org.springframework.web.servlet.mvc.method.annotation.AbstractMessageConverterMethodProcessor.writeWithMessageConverters(AbstractMessageConverterMethodProcessor.java:364)
	at org.springframework.web.servlet.mvc.method.annotation.HttpEntityMethodProcessor.handleReturnValue(HttpEntityMethodProcessor.java:261)
	at org.springframework.web.method.support.HandlerMethodReturnValueHandlerComposite.handleReturnValue(HandlerMethodReturnValueHandlerComposite.java:78)
	at org.springframework.web.servlet.mvc.method.annotation.ServletInvocableHandlerMethod.invokeAndHandle(ServletInvocableHandlerMethod.java:135)
	at org.springframework.web.servlet.mvc.method.annotation.ExceptionHandlerExceptionResolver.doResolveHandlerMethodException(ExceptionHandlerExceptionResolver.java:460)
	at org.springframework.web.servlet.handler.AbstractHandlerMethodExceptionResolver.doResolveException(AbstractHandlerMethodExceptionResolver.java:72)
	at org.springframework.web.servlet.handler.AbstractHandlerExceptionResolver.resolveException(AbstractHandlerExceptionResolver.java:176)
	at org.springframework.web.servlet.handler.HandlerExceptionResolverComposite.resolveException(HandlerExceptionResolverComposite.java:78)
	at org.springframework.web.servlet.DispatcherServlet.processHandlerException(DispatcherServlet.java:1227)
	at org.springframework.web.servlet.DispatcherServlet.processDispatchResult(DispatcherServlet.java:1035)
	at org.springframework.web.servlet.DispatcherServlet.doDispatch(DispatcherServlet.java:980)
	at org.springframework.web.servlet.DispatcherServlet.doService(DispatcherServlet.java:866)
	at org.springframework.web.servlet.FrameworkServlet.processRequest(FrameworkServlet.java:1000)
	at org.springframework.web.servlet.FrameworkServlet.doGet(FrameworkServlet.java:892)
	at jakarta.servlet.http.HttpServlet.service(HttpServlet.java:622)
	at org.springframework.web.servlet.FrameworkServlet.service(FrameworkServlet.java:874)
	at jakarta.servlet.http.HttpServlet.service(HttpServlet.java:710)
	at org.apache.catalina.core.ApplicationFilterChain.doFilter(ApplicationFilterChain.java:128)
	at org.springframework.web.filter.OncePerRequestFilter.doFilter(OncePerRequestFilter.java:101)
	at org.apache.catalina.core.ApplicationFilterChain.doFilter(ApplicationFilterChain.java:107)
	at org.springframework.web.filter.CompositeFilter$VirtualFilterChain.doFilter(CompositeFilter.java:108)
	at org.springframework.security.web.FilterChainProxy.lambda$doFilterInternal$3(FilterChainProxy.java:235)
	at org.springframework.security.web.FilterChainProxy$VirtualFilterChain.doFilter(FilterChainProxy.java:371)
	at org.springframework.security.web.access.intercept.AuthorizationFilter.doFilter(AuthorizationFilter.java:101)
	at org.springframework.security.web.FilterChainProxy$VirtualFilterChain.doFilter(FilterChainProxy.java:380)
	at org.springframework.security.web.access.ExceptionTranslationFilter.doFilter(ExceptionTranslationFilter.java:126)
	at org.springframework.security.web.access.ExceptionTranslationFilter.doFilter(ExceptionTranslationFilter.java:120)
	at org.springframework.security.web.FilterChainProxy$VirtualFilterChain.doFilter(FilterChainProxy.java:380)
	at org.springframework.security.web.authentication.AnonymousAuthenticationFilter.doFilter(AnonymousAuthenticationFilter.java:100)
	at org.springframework.security.web.FilterChainProxy$VirtualFilterChain.doFilter(FilterChainProxy.java:380)
	at org.springframework.security.web.servletapi.SecurityContextHolderAwareRequestFilter.doFilter(SecurityContextHolderAwareRequestFilter.java:181)
	at org.springframework.security.web.FilterChainProxy$VirtualFilterChain.doFilter(FilterChainProxy.java:380)
	at org.springframework.security.web.savedrequest.RequestCacheAwareFilter.doFilter(RequestCacheAwareFilter.java:63)
	at org.springframework.security.web.FilterChainProxy$VirtualFilterChain.doFilter(FilterChainProxy.java:380)
	at org.springframework.web.filter.OncePerRequestFilter.doFilter(OncePerRequestFilter.java:101)
	at org.springframework.security.web.FilterChainProxy$VirtualFilterChain.doFilter(FilterChainProxy.java:380)
	at org.springframework.security.web.authentication.logout.LogoutFilter.doFilter(LogoutFilter.java:110)
	at org.springframework.security.web.authentication.logout.LogoutFilter.doFilter(LogoutFilter.java:96)
	at org.springframework.security.web.FilterChainProxy$VirtualFilterChain.doFilter(FilterChainProxy.java:380)
	at org.springframework.web.filter.OncePerRequestFilter.doFilter(OncePerRequestFilter.java:101)
	at org.springframework.security.web.FilterChainProxy$VirtualFilterChain.doFilter(FilterChainProxy.java:380)
	at org.springframework.web.filter.OncePerRequestFilter.doFilter(OncePerRequestFilter.java:101)
	at org.springframework.security.web.FilterChainProxy$VirtualFilterChain.doFilter(FilterChainProxy.java:380)
	at org.springframework.security.web.context.SecurityContextHolderFilter.doFilter(SecurityContextHolderFilter.java:82)
	at org.springframework.security.web.context.SecurityContextHolderFilter.doFilter(SecurityContextHolderFilter.java:69)
	at org.springframework.security.web.FilterChainProxy$VirtualFilterChain.doFilter(FilterChainProxy.java:380)
	at org.springframework.web.filter.OncePerRequestFilter.doFilter(OncePerRequestFilter.java:101)
	at org.springframework.security.web.FilterChainProxy$VirtualFilterChain.doFilter(FilterChainProxy.java:380)
	at org.springframework.web.filter.OncePerRequestFilter.doFilter(OncePerRequestFilter.java:101)
	at org.springframework.security.web.FilterChainProxy$VirtualFilterChain.doFilter(FilterChainProxy.java:380)
	at org.springframework.security.web.FilterChainProxy.doFilterInternal(FilterChainProxy.java:237)
	at org.springframework.security.web.FilterChainProxy.doFilter(FilterChainProxy.java:195)
	at org.springframework.web.filter.CompositeFilter$VirtualFilterChain.doFilter(CompositeFilter.java:113)
	at org.springframework.web.filter.ServletRequestPathFilter.doFilter(ServletRequestPathFilter.java:52)
	at org.springframework.web.filter.CompositeFilter$VirtualFilterChain.doFilter(CompositeFilter.java:113)
	at org.springframework.web.filter.CompositeFilter.doFilter(CompositeFilter.java:74)
	at org.springframework.security.config.annotation.web.configuration.WebSecurityConfiguration$CompositeFilterChainProxy.doFilter(WebSecurityConfiguration.java:317)
	at org.springframework.web.filter.DelegatingFilterProxy.invokeDelegate(DelegatingFilterProxy.java:355)
	at org.springframework.web.filter.DelegatingFilterProxy.doFilter(DelegatingFilterProxy.java:272)
	at org.apache.catalina.core.ApplicationFilterChain.doFilter(ApplicationFilterChain.java:107)
	at org.springframework.web.filter.RequestContextFilter.doFilterInternal(RequestContextFilter.java:100)
	at org.springframework.web.filter.OncePerRequestFilter.doFilter(OncePerRequestFilter.java:116)
	at org.apache.catalina.core.ApplicationFilterChain.doFilter(ApplicationFilterChain.java:107)
	at org.springframework.web.filter.OncePerRequestFilter.doFilter(OncePerRequestFilter.java:101)
	at org.apache.catalina.core.ApplicationFilterChain.doFilter(ApplicationFilterChain.java:107)
	at org.springframework.web.filter.OncePerRequestFilter.doFilter(OncePerRequestFilter.java:101)
	at org.apache.catalina.core.ApplicationFilterChain.doFilter(ApplicationFilterChain.java:107)
	at org.springframework.web.filter.OncePerRequestFilter.doFilter(OncePerRequestFilter.java:101)
	at org.apache.catalina.core.ApplicationFilterChain.doFilter(ApplicationFilterChain.java:107)
	at org.apache.catalina.core.ApplicationDispatcher.invoke(ApplicationDispatcher.java:513)
	at org.apache.catalina.core.ApplicationDispatcher.dispatch(ApplicationDispatcher.java:441)
	at org.apache.catalina.core.AsyncContextImpl$AsyncRunnable.run(AsyncContextImpl.java:585)
	at org.apache.catalina.core.AsyncContextImpl.doInternalDispatch(AsyncContextImpl.java:340)
	at org.apache.catalina.core.StandardWrapperValve.invoke(StandardWrapperValve.java:163)
	at org.apache.catalina.core.StandardContextValve.invoke(StandardContextValve.java:77)
	at org.apache.catalina.authenticator.AuthenticatorBase.invoke(AuthenticatorBase.java:492)
	at org.apache.catalina.core.StandardHostValve.invoke(StandardHostValve.java:113)
	at org.apache.catalina.valves.ErrorReportValve.invoke(ErrorReportValve.java:83)
	at org.apache.catalina.core.StandardEngineValve.invoke(StandardEngineValve.java:72)
	at org.apache.catalina.connector.CoyoteAdapter.asyncDispatch(CoyoteAdapter.java:238)
	at org.apache.coyote.AbstractProcessor.dispatch(AbstractProcessor.java:242)
	at org.apache.coyote.AbstractProcessorLight.process(AbstractProcessorLight.java:57)
	at org.apache.coyote.AbstractProtocol$ConnectionHandler.process(AbstractProtocol.java:903)
	at org.apache.tomcat.util.net.NioEndpoint$SocketProcessor.doRun(NioEndpoint.java:1779)
	at org.apache.tomcat.util.net.SocketProcessorBase.run(SocketProcessorBase.java:52)
	at org.apache.tomcat.util.threads.ThreadPoolExecutor.runWorker(ThreadPoolExecutor.java:946)
	at org.apache.tomcat.util.threads.ThreadPoolExecutor$Worker.run(ThreadPoolExecutor.java:480)
	at org.apache.tomcat.util.threads.TaskThread$WrappingRunnable.run(TaskThread.java:57)
	at java.base/java.lang.Thread.run(Thread.java:840)
2026-07-02 15:00:05 [http-nio-8081-exec-1] WARN  o.s.w.s.m.s.DefaultHandlerExceptionResolver - Ignoring exception, response committed already: org.springframework.web.context.request.async.AsyncRequestTimeoutException
2026-07-02 15:00:05 [http-nio-8081-exec-1] WARN  o.s.w.s.m.s.DefaultHandlerExceptionResolver - Resolved [org.springframework.web.context.request.async.AsyncRequestTimeoutException]
2026-07-02 15:00:05 [http-nio-8081-exec-1] DEBUG o.s.s.w.a.AnonymousAuthenticationFilter - Set SecurityContextHolder to anonymous SecurityContext
2026-07-02 15:05:02 [http-nio-8081-exec-3] DEBUG o.s.security.web.FilterChainProxy - Securing GET /api/v1/notifications/unread-count
2026-07-02 15:05:02 [http-nio-8081-exec-3] DEBUG o.s.security.web.FilterChainProxy - Secured GET /api/v1/notifications/unread-count
2026-07-02 15:10:02 [http-nio-8081-exec-2] DEBUG o.s.security.web.FilterChainProxy - Securing GET /api/v1/notifications/unread-count
2026-07-02 15:10:02 [http-nio-8081-exec-2] DEBUG o.s.security.web.FilterChainProxy - Secured GET /api/v1/notifications/unread-count
2026-07-02 15:12:26 [MessageBroker-1] INFO  o.s.w.s.c.WebSocketMessageBrokerStats - WebSocketSession[0 current WS(0)-HttpStream(0)-HttpPoll(0), 0 total, 0 closed abnormally (0 connect failure, 0 send limit, 0 transport error)], stompSubProtocol[processed CONNECT(0)-CONNECTED(0)-DISCONNECT(0)], stompBrokerRelay[null], inboundChannel[pool size = 0, active threads = 0, queued tasks = 0, completed tasks = 0], outboundChannel[pool size = 0, active threads = 0, queued tasks = 0, completed tasks = 0], sockJsScheduler[pool size = 4, active threads = 1, queued tasks = 0, completed tasks = 3]
2026-07-02 15:14:56 [http-nio-8081-exec-7] DEBUG o.s.security.web.FilterChainProxy - Securing GET /api/v1/posts/getAll?size=200
2026-07-02 15:14:56 [http-nio-8081-exec-1] DEBUG o.s.security.web.FilterChainProxy - Securing GET /api/locations?size=20&page=0&level=2
2026-07-02 15:14:56 [http-nio-8081-exec-7] DEBUG o.s.security.web.FilterChainProxy - Secured GET /api/v1/posts/getAll?size=200
2026-07-02 15:14:56 [http-nio-8081-exec-1] DEBUG o.s.security.web.FilterChainProxy - Secured GET /api/locations?size=20&page=0&level=2
2026-07-02 15:14:56 [http-nio-8081-exec-1] DEBUG o.s.s.w.a.AnonymousAuthenticationFilter - Set SecurityContextHolder to anonymous SecurityContext
2026-07-02 15:14:57 [http-nio-8081-exec-7] DEBUG o.s.s.w.a.AnonymousAuthenticationFilter - Set SecurityContextHolder to anonymous SecurityContext
2026-07-02 15:14:57 [http-nio-8081-exec-6] DEBUG o.s.security.web.FilterChainProxy - Securing GET /api/locations?size=20&page=0&level=2
2026-07-02 15:14:57 [http-nio-8081-exec-6] DEBUG o.s.security.web.FilterChainProxy - Secured GET /api/locations?size=20&page=0&level=2
2026-07-02 15:14:57 [http-nio-8081-exec-2] DEBUG o.s.security.web.FilterChainProxy - Securing GET /api/v1/posts/getAll?size=200
2026-07-02 15:14:57 [http-nio-8081-exec-2] DEBUG o.s.security.web.FilterChainProxy - Secured GET /api/v1/posts/getAll?size=200
2026-07-02 15:14:57 [http-nio-8081-exec-4] DEBUG o.s.security.web.FilterChainProxy - Securing GET /users/me
2026-07-02 15:14:57 [http-nio-8081-exec-4] DEBUG o.s.security.web.FilterChainProxy - Secured GET /users/me
2026-07-02 15:14:57 [http-nio-8081-exec-9] DEBUG o.s.security.web.FilterChainProxy - Securing GET /api/locations?size=20&page=0&level=2
2026-07-02 15:14:57 [http-nio-8081-exec-9] DEBUG o.s.security.web.FilterChainProxy - Secured GET /api/locations?size=20&page=0&level=2
2026-07-02 15:14:57 [http-nio-8081-exec-8] DEBUG o.s.security.web.FilterChainProxy - Securing GET /users/me
2026-07-02 15:14:57 [http-nio-8081-exec-8] DEBUG o.s.security.web.FilterChainProxy - Secured GET /users/me
2026-07-02 15:14:57 [http-nio-8081-exec-5] DEBUG o.s.security.web.FilterChainProxy - Securing GET /api/v1/notifications/unread-count
2026-07-02 15:14:57 [http-nio-8081-exec-5] DEBUG o.s.security.web.FilterChainProxy - Secured GET /api/v1/notifications/unread-count
2026-07-02 15:14:57 [http-nio-8081-exec-7] DEBUG o.s.security.web.FilterChainProxy - Securing GET /api/v1/notifications/unread-count
2026-07-02 15:14:57 [http-nio-8081-exec-3] DEBUG o.s.security.web.FilterChainProxy - Securing GET /api/v1/notifications/stream?token=eyJhbGciOiJIUzI1NiJ9.eyJzdWIiOiJUdW5hLWFkbWluIiwicGVybWlzc2lvbnMiOlsiUk9MRV9BRE1JTiJdLCJpc3MiOiJkZXZ0ZXJpYS5jb20iLCJleHAiOjE3Nzk1MjAyNzUsImlhdCI6MTc3OTUxMzA3NSwidXNlcklkIjoiMGZiN2VkZjMtYzQ5YS00NTQ5LTg4YzUtNDk5OTMxNGEzMzFlIn0.bJu3f8N3VUhzhAlzxn07v98jJkgoo3H20isKAEyAScU
2026-07-02 15:14:57 [http-nio-8081-exec-3] DEBUG o.s.security.web.FilterChainProxy - Secured GET /api/v1/notifications/stream?token=eyJhbGciOiJIUzI1NiJ9.eyJzdWIiOiJUdW5hLWFkbWluIiwicGVybWlzc2lvbnMiOlsiUk9MRV9BRE1JTiJdLCJpc3MiOiJkZXZ0ZXJpYS5jb20iLCJleHAiOjE3Nzk1MjAyNzUsImlhdCI6MTc3OTUxMzA3NSwidXNlcklkIjoiMGZiN2VkZjMtYzQ5YS00NTQ5LTg4YzUtNDk5OTMxNGEzMzFlIn0.bJu3f8N3VUhzhAlzxn07v98jJkgoo3H20isKAEyAScU
2026-07-02 15:14:57 [http-nio-8081-exec-7] DEBUG o.s.security.web.FilterChainProxy - Secured GET /api/v1/notifications/unread-count
2026-07-02 15:14:57 [http-nio-8081-exec-9] DEBUG o.s.security.web.FilterChainProxy - Securing GET /chat/conversations
2026-07-02 15:14:57 [http-nio-8081-exec-9] DEBUG o.s.security.web.FilterChainProxy - Secured GET /chat/conversations
2026-07-02 15:14:57 [http-nio-8081-exec-4] DEBUG o.s.security.web.FilterChainProxy - Securing GET /api/v1/posts/getAll?size=200
2026-07-02 15:14:57 [http-nio-8081-exec-4] DEBUG o.s.security.web.FilterChainProxy - Secured GET /api/v1/posts/getAll?size=200
2026-07-02 15:14:57 [http-nio-8081-exec-8] DEBUG o.s.security.web.FilterChainProxy - Securing GET /chat/conversations
2026-07-02 15:14:57 [http-nio-8081-exec-8] DEBUG o.s.security.web.FilterChainProxy - Secured GET /chat/conversations
2026-07-02 15:15:02 [http-nio-8081-exec-1] DEBUG o.s.security.web.FilterChainProxy - Securing GET /api/v1/notifications/stream?token=eyJhbGciOiJIUzI1NiJ9.eyJzdWIiOiJUdW5hLWFkbWluIiwicGVybWlzc2lvbnMiOlsiUk9MRV9BRE1JTiJdLCJpc3MiOiJkZXZ0ZXJpYS5jb20iLCJleHAiOjE3Nzk1MjAyNzUsImlhdCI6MTc3OTUxMzA3NSwidXNlcklkIjoiMGZiN2VkZjMtYzQ5YS00NTQ5LTg4YzUtNDk5OTMxNGEzMzFlIn0.bJu3f8N3VUhzhAlzxn07v98jJkgoo3H20isKAEyAScU
2026-07-02 15:15:02 [http-nio-8081-exec-1] DEBUG o.s.security.web.FilterChainProxy - Secured GET /api/v1/notifications/stream?token=eyJhbGciOiJIUzI1NiJ9.eyJzdWIiOiJUdW5hLWFkbWluIiwicGVybWlzc2lvbnMiOlsiUk9MRV9BRE1JTiJdLCJpc3MiOiJkZXZ0ZXJpYS5jb20iLCJleHAiOjE3Nzk1MjAyNzUsImlhdCI6MTc3OTUxMzA3NSwidXNlcklkIjoiMGZiN2VkZjMtYzQ5YS00NTQ5LTg4YzUtNDk5OTMxNGEzMzFlIn0.bJu3f8N3VUhzhAlzxn07v98jJkgoo3H20isKAEyAScU
2026-07-02 15:15:02 [http-nio-8081-exec-1] ERROR c.e.b.e.GlobalExceptionHandler - Unhandled Exception: 
org.springframework.web.context.request.async.AsyncRequestTimeoutException
	at org.springframework.web.context.request.async.TimeoutDeferredResultProcessingInterceptor.handleTimeout(TimeoutDeferredResultProcessingInterceptor.java:42)
	at org.springframework.web.context.request.async.DeferredResultInterceptorChain.triggerAfterTimeout(DeferredResultInterceptorChain.java:80)
	at org.springframework.web.context.request.async.WebAsyncManager.lambda$startDeferredResultProcessing$0(WebAsyncManager.java:426)
	at java.base/java.util.ArrayList.forEach(ArrayList.java:1511)
	at org.springframework.web.context.request.async.StandardServletAsyncWebRequest.onTimeout(StandardServletAsyncWebRequest.java:184)
	at org.apache.catalina.core.AsyncListenerWrapper.fireOnTimeout(AsyncListenerWrapper.java:44)
	at org.apache.catalina.core.AsyncContextImpl.timeout(AsyncContextImpl.java:136)
	at org.apache.catalina.connector.CoyoteAdapter.asyncDispatch(CoyoteAdapter.java:134)
	at org.apache.coyote.AbstractProcessor.dispatch(AbstractProcessor.java:242)
	at org.apache.coyote.AbstractProcessorLight.process(AbstractProcessorLight.java:57)
	at org.apache.coyote.AbstractProtocol$ConnectionHandler.process(AbstractProtocol.java:903)
	at org.apache.tomcat.util.net.NioEndpoint$SocketProcessor.doRun(NioEndpoint.java:1779)
	at org.apache.tomcat.util.net.SocketProcessorBase.run(SocketProcessorBase.java:52)
	at org.apache.tomcat.util.threads.ThreadPoolExecutor.runWorker(ThreadPoolExecutor.java:946)
	at org.apache.tomcat.util.threads.ThreadPoolExecutor$Worker.run(ThreadPoolExecutor.java:480)
	at org.apache.tomcat.util.threads.TaskThread$WrappingRunnable.run(TaskThread.java:57)
	at java.base/java.lang.Thread.run(Thread.java:840)
2026-07-02 15:15:02 [http-nio-8081-exec-1] WARN  o.s.w.s.m.m.a.ExceptionHandlerExceptionResolver - Failure in @ExceptionHandler com.example.backend.exception.GlobalExceptionHandler#handleException(Exception)
org.springframework.http.converter.HttpMessageNotWritableException: No converter for [class com.example.backend.dto.response.ApiResponse] with preset Content-Type 'text/event-stream'
	at org.springframework.web.servlet.mvc.method.annotation.AbstractMessageConverterMethodProcessor.writeWithMessageConverters(AbstractMessageConverterMethodProcessor.java:364)
	at org.springframework.web.servlet.mvc.method.annotation.HttpEntityMethodProcessor.handleReturnValue(HttpEntityMethodProcessor.java:261)
	at org.springframework.web.method.support.HandlerMethodReturnValueHandlerComposite.handleReturnValue(HandlerMethodReturnValueHandlerComposite.java:78)
	at org.springframework.web.servlet.mvc.method.annotation.ServletInvocableHandlerMethod.invokeAndHandle(ServletInvocableHandlerMethod.java:135)
	at org.springframework.web.servlet.mvc.method.annotation.ExceptionHandlerExceptionResolver.doResolveHandlerMethodException(ExceptionHandlerExceptionResolver.java:460)
	at org.springframework.web.servlet.handler.AbstractHandlerMethodExceptionResolver.doResolveException(AbstractHandlerMethodExceptionResolver.java:72)
	at org.springframework.web.servlet.handler.AbstractHandlerExceptionResolver.resolveException(AbstractHandlerExceptionResolver.java:176)
	at org.springframework.web.servlet.handler.HandlerExceptionResolverComposite.resolveException(HandlerExceptionResolverComposite.java:78)
	at org.springframework.web.servlet.DispatcherServlet.processHandlerException(DispatcherServlet.java:1227)
	at org.springframework.web.servlet.DispatcherServlet.processDispatchResult(DispatcherServlet.java:1035)
	at org.springframework.web.servlet.DispatcherServlet.doDispatch(DispatcherServlet.java:980)
	at org.springframework.web.servlet.DispatcherServlet.doService(DispatcherServlet.java:866)
	at org.springframework.web.servlet.FrameworkServlet.processRequest(FrameworkServlet.java:1000)
	at org.springframework.web.servlet.FrameworkServlet.doGet(FrameworkServlet.java:892)
	at jakarta.servlet.http.HttpServlet.service(HttpServlet.java:622)
	at org.springframework.web.servlet.FrameworkServlet.service(FrameworkServlet.java:874)
	at jakarta.servlet.http.HttpServlet.service(HttpServlet.java:710)
	at org.apache.catalina.core.ApplicationFilterChain.doFilter(ApplicationFilterChain.java:128)
	at org.springframework.web.filter.OncePerRequestFilter.doFilter(OncePerRequestFilter.java:101)
	at org.apache.catalina.core.ApplicationFilterChain.doFilter(ApplicationFilterChain.java:107)
	at org.springframework.web.filter.CompositeFilter$VirtualFilterChain.doFilter(CompositeFilter.java:108)
	at org.springframework.security.web.FilterChainProxy.lambda$doFilterInternal$3(FilterChainProxy.java:235)
	at org.springframework.security.web.FilterChainProxy$VirtualFilterChain.doFilter(FilterChainProxy.java:371)
	at org.springframework.security.web.access.intercept.AuthorizationFilter.doFilter(AuthorizationFilter.java:101)
	at org.springframework.security.web.FilterChainProxy$VirtualFilterChain.doFilter(FilterChainProxy.java:380)
	at org.springframework.security.web.access.ExceptionTranslationFilter.doFilter(ExceptionTranslationFilter.java:126)
	at org.springframework.security.web.access.ExceptionTranslationFilter.doFilter(ExceptionTranslationFilter.java:120)
	at org.springframework.security.web.FilterChainProxy$VirtualFilterChain.doFilter(FilterChainProxy.java:380)
	at org.springframework.security.web.authentication.AnonymousAuthenticationFilter.doFilter(AnonymousAuthenticationFilter.java:100)
	at org.springframework.security.web.FilterChainProxy$VirtualFilterChain.doFilter(FilterChainProxy.java:380)
	at org.springframework.security.web.servletapi.SecurityContextHolderAwareRequestFilter.doFilter(SecurityContextHolderAwareRequestFilter.java:181)
	at org.springframework.security.web.FilterChainProxy$VirtualFilterChain.doFilter(FilterChainProxy.java:380)
	at org.springframework.security.web.savedrequest.RequestCacheAwareFilter.doFilter(RequestCacheAwareFilter.java:63)
	at org.springframework.security.web.FilterChainProxy$VirtualFilterChain.doFilter(FilterChainProxy.java:380)
	at org.springframework.web.filter.OncePerRequestFilter.doFilter(OncePerRequestFilter.java:101)
	at org.springframework.security.web.FilterChainProxy$VirtualFilterChain.doFilter(FilterChainProxy.java:380)
	at org.springframework.security.web.authentication.logout.LogoutFilter.doFilter(LogoutFilter.java:110)
	at org.springframework.security.web.authentication.logout.LogoutFilter.doFilter(LogoutFilter.java:96)
	at org.springframework.security.web.FilterChainProxy$VirtualFilterChain.doFilter(FilterChainProxy.java:380)
	at org.springframework.web.filter.OncePerRequestFilter.doFilter(OncePerRequestFilter.java:101)
	at org.springframework.security.web.FilterChainProxy$VirtualFilterChain.doFilter(FilterChainProxy.java:380)
	at org.springframework.web.filter.OncePerRequestFilter.doFilter(OncePerRequestFilter.java:101)
	at org.springframework.security.web.FilterChainProxy$VirtualFilterChain.doFilter(FilterChainProxy.java:380)
	at org.springframework.security.web.context.SecurityContextHolderFilter.doFilter(SecurityContextHolderFilter.java:82)
	at org.springframework.security.web.context.SecurityContextHolderFilter.doFilter(SecurityContextHolderFilter.java:69)
	at org.springframework.security.web.FilterChainProxy$VirtualFilterChain.doFilter(FilterChainProxy.java:380)
	at org.springframework.web.filter.OncePerRequestFilter.doFilter(OncePerRequestFilter.java:101)
	at org.springframework.security.web.FilterChainProxy$VirtualFilterChain.doFilter(FilterChainProxy.java:380)
	at org.springframework.web.filter.OncePerRequestFilter.doFilter(OncePerRequestFilter.java:101)
	at org.springframework.security.web.FilterChainProxy$VirtualFilterChain.doFilter(FilterChainProxy.java:380)
	at org.springframework.security.web.FilterChainProxy.doFilterInternal(FilterChainProxy.java:237)
	at org.springframework.security.web.FilterChainProxy.doFilter(FilterChainProxy.java:195)
	at org.springframework.web.filter.CompositeFilter$VirtualFilterChain.doFilter(CompositeFilter.java:113)
	at org.springframework.web.filter.ServletRequestPathFilter.doFilter(ServletRequestPathFilter.java:52)
	at org.springframework.web.filter.CompositeFilter$VirtualFilterChain.doFilter(CompositeFilter.java:113)
	at org.springframework.web.filter.CompositeFilter.doFilter(CompositeFilter.java:74)
	at org.springframework.security.config.annotation.web.configuration.WebSecurityConfiguration$CompositeFilterChainProxy.doFilter(WebSecurityConfiguration.java:317)
	at org.springframework.web.filter.DelegatingFilterProxy.invokeDelegate(DelegatingFilterProxy.java:355)
	at org.springframework.web.filter.DelegatingFilterProxy.doFilter(DelegatingFilterProxy.java:272)
	at org.apache.catalina.core.ApplicationFilterChain.doFilter(ApplicationFilterChain.java:107)
	at org.springframework.web.filter.RequestContextFilter.doFilterInternal(RequestContextFilter.java:100)
	at org.springframework.web.filter.OncePerRequestFilter.doFilter(OncePerRequestFilter.java:116)
	at org.apache.catalina.core.ApplicationFilterChain.doFilter(ApplicationFilterChain.java:107)
	at org.springframework.web.filter.OncePerRequestFilter.doFilter(OncePerRequestFilter.java:101)
	at org.apache.catalina.core.ApplicationFilterChain.doFilter(ApplicationFilterChain.java:107)
	at org.springframework.web.filter.OncePerRequestFilter.doFilter(OncePerRequestFilter.java:101)
	at org.apache.catalina.core.ApplicationFilterChain.doFilter(ApplicationFilterChain.java:107)
	at org.springframework.web.filter.OncePerRequestFilter.doFilter(OncePerRequestFilter.java:101)
	at org.apache.catalina.core.ApplicationFilterChain.doFilter(ApplicationFilterChain.java:107)
	at org.apache.catalina.core.ApplicationDispatcher.invoke(ApplicationDispatcher.java:513)
	at org.apache.catalina.core.ApplicationDispatcher.dispatch(ApplicationDispatcher.java:441)
	at org.apache.catalina.core.AsyncContextImpl$AsyncRunnable.run(AsyncContextImpl.java:585)
	at org.apache.catalina.core.AsyncContextImpl.doInternalDispatch(AsyncContextImpl.java:340)
	at org.apache.catalina.core.StandardWrapperValve.invoke(StandardWrapperValve.java:163)
	at org.apache.catalina.core.StandardContextValve.invoke(StandardContextValve.java:77)
	at org.apache.catalina.authenticator.AuthenticatorBase.invoke(AuthenticatorBase.java:492)
	at org.apache.catalina.core.StandardHostValve.invoke(StandardHostValve.java:113)
	at org.apache.catalina.valves.ErrorReportValve.invoke(ErrorReportValve.java:83)
	at org.apache.catalina.core.StandardEngineValve.invoke(StandardEngineValve.java:72)
	at org.apache.catalina.connector.CoyoteAdapter.asyncDispatch(CoyoteAdapter.java:238)
	at org.apache.coyote.AbstractProcessor.dispatch(AbstractProcessor.java:242)
	at org.apache.coyote.AbstractProcessorLight.process(AbstractProcessorLight.java:57)
	at org.apache.coyote.AbstractProtocol$ConnectionHandler.process(AbstractProtocol.java:903)
	at org.apache.tomcat.util.net.NioEndpoint$SocketProcessor.doRun(NioEndpoint.java:1779)
	at org.apache.tomcat.util.net.SocketProcessorBase.run(SocketProcessorBase.java:52)
	at org.apache.tomcat.util.threads.ThreadPoolExecutor.runWorker(ThreadPoolExecutor.java:946)
	at org.apache.tomcat.util.threads.ThreadPoolExecutor$Worker.run(ThreadPoolExecutor.java:480)
	at org.apache.tomcat.util.threads.TaskThread$WrappingRunnable.run(TaskThread.java:57)
	at java.base/java.lang.Thread.run(Thread.java:840)
2026-07-02 15:15:02 [http-nio-8081-exec-1] WARN  o.s.w.s.m.s.DefaultHandlerExceptionResolver - Ignoring exception, response committed already: org.springframework.web.context.request.async.AsyncRequestTimeoutException
2026-07-02 15:15:02 [http-nio-8081-exec-1] WARN  o.s.w.s.m.s.DefaultHandlerExceptionResolver - Resolved [org.springframework.web.context.request.async.AsyncRequestTimeoutException]
2026-07-02 15:15:02 [http-nio-8081-exec-1] DEBUG o.s.s.w.a.AnonymousAuthenticationFilter - Set SecurityContextHolder to anonymous SecurityContext
2026-07-02 15:17:31 [http-nio-8081-exec-6] DEBUG o.s.security.web.FilterChainProxy - Securing GET /api/locations?size=20&page=0&level=2
2026-07-02 15:17:31 [http-nio-8081-exec-7] DEBUG o.s.security.web.FilterChainProxy - Securing GET /users/me
2026-07-02 15:17:31 [http-nio-8081-exec-3] DEBUG o.s.security.web.FilterChainProxy - Securing GET /api/v1/posts/getAll?size=200
2026-07-02 15:17:31 [http-nio-8081-exec-7] DEBUG o.s.security.web.FilterChainProxy - Secured GET /users/me
2026-07-02 15:17:31 [http-nio-8081-exec-3] DEBUG o.s.security.web.FilterChainProxy - Secured GET /api/v1/posts/getAll?size=200
2026-07-02 15:17:31 [http-nio-8081-exec-6] DEBUG o.s.security.web.FilterChainProxy - Secured GET /api/locations?size=20&page=0&level=2
2026-07-02 15:17:31 [http-nio-8081-exec-10] DEBUG o.s.security.web.FilterChainProxy - Securing GET /api/locations?size=20&page=0&level=2
2026-07-02 15:17:31 [http-nio-8081-exec-10] DEBUG o.s.security.web.FilterChainProxy - Secured GET /api/locations?size=20&page=0&level=2
2026-07-02 15:17:31 [http-nio-8081-exec-9] DEBUG o.s.security.web.FilterChainProxy - Securing GET /users/me
2026-07-02 15:17:31 [http-nio-8081-exec-9] DEBUG o.s.security.web.FilterChainProxy - Secured GET /users/me
2026-07-02 15:17:31 [http-nio-8081-exec-4] DEBUG o.s.security.web.FilterChainProxy - Securing GET /api/v1/notifications/unread-count
2026-07-02 15:17:31 [http-nio-8081-exec-1] DEBUG o.s.security.web.FilterChainProxy - Securing GET /api/v1/notifications/stream?token=eyJhbGciOiJIUzI1NiJ9.eyJzdWIiOiJUdW5hLWFkbWluIiwicGVybWlzc2lvbnMiOlsiUk9MRV9BRE1JTiJdLCJpc3MiOiJkZXZ0ZXJpYS5jb20iLCJleHAiOjE3Nzk1MjAyNzUsImlhdCI6MTc3OTUxMzA3NSwidXNlcklkIjoiMGZiN2VkZjMtYzQ5YS00NTQ5LTg4YzUtNDk5OTMxNGEzMzFlIn0.bJu3f8N3VUhzhAlzxn07v98jJkgoo3H20isKAEyAScU
2026-07-02 15:17:31 [http-nio-8081-exec-4] DEBUG o.s.security.web.FilterChainProxy - Secured GET /api/v1/notifications/unread-count
2026-07-02 15:17:31 [http-nio-8081-exec-1] DEBUG o.s.security.web.FilterChainProxy - Secured GET /api/v1/notifications/stream?token=eyJhbGciOiJIUzI1NiJ9.eyJzdWIiOiJUdW5hLWFkbWluIiwicGVybWlzc2lvbnMiOlsiUk9MRV9BRE1JTiJdLCJpc3MiOiJkZXZ0ZXJpYS5jb20iLCJleHAiOjE3Nzk1MjAyNzUsImlhdCI6MTc3OTUxMzA3NSwidXNlcklkIjoiMGZiN2VkZjMtYzQ5YS00NTQ5LTg4YzUtNDk5OTMxNGEzMzFlIn0.bJu3f8N3VUhzhAlzxn07v98jJkgoo3H20isKAEyAScU
2026-07-02 15:17:31 [http-nio-8081-exec-5] DEBUG o.s.security.web.FilterChainProxy - Securing GET /api/v1/notifications/unread-count
2026-07-02 15:17:31 [http-nio-8081-exec-5] DEBUG o.s.security.web.FilterChainProxy - Secured GET /api/v1/notifications/unread-count
2026-07-02 15:17:31 [http-nio-8081-exec-6] DEBUG o.s.security.web.FilterChainProxy - Securing GET /api/v1/notifications/stream?token=eyJhbGciOiJIUzI1NiJ9.eyJzdWIiOiJUdW5hLWFkbWluIiwicGVybWlzc2lvbnMiOlsiUk9MRV9BRE1JTiJdLCJpc3MiOiJkZXZ0ZXJpYS5jb20iLCJleHAiOjE3Nzk1MjAyNzUsImlhdCI6MTc3OTUxMzA3NSwidXNlcklkIjoiMGZiN2VkZjMtYzQ5YS00NTQ5LTg4YzUtNDk5OTMxNGEzMzFlIn0.bJu3f8N3VUhzhAlzxn07v98jJkgoo3H20isKAEyAScU
2026-07-02 15:17:31 [http-nio-8081-exec-6] DEBUG o.s.security.web.FilterChainProxy - Secured GET /api/v1/notifications/stream?token=eyJhbGciOiJIUzI1NiJ9.eyJzdWIiOiJUdW5hLWFkbWluIiwicGVybWlzc2lvbnMiOlsiUk9MRV9BRE1JTiJdLCJpc3MiOiJkZXZ0ZXJpYS5jb20iLCJleHAiOjE3Nzk1MjAyNzUsImlhdCI6MTc3OTUxMzA3NSwidXNlcklkIjoiMGZiN2VkZjMtYzQ5YS00NTQ5LTg4YzUtNDk5OTMxNGEzMzFlIn0.bJu3f8N3VUhzhAlzxn07v98jJkgoo3H20isKAEyAScU
2026-07-02 15:17:31 [http-nio-8081-exec-2] DEBUG o.s.security.web.FilterChainProxy - Securing GET /chat/conversations
2026-07-02 15:17:31 [http-nio-8081-exec-2] DEBUG o.s.security.web.FilterChainProxy - Secured GET /chat/conversations
2026-07-02 15:17:31 [http-nio-8081-exec-1] DEBUG o.s.security.web.FilterChainProxy - Securing GET /api/v1/notifications/unread-count
2026-07-02 15:17:31 [http-nio-8081-exec-1] DEBUG o.s.security.web.FilterChainProxy - Secured GET /api/v1/notifications/unread-count
2026-07-02 15:17:31 [http-nio-8081-exec-4] DEBUG o.s.security.web.FilterChainProxy - Securing GET /api/v1/notifications/unread-count
2026-07-02 15:17:31 [http-nio-8081-exec-4] DEBUG o.s.security.web.FilterChainProxy - Secured GET /api/v1/notifications/unread-count
2026-07-02 15:17:31 [http-nio-8081-exec-10] DEBUG o.s.security.web.FilterChainProxy - Securing GET /chat/conversations
2026-07-02 15:17:31 [http-nio-8081-exec-10] DEBUG o.s.security.web.FilterChainProxy - Secured GET /chat/conversations
2026-07-02 15:17:31 [http-nio-8081-exec-6] DEBUG o.s.security.web.FilterChainProxy - Securing GET /chat/conversations
2026-07-02 15:17:31 [http-nio-8081-exec-6] DEBUG o.s.security.web.FilterChainProxy - Secured GET /chat/conversations
2026-07-02 15:17:31 [http-nio-8081-exec-7] DEBUG o.s.security.web.FilterChainProxy - Securing GET /chat/conversations
2026-07-02 15:17:31 [http-nio-8081-exec-7] DEBUG o.s.security.web.FilterChainProxy - Secured GET /chat/conversations
2026-07-02 15:17:31 [http-nio-8081-exec-9] DEBUG o.s.security.web.FilterChainProxy - Securing GET /api/v1/posts/getAll?size=200
2026-07-02 15:17:31 [http-nio-8081-exec-9] DEBUG o.s.security.web.FilterChainProxy - Secured GET /api/v1/posts/getAll?size=200
2026-07-02 15:17:32 [http-nio-8081-exec-8] DEBUG o.s.security.web.FilterChainProxy - Securing GET /api/v1/notifications/stream?token=eyJhbGciOiJIUzI1NiJ9.eyJzdWIiOiJUdW5hLWFkbWluIiwicGVybWlzc2lvbnMiOlsiUk9MRV9BRE1JTiJdLCJpc3MiOiJkZXZ0ZXJpYS5jb20iLCJleHAiOjE3Nzk1MjAyNzUsImlhdCI6MTc3OTUxMzA3NSwidXNlcklkIjoiMGZiN2VkZjMtYzQ5YS00NTQ5LTg4YzUtNDk5OTMxNGEzMzFlIn0.bJu3f8N3VUhzhAlzxn07v98jJkgoo3H20isKAEyAScU
2026-07-02 15:17:32 [http-nio-8081-exec-8] DEBUG o.s.security.web.FilterChainProxy - Secured GET /api/v1/notifications/stream?token=eyJhbGciOiJIUzI1NiJ9.eyJzdWIiOiJUdW5hLWFkbWluIiwicGVybWlzc2lvbnMiOlsiUk9MRV9BRE1JTiJdLCJpc3MiOiJkZXZ0ZXJpYS5jb20iLCJleHAiOjE3Nzk1MjAyNzUsImlhdCI6MTc3OTUxMzA3NSwidXNlcklkIjoiMGZiN2VkZjMtYzQ5YS00NTQ5LTg4YzUtNDk5OTMxNGEzMzFlIn0.bJu3f8N3VUhzhAlzxn07v98jJkgoo3H20isKAEyAScU
2026-07-02 15:17:32 [http-nio-8081-exec-8] ERROR c.e.b.e.GlobalExceptionHandler - Unhandled Exception: 
org.springframework.web.context.request.async.AsyncRequestNotUsableException: Servlet container error notification for disconnected client
	at org.springframework.web.context.request.async.WebAsyncManager.lambda$startDeferredResultProcessing$1(WebAsyncManager.java:443)
	at org.springframework.web.context.request.async.StandardServletAsyncWebRequest.lambda$onError$0(StandardServletAsyncWebRequest.java:193)
	at java.base/java.util.ArrayList.forEach(ArrayList.java:1511)
	at org.springframework.web.context.request.async.StandardServletAsyncWebRequest.onError(StandardServletAsyncWebRequest.java:193)
	at org.apache.catalina.core.AsyncListenerWrapper.fireOnError(AsyncListenerWrapper.java:49)
	at org.apache.catalina.core.AsyncContextImpl.setErrorState(AsyncContextImpl.java:411)
	at org.apache.catalina.connector.CoyoteAdapter.asyncDispatch(CoyoteAdapter.java:154)
	at org.apache.coyote.AbstractProcessor.dispatch(AbstractProcessor.java:242)
	at org.apache.coyote.AbstractProcessorLight.process(AbstractProcessorLight.java:57)
	at org.apache.coyote.AbstractProtocol$ConnectionHandler.process(AbstractProtocol.java:903)
	at org.apache.tomcat.util.net.NioEndpoint$SocketProcessor.doRun(NioEndpoint.java:1779)
	at org.apache.tomcat.util.net.SocketProcessorBase.run(SocketProcessorBase.java:52)
	at org.apache.tomcat.util.threads.ThreadPoolExecutor.runWorker(ThreadPoolExecutor.java:946)
	at org.apache.tomcat.util.threads.ThreadPoolExecutor$Worker.run(ThreadPoolExecutor.java:480)
	at org.apache.tomcat.util.threads.TaskThread$WrappingRunnable.run(TaskThread.java:57)
	at java.base/java.lang.Thread.run(Thread.java:840)
Caused by: java.io.IOException: An established connection was aborted by the software in your host machine
	at java.base/sun.nio.ch.SocketDispatcher.write0(Native Method)
	at java.base/sun.nio.ch.SocketDispatcher.write(SocketDispatcher.java:54)
	at java.base/sun.nio.ch.IOUtil.writeFromNativeBuffer(IOUtil.java:132)
	at java.base/sun.nio.ch.IOUtil.write(IOUtil.java:97)
	at java.base/sun.nio.ch.IOUtil.write(IOUtil.java:53)
	at java.base/sun.nio.ch.SocketChannelImpl.write(SocketChannelImpl.java:532)
	at org.apache.tomcat.util.net.NioChannel.write(NioChannel.java:129)
	at org.apache.tomcat.util.net.NioEndpoint$NioSocketWrapper.doWrite(NioEndpoint.java:1419)
	at org.apache.tomcat.util.net.SocketWrapperBase.doWrite(SocketWrapperBase.java:747)
	at org.apache.tomcat.util.net.SocketWrapperBase.flushBlocking(SocketWrapperBase.java:713)
	at org.apache.tomcat.util.net.SocketWrapperBase.flush(SocketWrapperBase.java:698)
	at org.apache.coyote.http11.Http11OutputBuffer$SocketOutputBuffer.flush(Http11OutputBuffer.java:563)
	at org.apache.coyote.http11.filters.ChunkedOutputFilter.flush(ChunkedOutputFilter.java:154)
	at org.apache.coyote.http11.Http11OutputBuffer.flush(Http11OutputBuffer.java:216)
	at org.apache.coyote.http11.Http11Processor.flush(Http11Processor.java:1271)
	at org.apache.coyote.AbstractProcessor.action(AbstractProcessor.java:407)
	at org.apache.coyote.Response.action(Response.java:197)
	at org.apache.catalina.connector.OutputBuffer.doFlush(OutputBuffer.java:286)
	at org.apache.catalina.connector.OutputBuffer.flush(OutputBuffer.java:252)
	at org.apache.catalina.connector.CoyoteOutputStream.flush(CoyoteOutputStream.java:134)
	at org.springframework.security.web.util.OnCommittedResponseWrapper$SaveContextServletOutputStream.flush(OnCommittedResponseWrapper.java:524)
	at org.springframework.web.context.request.async.StandardServletAsyncWebRequest$LifecycleServletOutputStream.flush(StandardServletAsyncWebRequest.java:410)
	at org.springframework.http.converter.AbstractHttpMessageConverter.write(AbstractHttpMessageConverter.java:233)
	at org.springframework.web.servlet.mvc.method.annotation.ResponseBodyEmitterReturnValueHandler$DefaultSseEmitterHandler.sendInternal(ResponseBodyEmitterReturnValueHandler.java:315)
	at org.springframework.web.servlet.mvc.method.annotation.ResponseBodyEmitterReturnValueHandler$DefaultSseEmitterHandler.send(ResponseBodyEmitterReturnValueHandler.java:302)
	at org.springframework.web.servlet.mvc.method.annotation.ResponseBodyEmitter.sendInternal(ResponseBodyEmitter.java:253)
	at org.springframework.web.servlet.mvc.method.annotation.ResponseBodyEmitter.send(ResponseBodyEmitter.java:240)
	at org.springframework.web.servlet.mvc.method.annotation.SseEmitter.send(SseEmitter.java:130)
	at com.example.backend.service.notification.NotificationSseService.lambda$connect$4(NotificationSseService.java:34)
	at java.base/java.util.concurrent.CompletableFuture$AsyncRun.run(CompletableFuture.java:1804)
	at java.base/java.util.concurrent.CompletableFuture$AsyncRun.exec(CompletableFuture.java:1796)
	at java.base/java.util.concurrent.ForkJoinTask.doExec(ForkJoinTask.java:373)
	at java.base/java.util.concurrent.ForkJoinPool$WorkQueue.topLevelExec(ForkJoinPool.java:1182)
	at java.base/java.util.concurrent.ForkJoinPool.scan(ForkJoinPool.java:1655)
	at java.base/java.util.concurrent.ForkJoinPool.runWorker(ForkJoinPool.java:1622)
	at java.base/java.util.concurrent.ForkJoinWorkerThread.run(ForkJoinWorkerThread.java:165)
2026-07-02 15:17:32 [http-nio-8081-exec-8] WARN  o.s.w.s.m.m.a.ExceptionHandlerExceptionResolver - Failure in @ExceptionHandler com.example.backend.exception.GlobalExceptionHandler#handleException(Exception)
org.springframework.http.converter.HttpMessageNotWritableException: No converter for [class com.example.backend.dto.response.ApiResponse] with preset Content-Type 'text/event-stream'
	at org.springframework.web.servlet.mvc.method.annotation.AbstractMessageConverterMethodProcessor.writeWithMessageConverters(AbstractMessageConverterMethodProcessor.java:364)
	at org.springframework.web.servlet.mvc.method.annotation.HttpEntityMethodProcessor.handleReturnValue(HttpEntityMethodProcessor.java:261)
	at org.springframework.web.method.support.HandlerMethodReturnValueHandlerComposite.handleReturnValue(HandlerMethodReturnValueHandlerComposite.java:78)
	at org.springframework.web.servlet.mvc.method.annotation.ServletInvocableHandlerMethod.invokeAndHandle(ServletInvocableHandlerMethod.java:135)
	at org.springframework.web.servlet.mvc.method.annotation.ExceptionHandlerExceptionResolver.doResolveHandlerMethodException(ExceptionHandlerExceptionResolver.java:460)
	at org.springframework.web.servlet.handler.AbstractHandlerMethodExceptionResolver.doResolveException(AbstractHandlerMethodExceptionResolver.java:72)
	at org.springframework.web.servlet.handler.AbstractHandlerExceptionResolver.resolveException(AbstractHandlerExceptionResolver.java:176)
	at org.springframework.web.servlet.handler.HandlerExceptionResolverComposite.resolveException(HandlerExceptionResolverComposite.java:78)
	at org.springframework.web.servlet.DispatcherServlet.processHandlerException(DispatcherServlet.java:1227)
	at org.springframework.web.servlet.DispatcherServlet.processDispatchResult(DispatcherServlet.java:1035)
	at org.springframework.web.servlet.DispatcherServlet.doDispatch(DispatcherServlet.java:980)
	at org.springframework.web.servlet.DispatcherServlet.doService(DispatcherServlet.java:866)
	at org.springframework.web.servlet.FrameworkServlet.processRequest(FrameworkServlet.java:1000)
	at org.springframework.web.servlet.FrameworkServlet.doGet(FrameworkServlet.java:892)
	at jakarta.servlet.http.HttpServlet.service(HttpServlet.java:622)
	at org.springframework.web.servlet.FrameworkServlet.service(FrameworkServlet.java:874)
	at jakarta.servlet.http.HttpServlet.service(HttpServlet.java:710)
	at org.apache.catalina.core.ApplicationFilterChain.doFilter(ApplicationFilterChain.java:128)
	at org.springframework.web.filter.OncePerRequestFilter.doFilter(OncePerRequestFilter.java:101)
	at org.apache.catalina.core.ApplicationFilterChain.doFilter(ApplicationFilterChain.java:107)
	at org.springframework.web.filter.CompositeFilter$VirtualFilterChain.doFilter(CompositeFilter.java:108)
	at org.springframework.security.web.FilterChainProxy.lambda$doFilterInternal$3(FilterChainProxy.java:235)
	at org.springframework.security.web.FilterChainProxy$VirtualFilterChain.doFilter(FilterChainProxy.java:371)
	at org.springframework.security.web.access.intercept.AuthorizationFilter.doFilter(AuthorizationFilter.java:101)
	at org.springframework.security.web.FilterChainProxy$VirtualFilterChain.doFilter(FilterChainProxy.java:380)
	at org.springframework.security.web.access.ExceptionTranslationFilter.doFilter(ExceptionTranslationFilter.java:126)
	at org.springframework.security.web.access.ExceptionTranslationFilter.doFilter(ExceptionTranslationFilter.java:120)
	at org.springframework.security.web.FilterChainProxy$VirtualFilterChain.doFilter(FilterChainProxy.java:380)
	at org.springframework.security.web.authentication.AnonymousAuthenticationFilter.doFilter(AnonymousAuthenticationFilter.java:100)
	at org.springframework.security.web.FilterChainProxy$VirtualFilterChain.doFilter(FilterChainProxy.java:380)
	at org.springframework.security.web.servletapi.SecurityContextHolderAwareRequestFilter.doFilter(SecurityContextHolderAwareRequestFilter.java:181)
	at org.springframework.security.web.FilterChainProxy$VirtualFilterChain.doFilter(FilterChainProxy.java:380)
	at org.springframework.security.web.savedrequest.RequestCacheAwareFilter.doFilter(RequestCacheAwareFilter.java:63)
	at org.springframework.security.web.FilterChainProxy$VirtualFilterChain.doFilter(FilterChainProxy.java:380)
	at org.springframework.web.filter.OncePerRequestFilter.doFilter(OncePerRequestFilter.java:101)
	at org.springframework.security.web.FilterChainProxy$VirtualFilterChain.doFilter(FilterChainProxy.java:380)
	at org.springframework.security.web.authentication.logout.LogoutFilter.doFilter(LogoutFilter.java:110)
	at org.springframework.security.web.authentication.logout.LogoutFilter.doFilter(LogoutFilter.java:96)
	at org.springframework.security.web.FilterChainProxy$VirtualFilterChain.doFilter(FilterChainProxy.java:380)
	at org.springframework.web.filter.OncePerRequestFilter.doFilter(OncePerRequestFilter.java:101)
	at org.springframework.security.web.FilterChainProxy$VirtualFilterChain.doFilter(FilterChainProxy.java:380)
	at org.springframework.web.filter.OncePerRequestFilter.doFilter(OncePerRequestFilter.java:101)
	at org.springframework.security.web.FilterChainProxy$VirtualFilterChain.doFilter(FilterChainProxy.java:380)
	at org.springframework.security.web.context.SecurityContextHolderFilter.doFilter(SecurityContextHolderFilter.java:82)
	at org.springframework.security.web.context.SecurityContextHolderFilter.doFilter(SecurityContextHolderFilter.java:69)
	at org.springframework.security.web.FilterChainProxy$VirtualFilterChain.doFilter(FilterChainProxy.java:380)
	at org.springframework.web.filter.OncePerRequestFilter.doFilter(OncePerRequestFilter.java:101)
	at org.springframework.security.web.FilterChainProxy$VirtualFilterChain.doFilter(FilterChainProxy.java:380)
	at org.springframework.web.filter.OncePerRequestFilter.doFilter(OncePerRequestFilter.java:101)
	at org.springframework.security.web.FilterChainProxy$VirtualFilterChain.doFilter(FilterChainProxy.java:380)
	at org.springframework.security.web.FilterChainProxy.doFilterInternal(FilterChainProxy.java:237)
	at org.springframework.security.web.FilterChainProxy.doFilter(FilterChainProxy.java:195)
	at org.springframework.web.filter.CompositeFilter$VirtualFilterChain.doFilter(CompositeFilter.java:113)
	at org.springframework.web.filter.ServletRequestPathFilter.doFilter(ServletRequestPathFilter.java:52)
	at org.springframework.web.filter.CompositeFilter$VirtualFilterChain.doFilter(CompositeFilter.java:113)
	at org.springframework.web.filter.CompositeFilter.doFilter(CompositeFilter.java:74)
	at org.springframework.security.config.annotation.web.configuration.WebSecurityConfiguration$CompositeFilterChainProxy.doFilter(WebSecurityConfiguration.java:317)
	at org.springframework.web.filter.DelegatingFilterProxy.invokeDelegate(DelegatingFilterProxy.java:355)
	at org.springframework.web.filter.DelegatingFilterProxy.doFilter(DelegatingFilterProxy.java:272)
	at org.apache.catalina.core.ApplicationFilterChain.doFilter(ApplicationFilterChain.java:107)
	at org.springframework.web.filter.RequestContextFilter.doFilterInternal(RequestContextFilter.java:100)
	at org.springframework.web.filter.OncePerRequestFilter.doFilter(OncePerRequestFilter.java:116)
	at org.apache.catalina.core.ApplicationFilterChain.doFilter(ApplicationFilterChain.java:107)
	at org.springframework.web.filter.OncePerRequestFilter.doFilter(OncePerRequestFilter.java:101)
	at org.apache.catalina.core.ApplicationFilterChain.doFilter(ApplicationFilterChain.java:107)
	at org.springframework.web.filter.OncePerRequestFilter.doFilter(OncePerRequestFilter.java:101)
	at org.apache.catalina.core.ApplicationFilterChain.doFilter(ApplicationFilterChain.java:107)
	at org.springframework.web.filter.OncePerRequestFilter.doFilter(OncePerRequestFilter.java:101)
	at org.apache.catalina.core.ApplicationFilterChain.doFilter(ApplicationFilterChain.java:107)
	at org.apache.catalina.core.ApplicationDispatcher.invoke(ApplicationDispatcher.java:513)
	at org.apache.catalina.core.ApplicationDispatcher.dispatch(ApplicationDispatcher.java:441)
	at org.apache.catalina.core.AsyncContextImpl$AsyncRunnable.run(AsyncContextImpl.java:585)
	at org.apache.catalina.core.AsyncContextImpl.doInternalDispatch(AsyncContextImpl.java:340)
	at org.apache.catalina.core.StandardWrapperValve.invoke(StandardWrapperValve.java:163)
	at org.apache.catalina.core.StandardContextValve.invoke(StandardContextValve.java:77)
	at org.apache.catalina.authenticator.AuthenticatorBase.invoke(AuthenticatorBase.java:492)
	at org.apache.catalina.core.StandardHostValve.invoke(StandardHostValve.java:113)
	at org.apache.catalina.valves.ErrorReportValve.invoke(ErrorReportValve.java:83)
	at org.apache.catalina.core.StandardEngineValve.invoke(StandardEngineValve.java:72)
	at org.apache.catalina.connector.CoyoteAdapter.asyncDispatch(CoyoteAdapter.java:238)
	at org.apache.coyote.AbstractProcessor.dispatch(AbstractProcessor.java:242)
	at org.apache.coyote.AbstractProcessorLight.process(AbstractProcessorLight.java:57)
	at org.apache.coyote.AbstractProtocol$ConnectionHandler.process(AbstractProtocol.java:903)
	at org.apache.tomcat.util.net.NioEndpoint$SocketProcessor.doRun(NioEndpoint.java:1779)
	at org.apache.tomcat.util.net.SocketProcessorBase.run(SocketProcessorBase.java:52)
	at org.apache.tomcat.util.threads.ThreadPoolExecutor.runWorker(ThreadPoolExecutor.java:946)
	at org.apache.tomcat.util.threads.ThreadPoolExecutor$Worker.run(ThreadPoolExecutor.java:480)
	at org.apache.tomcat.util.threads.TaskThread$WrappingRunnable.run(TaskThread.java:57)
	at java.base/java.lang.Thread.run(Thread.java:840)
2026-07-02 15:17:32 [http-nio-8081-exec-8] DEBUG o.s.s.w.a.AnonymousAuthenticationFilter - Set SecurityContextHolder to anonymous SecurityContext
2026-07-02 15:18:37 [http-nio-8081-exec-3] DEBUG o.s.security.web.FilterChainProxy - Securing GET /api/locations?size=20&page=0&level=2
2026-07-02 15:18:37 [http-nio-8081-exec-9] DEBUG o.s.security.web.FilterChainProxy - Securing GET /api/v1/posts/getAll?size=200
2026-07-02 15:18:37 [http-nio-8081-exec-3] DEBUG o.s.security.web.FilterChainProxy - Secured GET /api/locations?size=20&page=0&level=2
2026-07-02 15:18:37 [http-nio-8081-exec-9] DEBUG o.s.security.web.FilterChainProxy - Secured GET /api/v1/posts/getAll?size=200
2026-07-02 15:18:38 [http-nio-8081-exec-5] DEBUG o.s.security.web.FilterChainProxy - Securing GET /api/locations?size=20&page=0&level=2
2026-07-02 15:18:38 [http-nio-8081-exec-2] DEBUG o.s.security.web.FilterChainProxy - Securing GET /api/v1/posts/getAll?size=200
2026-07-02 15:18:38 [http-nio-8081-exec-2] DEBUG o.s.security.web.FilterChainProxy - Secured GET /api/v1/posts/getAll?size=200
2026-07-02 15:18:38 [http-nio-8081-exec-5] DEBUG o.s.security.web.FilterChainProxy - Secured GET /api/locations?size=20&page=0&level=2
2026-07-02 15:18:38 [http-nio-8081-exec-5] DEBUG o.s.s.w.a.AnonymousAuthenticationFilter - Set SecurityContextHolder to anonymous SecurityContext
2026-07-02 15:18:38 [http-nio-8081-exec-2] DEBUG o.s.s.w.a.AnonymousAuthenticationFilter - Set SecurityContextHolder to anonymous SecurityContext
2026-07-02 15:19:12 [http-nio-8081-exec-6] DEBUG o.s.security.web.FilterChainProxy - Securing GET /api/locations/9c647745-7d29-4ea8-990d-5c2392e276db
2026-07-02 15:19:12 [http-nio-8081-exec-6] DEBUG o.s.security.web.FilterChainProxy - Secured GET /api/locations/9c647745-7d29-4ea8-990d-5c2392e276db
2026-07-02 15:19:12 [http-nio-8081-exec-7] DEBUG o.s.security.web.FilterChainProxy - Securing GET /api/locations/9c647745-7d29-4ea8-990d-5c2392e276db
2026-07-02 15:19:12 [http-nio-8081-exec-9] DEBUG o.s.security.web.FilterChainProxy - Securing GET /api/v1/posts/location/9c647745-7d29-4ea8-990d-5c2392e276db?size=50&viewerId=0fb7edf3-c49a-4549-88c5-4999314a331e
2026-07-02 15:19:12 [http-nio-8081-exec-7] DEBUG o.s.security.web.FilterChainProxy - Secured GET /api/locations/9c647745-7d29-4ea8-990d-5c2392e276db
2026-07-02 15:19:12 [http-nio-8081-exec-9] DEBUG o.s.security.web.FilterChainProxy - Secured GET /api/v1/posts/location/9c647745-7d29-4ea8-990d-5c2392e276db?size=50&viewerId=0fb7edf3-c49a-4549-88c5-4999314a331e
2026-07-02 15:19:12 [http-nio-8081-exec-8] DEBUG o.s.security.web.FilterChainProxy - Securing GET /api/v1/posts/location/9c647745-7d29-4ea8-990d-5c2392e276db?size=50&viewerId=0fb7edf3-c49a-4549-88c5-4999314a331e
2026-07-02 15:19:12 [http-nio-8081-exec-8] DEBUG o.s.security.web.FilterChainProxy - Secured GET /api/v1/posts/location/9c647745-7d29-4ea8-990d-5c2392e276db?size=50&viewerId=0fb7edf3-c49a-4549-88c5-4999314a331e
2026-07-02 15:19:15 [http-nio-8081-exec-4] DEBUG o.s.security.web.FilterChainProxy - Securing GET /api/v1/comments/post/1e53a30f-ef3d-44cb-ae06-7d2354225791
2026-07-02 15:19:15 [http-nio-8081-exec-1] DEBUG o.s.security.web.FilterChainProxy - Securing GET /api/v1/posts/1e53a30f-ef3d-44cb-ae06-7d2354225791?viewerId=0fb7edf3-c49a-4549-88c5-4999314a331e
2026-07-02 15:19:15 [http-nio-8081-exec-1] DEBUG o.s.security.web.FilterChainProxy - Secured GET /api/v1/posts/1e53a30f-ef3d-44cb-ae06-7d2354225791?viewerId=0fb7edf3-c49a-4549-88c5-4999314a331e
2026-07-02 15:19:15 [http-nio-8081-exec-4] DEBUG o.s.security.web.FilterChainProxy - Secured GET /api/v1/comments/post/1e53a30f-ef3d-44cb-ae06-7d2354225791
2026-07-02 15:19:15 [http-nio-8081-exec-6] DEBUG o.s.security.web.FilterChainProxy - Securing GET /api/v1/comments/post/1e53a30f-ef3d-44cb-ae06-7d2354225791
2026-07-02 15:19:15 [http-nio-8081-exec-6] DEBUG o.s.security.web.FilterChainProxy - Secured GET /api/v1/comments/post/1e53a30f-ef3d-44cb-ae06-7d2354225791
2026-07-02 15:19:15 [http-nio-8081-exec-3] DEBUG o.s.security.web.FilterChainProxy - Securing GET /api/v1/posts/1e53a30f-ef3d-44cb-ae06-7d2354225791?viewerId=0fb7edf3-c49a-4549-88c5-4999314a331e
2026-07-02 15:19:15 [http-nio-8081-exec-3] DEBUG o.s.security.web.FilterChainProxy - Secured GET /api/v1/posts/1e53a30f-ef3d-44cb-ae06-7d2354225791?viewerId=0fb7edf3-c49a-4549-88c5-4999314a331e
2026-07-02 15:19:15 [http-nio-8081-exec-8] DEBUG o.s.security.web.FilterChainProxy - Securing GET /api/v1/follow/status?followerId=0fb7edf3-c49a-4549-88c5-4999314a331e&followingId=2ea069b0-fdb0-46f0-81d1-a6502ebfcce5
2026-07-02 15:19:15 [http-nio-8081-exec-8] DEBUG o.s.security.web.FilterChainProxy - Secured GET /api/v1/follow/status?followerId=0fb7edf3-c49a-4549-88c5-4999314a331e&followingId=2ea069b0-fdb0-46f0-81d1-a6502ebfcce5
2026-07-02 15:19:15 [http-nio-8081-exec-5] DEBUG o.s.security.web.FilterChainProxy - Securing GET /api/v1/follow/status?followerId=0fb7edf3-c49a-4549-88c5-4999314a331e&followingId=2ea069b0-fdb0-46f0-81d1-a6502ebfcce5
2026-07-02 15:19:15 [http-nio-8081-exec-5] DEBUG o.s.security.web.FilterChainProxy - Secured GET /api/v1/follow/status?followerId=0fb7edf3-c49a-4549-88c5-4999314a331e&followingId=2ea069b0-fdb0-46f0-81d1-a6502ebfcce5
2026-07-02 15:19:23 [http-nio-8081-exec-4] DEBUG o.s.security.web.FilterChainProxy - Securing GET /api/locations/9c647745-7d29-4ea8-990d-5c2392e276db
2026-07-02 15:19:23 [http-nio-8081-exec-4] DEBUG o.s.security.web.FilterChainProxy - Secured GET /api/locations/9c647745-7d29-4ea8-990d-5c2392e276db
2026-07-02 15:19:23 [http-nio-8081-exec-6] DEBUG o.s.security.web.FilterChainProxy - Securing GET /api/locations/9c647745-7d29-4ea8-990d-5c2392e276db
2026-07-02 15:19:23 [http-nio-8081-exec-6] DEBUG o.s.security.web.FilterChainProxy - Secured GET /api/locations/9c647745-7d29-4ea8-990d-5c2392e276db
2026-07-02 15:19:23 [http-nio-8081-exec-7] DEBUG o.s.security.web.FilterChainProxy - Securing GET /api/v1/posts/location/9c647745-7d29-4ea8-990d-5c2392e276db?size=50&viewerId=0fb7edf3-c49a-4549-88c5-4999314a331e
2026-07-02 15:19:23 [http-nio-8081-exec-7] DEBUG o.s.security.web.FilterChainProxy - Secured GET /api/v1/posts/location/9c647745-7d29-4ea8-990d-5c2392e276db?size=50&viewerId=0fb7edf3-c49a-4549-88c5-4999314a331e
2026-07-02 15:19:23 [http-nio-8081-exec-9] DEBUG o.s.security.web.FilterChainProxy - Securing GET /api/v1/posts/location/9c647745-7d29-4ea8-990d-5c2392e276db?size=50&viewerId=0fb7edf3-c49a-4549-88c5-4999314a331e
2026-07-02 15:19:23 [http-nio-8081-exec-9] DEBUG o.s.security.web.FilterChainProxy - Secured GET /api/v1/posts/location/9c647745-7d29-4ea8-990d-5c2392e276db?size=50&viewerId=0fb7edf3-c49a-4549-88c5-4999314a331e
2026-07-02 15:19:50 [http-nio-8081-exec-6] DEBUG o.s.security.web.FilterChainProxy - Securing GET /api/v1/posts/getAll?size=200
2026-07-02 15:19:50 [http-nio-8081-exec-1] DEBUG o.s.security.web.FilterChainProxy - Securing GET /api/locations?size=20&page=0&level=2
2026-07-02 15:19:50 [http-nio-8081-exec-1] DEBUG o.s.security.web.FilterChainProxy - Secured GET /api/locations?size=20&page=0&level=2
2026-07-02 15:19:50 [http-nio-8081-exec-6] DEBUG o.s.security.web.FilterChainProxy - Secured GET /api/v1/posts/getAll?size=200
2026-07-02 15:19:50 [http-nio-8081-exec-7] DEBUG o.s.security.web.FilterChainProxy - Securing GET /api/locations?size=20&page=0&level=2
2026-07-02 15:19:50 [http-nio-8081-exec-7] DEBUG o.s.security.web.FilterChainProxy - Secured GET /api/locations?size=20&page=0&level=2
2026-07-02 15:19:51 [http-nio-8081-exec-9] DEBUG o.s.security.web.FilterChainProxy - Securing GET /api/v1/posts/getAll?size=200
2026-07-02 15:19:51 [http-nio-8081-exec-9] DEBUG o.s.security.web.FilterChainProxy - Secured GET /api/v1/posts/getAll?size=200
2026-07-02 15:22:32 [http-nio-8081-exec-4] DEBUG o.s.security.web.FilterChainProxy - Securing GET /api/v1/notifications/unread-count
2026-07-02 15:22:32 [http-nio-8081-exec-4] DEBUG o.s.security.web.FilterChainProxy - Secured GET /api/v1/notifications/unread-count
2026-07-02 15:27:32 [http-nio-8081-exec-6] DEBUG o.s.security.web.FilterChainProxy - Securing GET /api/v1/notifications/unread-count
2026-07-02 15:27:32 [http-nio-8081-exec-6] DEBUG o.s.security.web.FilterChainProxy - Secured GET /api/v1/notifications/unread-count
2026-07-02 15:29:50 [http-nio-8081-exec-5] DEBUG o.s.security.web.FilterChainProxy - Securing GET /api/locations/2aed3455-8399-4cb6-ad17-18c2d324ae67
2026-07-02 15:29:50 [http-nio-8081-exec-5] DEBUG o.s.security.web.FilterChainProxy - Secured GET /api/locations/2aed3455-8399-4cb6-ad17-18c2d324ae67
2026-07-02 15:29:50 [http-nio-8081-exec-3] DEBUG o.s.security.web.FilterChainProxy - Securing GET /api/locations/2aed3455-8399-4cb6-ad17-18c2d324ae67
2026-07-02 15:29:50 [http-nio-8081-exec-3] DEBUG o.s.security.web.FilterChainProxy - Secured GET /api/locations/2aed3455-8399-4cb6-ad17-18c2d324ae67
2026-07-02 15:29:50 [http-nio-8081-exec-4] DEBUG o.s.security.web.FilterChainProxy - Securing GET /api/v1/posts/location/2aed3455-8399-4cb6-ad17-18c2d324ae67?size=50&viewerId=0fb7edf3-c49a-4549-88c5-4999314a331e
2026-07-02 15:29:50 [http-nio-8081-exec-4] DEBUG o.s.security.web.FilterChainProxy - Secured GET /api/v1/posts/location/2aed3455-8399-4cb6-ad17-18c2d324ae67?size=50&viewerId=0fb7edf3-c49a-4549-88c5-4999314a331e
2026-07-02 15:29:51 [http-nio-8081-exec-1] DEBUG o.s.security.web.FilterChainProxy - Securing GET /api/v1/posts/location/2aed3455-8399-4cb6-ad17-18c2d324ae67?size=50&viewerId=0fb7edf3-c49a-4549-88c5-4999314a331e
2026-07-02 15:29:51 [http-nio-8081-exec-1] DEBUG o.s.security.web.FilterChainProxy - Secured GET /api/v1/posts/location/2aed3455-8399-4cb6-ad17-18c2d324ae67?size=50&viewerId=0fb7edf3-c49a-4549-88c5-4999314a331e
2026-07-02 15:29:54 [http-nio-8081-exec-8] DEBUG o.s.security.web.FilterChainProxy - Securing GET /api/v1/posts/135b4e29-6cf0-4d28-baf3-daf055301c15?viewerId=0fb7edf3-c49a-4549-88c5-4999314a331e
2026-07-02 15:29:54 [http-nio-8081-exec-5] DEBUG o.s.security.web.FilterChainProxy - Securing GET /api/v1/comments/post/135b4e29-6cf0-4d28-baf3-daf055301c15
2026-07-02 15:29:54 [http-nio-8081-exec-5] DEBUG o.s.security.web.FilterChainProxy - Secured GET /api/v1/comments/post/135b4e29-6cf0-4d28-baf3-daf055301c15
2026-07-02 15:29:54 [http-nio-8081-exec-8] DEBUG o.s.security.web.FilterChainProxy - Secured GET /api/v1/posts/135b4e29-6cf0-4d28-baf3-daf055301c15?viewerId=0fb7edf3-c49a-4549-88c5-4999314a331e
2026-07-02 15:29:54 [http-nio-8081-exec-2] DEBUG o.s.security.web.FilterChainProxy - Securing GET /api/v1/comments/post/135b4e29-6cf0-4d28-baf3-daf055301c15
2026-07-02 15:29:54 [http-nio-8081-exec-2] DEBUG o.s.security.web.FilterChainProxy - Secured GET /api/v1/comments/post/135b4e29-6cf0-4d28-baf3-daf055301c15
2026-07-02 15:29:54 [http-nio-8081-exec-3] DEBUG o.s.security.web.FilterChainProxy - Securing GET /api/v1/posts/135b4e29-6cf0-4d28-baf3-daf055301c15?viewerId=0fb7edf3-c49a-4549-88c5-4999314a331e
2026-07-02 15:29:54 [http-nio-8081-exec-3] DEBUG o.s.security.web.FilterChainProxy - Secured GET /api/v1/posts/135b4e29-6cf0-4d28-baf3-daf055301c15?viewerId=0fb7edf3-c49a-4549-88c5-4999314a331e
2026-07-02 15:29:54 [http-nio-8081-exec-6] DEBUG o.s.security.web.FilterChainProxy - Securing GET /api/v1/follow/status?followerId=0fb7edf3-c49a-4549-88c5-4999314a331e&followingId=cb202a3a-1d25-42ea-9eee-67c7c85b9ef1
2026-07-02 15:29:54 [http-nio-8081-exec-6] DEBUG o.s.security.web.FilterChainProxy - Secured GET /api/v1/follow/status?followerId=0fb7edf3-c49a-4549-88c5-4999314a331e&followingId=cb202a3a-1d25-42ea-9eee-67c7c85b9ef1
2026-07-02 15:29:54 [http-nio-8081-exec-7] DEBUG o.s.security.web.FilterChainProxy - Securing GET /api/v1/follow/status?followerId=0fb7edf3-c49a-4549-88c5-4999314a331e&followingId=cb202a3a-1d25-42ea-9eee-67c7c85b9ef1
2026-07-02 15:29:54 [http-nio-8081-exec-7] DEBUG o.s.security.web.FilterChainProxy - Secured GET /api/v1/follow/status?followerId=0fb7edf3-c49a-4549-88c5-4999314a331e&followingId=cb202a3a-1d25-42ea-9eee-67c7c85b9ef1
2026-07-02 15:30:02 [http-nio-8081-exec-2] DEBUG o.s.security.web.FilterChainProxy - Securing GET /api/locations?size=10000
2026-07-02 15:30:02 [http-nio-8081-exec-5] DEBUG o.s.security.web.FilterChainProxy - Securing GET /api/v1/posts/getAll?size=200
2026-07-02 15:30:02 [http-nio-8081-exec-2] DEBUG o.s.security.web.FilterChainProxy - Secured GET /api/locations?size=10000
2026-07-02 15:30:02 [http-nio-8081-exec-5] DEBUG o.s.security.web.FilterChainProxy - Secured GET /api/v1/posts/getAll?size=200
2026-07-02 15:30:02 [http-nio-8081-exec-8] DEBUG o.s.security.web.FilterChainProxy - Securing GET /api/locations?size=10000
2026-07-02 15:30:02 [http-nio-8081-exec-8] DEBUG o.s.security.web.FilterChainProxy - Secured GET /api/locations?size=10000
2026-07-02 15:30:02 [http-nio-8081-exec-4] DEBUG o.s.security.web.FilterChainProxy - Securing GET /api/v1/posts/getAll?size=200
2026-07-02 15:30:02 [http-nio-8081-exec-4] DEBUG o.s.security.web.FilterChainProxy - Secured GET /api/v1/posts/getAll?size=200
2026-07-02 15:30:30 [http-nio-8081-exec-3] DEBUG o.s.security.web.FilterChainProxy - Securing GET /api/locations?level=2&size=1000
2026-07-02 15:30:30 [http-nio-8081-exec-3] DEBUG o.s.security.web.FilterChainProxy - Secured GET /api/locations?level=2&size=1000
2026-07-02 15:30:30 [http-nio-8081-exec-7] DEBUG o.s.security.web.FilterChainProxy - Securing GET /api/locations?level=2&size=1000
2026-07-02 15:30:30 [http-nio-8081-exec-7] DEBUG o.s.security.web.FilterChainProxy - Secured GET /api/locations?level=2&size=1000
2026-07-02 15:30:57 [http-nio-8081-exec-2] DEBUG o.s.security.web.FilterChainProxy - Securing POST /api/photos/upload
2026-07-02 15:30:57 [http-nio-8081-exec-2] DEBUG o.s.security.web.FilterChainProxy - Secured POST /api/photos/upload
2026-07-02 15:31:01 [PhotoWorker-1] DEBUG c.e.b.u.gemini.GeminiModerationUtils - [Gemini Moderation] HTTP status=200 OK
2026-07-02 15:31:01 [PhotoWorker-1] DEBUG c.e.b.u.gemini.GeminiModerationUtils - [Gemini Moderation] raw text: {"label": "SAFE", "reason": "Ảnh phong cảnh thiên nhiên chụp bình minh trên núi, không chứa nội dung vi phạm."}
2026-07-02 15:31:01 [PhotoWorker-1] INFO  c.e.b.u.gemini.GeminiModerationUtils - [Gemini Moderation] label=SAFE score=0.0 reason=Ảnh phong cảnh thiên nhiên chụp bình minh trên núi, không chứa nội dung vi phạm.
2026-07-02 15:31:01 [PhotoWorker-1] DEBUG c.e.b.u.v.impl.VietMapServiceImpl - Calling VietMap reverse with lat=21.4095583, lng=106.8908306
2026-07-02 15:31:05 [PhotoWorker-1] INFO  c.e.b.s.p.i.PhotoUploadServiceImpl - Uploaded photo file=IMG_9346.HEIC thread=PhotoWorker-1 moderation=SAFE
2026-07-02 15:31:25 [http-nio-8081-exec-4] DEBUG o.s.security.web.FilterChainProxy - Securing GET /api/v1/tags/suggest?keyword=hoang
2026-07-02 15:31:25 [http-nio-8081-exec-4] DEBUG o.s.security.web.FilterChainProxy - Secured GET /api/v1/tags/suggest?keyword=hoang
2026-07-02 15:31:26 [http-nio-8081-exec-6] DEBUG o.s.security.web.FilterChainProxy - Securing GET /api/v1/tags/suggest?keyword=hoanghon
2026-07-02 15:31:26 [http-nio-8081-exec-6] DEBUG o.s.security.web.FilterChainProxy - Secured GET /api/v1/tags/suggest?keyword=hoanghon
2026-07-02 15:31:28 [http-nio-8081-exec-7] DEBUG o.s.security.web.FilterChainProxy - Securing POST /api/v1/posts/created
2026-07-02 15:31:28 [http-nio-8081-exec-7] DEBUG o.s.security.web.FilterChainProxy - Secured POST /api/v1/posts/created
2026-07-02 15:31:29 [http-nio-8081-exec-7] DEBUG o.s.s.a.m.AuthorizationManagerBeforeMethodInterceptor - Authorizing method invocation ReflectiveMethodInvocation: public com.example.backend.dto.response.post.PostResponse com.example.backend.controller.post.PostController.createPost(java.lang.String,com.example.backend.dto.request.post.PostCreateRequest); target is of class [com.example.backend.controller.post.PostController]
2026-07-02 15:31:29 [http-nio-8081-exec-7] DEBUG o.s.s.a.m.AuthorizationManagerBeforeMethodInterceptor - Authorized method invocation ReflectiveMethodInvocation: public com.example.backend.dto.response.post.PostResponse com.example.backend.controller.post.PostController.createPost(java.lang.String,com.example.backend.dto.request.post.PostCreateRequest); target is of class [com.example.backend.controller.post.PostController]
2026-07-02 15:31:29 [http-nio-8081-exec-7] INFO  c.e.b.s.u.impl.ReputationServiceImpl - User Admin gained 2 points. Reason: Upload ảnh thành công
2026-07-02 15:31:29 [http-nio-8081-exec-7] INFO  c.e.b.s.u.impl.ReputationServiceImpl - User Admin gained 1 points. Reason: Đăng ảnh an toàn (SAFE)
2026-07-02 15:31:29 [http-nio-8081-exec-7] INFO  c.e.b.s.u.impl.ReputationServiceImpl - User Admin gained 2 points. Reason: Check-in SPOT vị trí chính xác
2026-07-02 15:31:29 [http-nio-8081-exec-5] DEBUG o.s.security.web.FilterChainProxy - Securing GET /api/v1/posts/getAll?size=200
2026-07-02 15:31:29 [http-nio-8081-exec-4] DEBUG o.s.security.web.FilterChainProxy - Securing GET /api/locations?size=20&page=0&level=2
2026-07-02 15:31:29 [http-nio-8081-exec-4] DEBUG o.s.security.web.FilterChainProxy - Secured GET /api/locations?size=20&page=0&level=2
2026-07-02 15:31:29 [http-nio-8081-exec-5] DEBUG o.s.security.web.FilterChainProxy - Secured GET /api/v1/posts/getAll?size=200
2026-07-02 15:31:29 [http-nio-8081-exec-1] DEBUG o.s.security.web.FilterChainProxy - Securing GET /api/locations?size=20&page=0&level=2
2026-07-02 15:31:29 [http-nio-8081-exec-1] DEBUG o.s.security.web.FilterChainProxy - Secured GET /api/locations?size=20&page=0&level=2
2026-07-02 15:31:30 [http-nio-8081-exec-6] DEBUG o.s.security.web.FilterChainProxy - Securing GET /api/v1/posts/getAll?size=200
2026-07-02 15:31:30 [http-nio-8081-exec-6] DEBUG o.s.security.web.FilterChainProxy - Secured GET /api/v1/posts/getAll?size=200
2026-07-02 15:31:32 [http-nio-8081-exec-9] DEBUG o.s.security.web.FilterChainProxy - Securing GET /api/locations/7a84b328-90c4-439b-b705-a3516a5e358f
2026-07-02 15:31:32 [http-nio-8081-exec-9] DEBUG o.s.security.web.FilterChainProxy - Secured GET /api/locations/7a84b328-90c4-439b-b705-a3516a5e358f
2026-07-02 15:31:32 [http-nio-8081-exec-8] DEBUG o.s.security.web.FilterChainProxy - Securing GET /api/locations/7a84b328-90c4-439b-b705-a3516a5e358f
2026-07-02 15:31:32 [http-nio-8081-exec-8] DEBUG o.s.security.web.FilterChainProxy - Secured GET /api/locations/7a84b328-90c4-439b-b705-a3516a5e358f
2026-07-02 15:31:32 [http-nio-8081-exec-2] DEBUG o.s.security.web.FilterChainProxy - Securing GET /api/v1/posts/location/7a84b328-90c4-439b-b705-a3516a5e358f?size=50&viewerId=0fb7edf3-c49a-4549-88c5-4999314a331e
2026-07-02 15:31:32 [http-nio-8081-exec-2] DEBUG o.s.security.web.FilterChainProxy - Secured GET /api/v1/posts/location/7a84b328-90c4-439b-b705-a3516a5e358f?size=50&viewerId=0fb7edf3-c49a-4549-88c5-4999314a331e
2026-07-02 15:31:32 [http-nio-8081-exec-4] DEBUG o.s.security.web.FilterChainProxy - Securing GET /api/v1/posts/location/7a84b328-90c4-439b-b705-a3516a5e358f?size=50&viewerId=0fb7edf3-c49a-4549-88c5-4999314a331e
2026-07-02 15:31:32 [http-nio-8081-exec-4] DEBUG o.s.security.web.FilterChainProxy - Secured GET /api/v1/posts/location/7a84b328-90c4-439b-b705-a3516a5e358f?size=50&viewerId=0fb7edf3-c49a-4549-88c5-4999314a331e
2026-07-02 15:31:44 [http-nio-8081-exec-7] DEBUG o.s.security.web.FilterChainProxy - Securing GET /api/v1/comments/post/599c032c-091f-4b9f-86a2-d6e7adcbbb96
2026-07-02 15:31:44 [http-nio-8081-exec-6] DEBUG o.s.security.web.FilterChainProxy - Securing GET /api/v1/posts/599c032c-091f-4b9f-86a2-d6e7adcbbb96?viewerId=0fb7edf3-c49a-4549-88c5-4999314a331e
2026-07-02 15:31:44 [http-nio-8081-exec-6] DEBUG o.s.security.web.FilterChainProxy - Secured GET /api/v1/posts/599c032c-091f-4b9f-86a2-d6e7adcbbb96?viewerId=0fb7edf3-c49a-4549-88c5-4999314a331e
2026-07-02 15:31:44 [http-nio-8081-exec-7] DEBUG o.s.security.web.FilterChainProxy - Secured GET /api/v1/comments/post/599c032c-091f-4b9f-86a2-d6e7adcbbb96
2026-07-02 15:31:44 [http-nio-8081-exec-3] DEBUG o.s.security.web.FilterChainProxy - Securing GET /api/v1/comments/post/599c032c-091f-4b9f-86a2-d6e7adcbbb96
2026-07-02 15:31:44 [http-nio-8081-exec-3] DEBUG o.s.security.web.FilterChainProxy - Secured GET /api/v1/comments/post/599c032c-091f-4b9f-86a2-d6e7adcbbb96
2026-07-02 15:31:44 [http-nio-8081-exec-9] DEBUG o.s.security.web.FilterChainProxy - Securing GET /api/v1/posts/599c032c-091f-4b9f-86a2-d6e7adcbbb96?viewerId=0fb7edf3-c49a-4549-88c5-4999314a331e
2026-07-02 15:31:44 [http-nio-8081-exec-9] DEBUG o.s.security.web.FilterChainProxy - Secured GET /api/v1/posts/599c032c-091f-4b9f-86a2-d6e7adcbbb96?viewerId=0fb7edf3-c49a-4549-88c5-4999314a331e
2026-07-02 15:31:44 [http-nio-8081-exec-2] DEBUG o.s.security.web.FilterChainProxy - Securing GET /api/v1/follow/status?followerId=0fb7edf3-c49a-4549-88c5-4999314a331e&followingId=0fb7edf3-c49a-4549-88c5-4999314a331e
2026-07-02 15:31:44 [http-nio-8081-exec-2] DEBUG o.s.security.web.FilterChainProxy - Secured GET /api/v1/follow/status?followerId=0fb7edf3-c49a-4549-88c5-4999314a331e&followingId=0fb7edf3-c49a-4549-88c5-4999314a331e
2026-07-02 15:31:44 [http-nio-8081-exec-4] DEBUG o.s.security.web.FilterChainProxy - Securing GET /api/v1/follow/status?followerId=0fb7edf3-c49a-4549-88c5-4999314a331e&followingId=0fb7edf3-c49a-4549-88c5-4999314a331e
2026-07-02 15:31:44 [http-nio-8081-exec-4] DEBUG o.s.security.web.FilterChainProxy - Secured GET /api/v1/follow/status?followerId=0fb7edf3-c49a-4549-88c5-4999314a331e&followingId=0fb7edf3-c49a-4549-88c5-4999314a331e
2026-07-02 15:31:54 [http-nio-8081-exec-5] DEBUG o.s.security.web.FilterChainProxy - Securing GET /api/v1/comments/post/599c032c-091f-4b9f-86a2-d6e7adcbbb96
2026-07-02 15:31:54 [http-nio-8081-exec-5] DEBUG o.s.security.web.FilterChainProxy - Secured GET /api/v1/comments/post/599c032c-091f-4b9f-86a2-d6e7adcbbb96
2026-07-02 15:32:04 [http-nio-8081-exec-3] DEBUG o.s.security.web.FilterChainProxy - Securing GET /api/v1/comments/post/599c032c-091f-4b9f-86a2-d6e7adcbbb96
2026-07-02 15:32:04 [http-nio-8081-exec-3] DEBUG o.s.security.web.FilterChainProxy - Secured GET /api/v1/comments/post/599c032c-091f-4b9f-86a2-d6e7adcbbb96
2026-07-02 15:32:06 [http-nio-8081-exec-10] DEBUG o.s.security.web.FilterChainProxy - Securing GET /api/locations/7a84b328-90c4-439b-b705-a3516a5e358f
2026-07-02 15:32:06 [http-nio-8081-exec-10] DEBUG o.s.security.web.FilterChainProxy - Secured GET /api/locations/7a84b328-90c4-439b-b705-a3516a5e358f
2026-07-02 15:32:06 [http-nio-8081-exec-9] DEBUG o.s.security.web.FilterChainProxy - Securing GET /api/locations/7a84b328-90c4-439b-b705-a3516a5e358f
2026-07-02 15:32:06 [http-nio-8081-exec-9] DEBUG o.s.security.web.FilterChainProxy - Secured GET /api/locations/7a84b328-90c4-439b-b705-a3516a5e358f
2026-07-02 15:32:06 [http-nio-8081-exec-4] DEBUG o.s.security.web.FilterChainProxy - Securing GET /api/v1/posts/location/7a84b328-90c4-439b-b705-a3516a5e358f?size=50&viewerId=0fb7edf3-c49a-4549-88c5-4999314a331e
2026-07-02 15:32:06 [http-nio-8081-exec-4] DEBUG o.s.security.web.FilterChainProxy - Secured GET /api/v1/posts/location/7a84b328-90c4-439b-b705-a3516a5e358f?size=50&viewerId=0fb7edf3-c49a-4549-88c5-4999314a331e
2026-07-02 15:32:06 [http-nio-8081-exec-1] DEBUG o.s.security.web.FilterChainProxy - Securing GET /api/v1/posts/location/7a84b328-90c4-439b-b705-a3516a5e358f?size=50&viewerId=0fb7edf3-c49a-4549-88c5-4999314a331e
2026-07-02 15:32:06 [http-nio-8081-exec-1] DEBUG o.s.security.web.FilterChainProxy - Secured GET /api/v1/posts/location/7a84b328-90c4-439b-b705-a3516a5e358f?size=50&viewerId=0fb7edf3-c49a-4549-88c5-4999314a331e
2026-07-02 15:32:08 [http-nio-8081-exec-3] DEBUG o.s.security.web.FilterChainProxy - Securing GET /api/locations?level=2&size=1000
2026-07-02 15:32:08 [http-nio-8081-exec-3] DEBUG o.s.security.web.FilterChainProxy - Secured GET /api/locations?level=2&size=1000
2026-07-02 15:32:08 [http-nio-8081-exec-6] DEBUG o.s.security.web.FilterChainProxy - Securing GET /api/locations?level=2&size=1000
2026-07-02 15:32:08 [http-nio-8081-exec-6] DEBUG o.s.security.web.FilterChainProxy - Secured GET /api/locations?level=2&size=1000
2026-07-02 15:32:18 [http-nio-8081-exec-10] DEBUG o.s.security.web.FilterChainProxy - Securing POST /api/photos/upload
2026-07-02 15:32:18 [http-nio-8081-exec-10] DEBUG o.s.security.web.FilterChainProxy - Secured POST /api/photos/upload
2026-07-02 15:32:20 [PhotoWorker-2] DEBUG c.e.b.u.gemini.GeminiModerationUtils - [Gemini Moderation] HTTP status=200 OK
2026-07-02 15:32:20 [PhotoWorker-2] DEBUG c.e.b.u.gemini.GeminiModerationUtils - [Gemini Moderation] raw text: {"label": "WARNING", "reason": "Hình ảnh nhân vật mặc trang phục ôm sát cơ thể, tạo cảm giác gợi cảm quá mức, không phù hợp với tiêu chuẩn nội dung phong cảnh."}
2026-07-02 15:32:20 [PhotoWorker-2] INFO  c.e.b.u.gemini.GeminiModerationUtils - [Gemini Moderation] label=WARNING score=0.5 reason=Hình ảnh nhân vật mặc trang phục ôm sát cơ thể, tạo cảm giác gợi cảm quá mức, không phù hợp với tiêu chuẩn nội dung phong cảnh.
2026-07-02 15:32:23 [PhotoWorker-2] INFO  c.e.b.s.p.i.PhotoUploadServiceImpl - Uploaded photo file=z7793174723598_05d8319927fe251a7a209ec0cf2fef59.jpg thread=PhotoWorker-2 moderation=WARNING
2026-07-02 15:32:31 [http-nio-8081-exec-4] DEBUG o.s.security.web.FilterChainProxy - Securing GET /api/v1/notifications/unread-count
2026-07-02 15:32:31 [http-nio-8081-exec-4] DEBUG o.s.security.web.FilterChainProxy - Secured GET /api/v1/notifications/unread-count
2026-07-02 15:32:50 [http-nio-8081-exec-7] DEBUG o.s.security.web.FilterChainProxy - Securing GET /api/v1/tags/suggest?keyword=d
2026-07-02 15:32:50 [http-nio-8081-exec-7] DEBUG o.s.security.web.FilterChainProxy - Secured GET /api/v1/tags/suggest?keyword=d
2026-07-02 15:32:59 [http-nio-8081-exec-10] DEBUG o.s.security.web.FilterChainProxy - Securing GET /api/locations?size=20&page=0&level=2
2026-07-02 15:32:59 [http-nio-8081-exec-8] DEBUG o.s.security.web.FilterChainProxy - Securing GET /api/v1/posts/getAll?size=200
2026-07-02 15:32:59 [http-nio-8081-exec-10] DEBUG o.s.security.web.FilterChainProxy - Secured GET /api/locations?size=20&page=0&level=2
2026-07-02 15:32:59 [http-nio-8081-exec-8] DEBUG o.s.security.web.FilterChainProxy - Secured GET /api/v1/posts/getAll?size=200
2026-07-02 15:32:59 [http-nio-8081-exec-2] DEBUG o.s.security.web.FilterChainProxy - Securing GET /api/locations?size=20&page=0&level=2
2026-07-02 15:32:59 [http-nio-8081-exec-2] DEBUG o.s.security.web.FilterChainProxy - Secured GET /api/locations?size=20&page=0&level=2
2026-07-02 15:32:59 [http-nio-8081-exec-9] DEBUG o.s.security.web.FilterChainProxy - Securing GET /api/v1/posts/getAll?size=200
2026-07-02 15:32:59 [http-nio-8081-exec-9] DEBUG o.s.security.web.FilterChainProxy - Secured GET /api/v1/posts/getAll?size=200
2026-07-02 15:33:00 [http-nio-8081-exec-5] DEBUG o.s.security.web.FilterChainProxy - Securing GET /api/locations/9c647745-7d29-4ea8-990d-5c2392e276db
2026-07-02 15:33:00 [http-nio-8081-exec-5] DEBUG o.s.security.web.FilterChainProxy - Secured GET /api/locations/9c647745-7d29-4ea8-990d-5c2392e276db
2026-07-02 15:33:00 [http-nio-8081-exec-7] DEBUG o.s.security.web.FilterChainProxy - Securing GET /api/locations/9c647745-7d29-4ea8-990d-5c2392e276db
2026-07-02 15:33:00 [http-nio-8081-exec-7] DEBUG o.s.security.web.FilterChainProxy - Secured GET /api/locations/9c647745-7d29-4ea8-990d-5c2392e276db
2026-07-02 15:33:00 [http-nio-8081-exec-6] DEBUG o.s.security.web.FilterChainProxy - Securing GET /api/v1/posts/location/9c647745-7d29-4ea8-990d-5c2392e276db?size=50&viewerId=0fb7edf3-c49a-4549-88c5-4999314a331e
2026-07-02 15:33:00 [http-nio-8081-exec-6] DEBUG o.s.security.web.FilterChainProxy - Secured GET /api/v1/posts/location/9c647745-7d29-4ea8-990d-5c2392e276db?size=50&viewerId=0fb7edf3-c49a-4549-88c5-4999314a331e
2026-07-02 15:33:01 [http-nio-8081-exec-10] DEBUG o.s.security.web.FilterChainProxy - Securing GET /api/v1/posts/location/9c647745-7d29-4ea8-990d-5c2392e276db?size=50&viewerId=0fb7edf3-c49a-4549-88c5-4999314a331e
2026-07-02 15:33:01 [http-nio-8081-exec-10] DEBUG o.s.security.web.FilterChainProxy - Secured GET /api/v1/posts/location/9c647745-7d29-4ea8-990d-5c2392e276db?size=50&viewerId=0fb7edf3-c49a-4549-88c5-4999314a331e
2026-07-02 15:33:03 [http-nio-8081-exec-1] DEBUG o.s.security.web.FilterChainProxy - Securing GET /api/v1/posts/e96d9b4c-ba8e-43b1-99ce-0888704730e5?viewerId=0fb7edf3-c49a-4549-88c5-4999314a331e
2026-07-02 15:33:03 [http-nio-8081-exec-5] DEBUG o.s.security.web.FilterChainProxy - Securing GET /api/v1/comments/post/e96d9b4c-ba8e-43b1-99ce-0888704730e5
2026-07-02 15:33:03 [http-nio-8081-exec-5] DEBUG o.s.security.web.FilterChainProxy - Secured GET /api/v1/comments/post/e96d9b4c-ba8e-43b1-99ce-0888704730e5
2026-07-02 15:33:03 [http-nio-8081-exec-1] DEBUG o.s.security.web.FilterChainProxy - Secured GET /api/v1/posts/e96d9b4c-ba8e-43b1-99ce-0888704730e5?viewerId=0fb7edf3-c49a-4549-88c5-4999314a331e
2026-07-02 15:33:03 [http-nio-8081-exec-3] DEBUG o.s.security.web.FilterChainProxy - Securing GET /api/v1/comments/post/e96d9b4c-ba8e-43b1-99ce-0888704730e5
2026-07-02 15:33:03 [http-nio-8081-exec-3] DEBUG o.s.security.web.FilterChainProxy - Secured GET /api/v1/comments/post/e96d9b4c-ba8e-43b1-99ce-0888704730e5
2026-07-02 15:33:03 [http-nio-8081-exec-7] DEBUG o.s.security.web.FilterChainProxy - Securing GET /api/v1/posts/e96d9b4c-ba8e-43b1-99ce-0888704730e5?viewerId=0fb7edf3-c49a-4549-88c5-4999314a331e
2026-07-02 15:33:03 [http-nio-8081-exec-7] DEBUG o.s.security.web.FilterChainProxy - Secured GET /api/v1/posts/e96d9b4c-ba8e-43b1-99ce-0888704730e5?viewerId=0fb7edf3-c49a-4549-88c5-4999314a331e
2026-07-02 15:33:03 [http-nio-8081-exec-2] DEBUG o.s.security.web.FilterChainProxy - Securing GET /api/v1/follow/status?followerId=0fb7edf3-c49a-4549-88c5-4999314a331e&followingId=3b972c61-4cdb-439d-acb7-87d008727e1d
2026-07-02 15:33:03 [http-nio-8081-exec-2] DEBUG o.s.security.web.FilterChainProxy - Secured GET /api/v1/follow/status?followerId=0fb7edf3-c49a-4549-88c5-4999314a331e&followingId=3b972c61-4cdb-439d-acb7-87d008727e1d
2026-07-02 15:33:03 [http-nio-8081-exec-8] DEBUG o.s.security.web.FilterChainProxy - Securing GET /api/v1/follow/status?followerId=0fb7edf3-c49a-4549-88c5-4999314a331e&followingId=3b972c61-4cdb-439d-acb7-87d008727e1d
2026-07-02 15:33:03 [http-nio-8081-exec-8] DEBUG o.s.security.web.FilterChainProxy - Secured GET /api/v1/follow/status?followerId=0fb7edf3-c49a-4549-88c5-4999314a331e&followingId=3b972c61-4cdb-439d-acb7-87d008727e1d
2026-07-02 15:33:13 [http-nio-8081-exec-4] DEBUG o.s.security.web.FilterChainProxy - Securing GET /api/v1/comments/post/e96d9b4c-ba8e-43b1-99ce-0888704730e5
2026-07-02 15:33:13 [http-nio-8081-exec-4] DEBUG o.s.security.web.FilterChainProxy - Secured GET /api/v1/comments/post/e96d9b4c-ba8e-43b1-99ce-0888704730e5
2026-07-02 15:33:23 [http-nio-8081-exec-3] DEBUG o.s.security.web.FilterChainProxy - Securing GET /api/v1/comments/post/e96d9b4c-ba8e-43b1-99ce-0888704730e5
2026-07-02 15:33:23 [http-nio-8081-exec-3] DEBUG o.s.security.web.FilterChainProxy - Secured GET /api/v1/comments/post/e96d9b4c-ba8e-43b1-99ce-0888704730e5
2026-07-02 15:33:33 [http-nio-8081-exec-6] DEBUG o.s.security.web.FilterChainProxy - Securing GET /api/v1/comments/post/e96d9b4c-ba8e-43b1-99ce-0888704730e5
2026-07-02 15:33:33 [http-nio-8081-exec-6] DEBUG o.s.security.web.FilterChainProxy - Secured GET /api/v1/comments/post/e96d9b4c-ba8e-43b1-99ce-0888704730e5
2026-07-02 15:33:43 [http-nio-8081-exec-2] DEBUG o.s.security.web.FilterChainProxy - Securing GET /api/v1/comments/post/e96d9b4c-ba8e-43b1-99ce-0888704730e5
2026-07-02 15:33:43 [http-nio-8081-exec-2] DEBUG o.s.security.web.FilterChainProxy - Secured GET /api/v1/comments/post/e96d9b4c-ba8e-43b1-99ce-0888704730e5
2026-07-02 15:33:53 [http-nio-8081-exec-8] DEBUG o.s.security.web.FilterChainProxy - Securing GET /api/v1/comments/post/e96d9b4c-ba8e-43b1-99ce-0888704730e5
2026-07-02 15:33:53 [http-nio-8081-exec-8] DEBUG o.s.security.web.FilterChainProxy - Secured GET /api/v1/comments/post/e96d9b4c-ba8e-43b1-99ce-0888704730e5
2026-07-02 15:34:03 [http-nio-8081-exec-5] DEBUG o.s.security.web.FilterChainProxy - Securing GET /api/v1/comments/post/e96d9b4c-ba8e-43b1-99ce-0888704730e5
2026-07-02 15:34:03 [http-nio-8081-exec-5] DEBUG o.s.security.web.FilterChainProxy - Secured GET /api/v1/comments/post/e96d9b4c-ba8e-43b1-99ce-0888704730e5
2026-07-02 15:34:04 [http-nio-8081-exec-2] DEBUG o.s.security.web.FilterChainProxy - Securing GET /chat/conversations
2026-07-02 15:34:04 [http-nio-8081-exec-2] DEBUG o.s.security.web.FilterChainProxy - Secured GET /chat/conversations
2026-07-02 15:34:04 [http-nio-8081-exec-8] DEBUG o.s.security.web.FilterChainProxy - Securing GET /users/getall?size=1000
2026-07-02 15:34:04 [http-nio-8081-exec-8] DEBUG o.s.security.web.FilterChainProxy - Secured GET /users/getall?size=1000
2026-07-02 15:34:04 [http-nio-8081-exec-9] DEBUG o.s.security.web.FilterChainProxy - Securing GET /ws
2026-07-02 15:34:04 [http-nio-8081-exec-9] DEBUG o.s.security.web.FilterChainProxy - Secured GET /ws
2026-07-02 15:34:04 [http-nio-8081-exec-9] DEBUG o.s.s.w.a.AnonymousAuthenticationFilter - Set SecurityContextHolder to anonymous SecurityContext
2026-07-02 15:34:04 [http-nio-8081-exec-4] DEBUG o.s.security.web.FilterChainProxy - Securing GET /chat/conversations
2026-07-02 15:34:04 [http-nio-8081-exec-4] DEBUG o.s.security.web.FilterChainProxy - Secured GET /chat/conversations
2026-07-02 15:34:04 [http-nio-8081-exec-5] DEBUG o.s.security.web.FilterChainProxy - Securing GET /users/getall?size=1000
2026-07-02 15:34:04 [http-nio-8081-exec-5] DEBUG o.s.security.web.FilterChainProxy - Secured GET /users/getall?size=1000
2026-07-02 15:34:04 [http-nio-8081-exec-9] DEBUG c.e.b.c.w.WebSocketAuthInterceptor - WebSocket authenticated: userId=0fb7edf3-c49a-4549-88c5-4999314a331e
2026-07-02 15:34:09 [http-nio-8081-exec-7] DEBUG o.s.security.web.FilterChainProxy - Securing GET /api/locations?level=2&size=1000
2026-07-02 15:34:09 [http-nio-8081-exec-7] DEBUG o.s.security.web.FilterChainProxy - Secured GET /api/locations?level=2&size=1000
2026-07-02 15:34:09 [http-nio-8081-exec-2] DEBUG o.s.security.web.FilterChainProxy - Securing GET /api/locations?level=2&size=1000
2026-07-02 15:34:09 [http-nio-8081-exec-2] DEBUG o.s.security.web.FilterChainProxy - Secured GET /api/locations?level=2&size=1000
2026-07-02 15:34:16 [http-nio-8081-exec-5] DEBUG o.s.security.web.FilterChainProxy - Securing GET /chat/conversations
2026-07-02 15:34:16 [http-nio-8081-exec-1] DEBUG o.s.security.web.FilterChainProxy - Securing GET /users/getall?size=1000
2026-07-02 15:34:16 [http-nio-8081-exec-5] DEBUG o.s.security.web.FilterChainProxy - Secured GET /chat/conversations
2026-07-02 15:34:16 [http-nio-8081-exec-1] DEBUG o.s.security.web.FilterChainProxy - Secured GET /users/getall?size=1000
2026-07-02 15:34:16 [http-nio-8081-exec-10] DEBUG o.s.security.web.FilterChainProxy - Securing GET /ws
2026-07-02 15:34:16 [http-nio-8081-exec-10] DEBUG o.s.security.web.FilterChainProxy - Secured GET /ws
2026-07-02 15:34:16 [http-nio-8081-exec-10] DEBUG o.s.s.w.a.AnonymousAuthenticationFilter - Set SecurityContextHolder to anonymous SecurityContext
2026-07-02 15:34:16 [http-nio-8081-exec-6] DEBUG c.e.b.c.w.WebSocketAuthInterceptor - WebSocket authenticated: userId=0fb7edf3-c49a-4549-88c5-4999314a331e
2026-07-02 15:34:16 [http-nio-8081-exec-2] DEBUG o.s.security.web.FilterChainProxy - Securing GET /chat/conversations
2026-07-02 15:34:16 [http-nio-8081-exec-2] DEBUG o.s.security.web.FilterChainProxy - Secured GET /chat/conversations
2026-07-02 15:34:16 [http-nio-8081-exec-4] DEBUG o.s.security.web.FilterChainProxy - Securing GET /users/getall?size=1000
2026-07-02 15:34:16 [http-nio-8081-exec-4] DEBUG o.s.security.web.FilterChainProxy - Secured GET /users/getall?size=1000
2026-07-02 15:34:18 [http-nio-8081-exec-10] DEBUG o.s.security.web.FilterChainProxy - Securing GET /api/locations?level=2&size=1000
2026-07-02 15:34:18 [http-nio-8081-exec-10] DEBUG o.s.security.web.FilterChainProxy - Secured GET /api/locations?level=2&size=1000
2026-07-02 15:34:18 [http-nio-8081-exec-6] DEBUG o.s.security.web.FilterChainProxy - Securing GET /api/locations?level=2&size=1000
2026-07-02 15:34:18 [http-nio-8081-exec-6] DEBUG o.s.security.web.FilterChainProxy - Secured GET /api/locations?level=2&size=1000
2026-07-02 15:37:31 [http-nio-8081-exec-3] DEBUG o.s.security.web.FilterChainProxy - Securing GET /api/v1/notifications/unread-count
2026-07-02 15:37:31 [http-nio-8081-exec-3] DEBUG o.s.security.web.FilterChainProxy - Secured GET /api/v1/notifications/unread-count
2026-07-02 15:42:26 [MessageBroker-3] INFO  o.s.w.s.c.WebSocketMessageBrokerStats - WebSocketSession[0 current WS(0)-HttpStream(0)-HttpPoll(0), 2 total, 0 closed abnormally (0 connect failure, 0 send limit, 0 transport error)], stompSubProtocol[processed CONNECT(2)-CONNECTED(2)-DISCONNECT(2)], stompBrokerRelay[null], inboundChannel[pool size = 0, active threads = 0, queued tasks = 0, completed tasks = 24], outboundChannel[pool size = 0, active threads = 0, queued tasks = 0, completed tasks = 6], sockJsScheduler[pool size = 5, active threads = 1, queued tasks = 0, completed tasks = 4]
2026-07-02 15:48:53 [http-nio-8081-exec-10] DEBUG o.s.security.web.FilterChainProxy - Securing GET /users/me
2026-07-02 15:48:53 [http-nio-8081-exec-10] DEBUG o.s.security.web.FilterChainProxy - Secured GET /users/me
2026-07-02 15:48:53 [http-nio-8081-exec-2] DEBUG o.s.security.web.FilterChainProxy - Securing GET /api/v1/posts/getAll?size=200
2026-07-02 15:48:53 [http-nio-8081-exec-5] DEBUG o.s.security.web.FilterChainProxy - Securing GET /api/locations?size=10000
2026-07-02 15:48:53 [http-nio-8081-exec-5] DEBUG o.s.security.web.FilterChainProxy - Secured GET /api/locations?size=10000
2026-07-02 15:48:53 [http-nio-8081-exec-2] DEBUG o.s.security.web.FilterChainProxy - Secured GET /api/v1/posts/getAll?size=200
2026-07-02 15:48:54 [http-nio-8081-exec-3] DEBUG o.s.security.web.FilterChainProxy - Securing GET /api/v1/notifications/unread-count
2026-07-02 15:48:54 [http-nio-8081-exec-3] DEBUG o.s.security.web.FilterChainProxy - Secured GET /api/v1/notifications/unread-count
2026-07-02 15:48:54 [http-nio-8081-exec-9] DEBUG o.s.security.web.FilterChainProxy - Securing GET /api/v1/notifications/stream?token=eyJhbGciOiJIUzI1NiJ9.eyJzdWIiOiJUdW5hLWFkbWluIiwicGVybWlzc2lvbnMiOlsiUk9MRV9BRE1JTiJdLCJpc3MiOiJkZXZ0ZXJpYS5jb20iLCJleHAiOjE3Nzk1MjAyNzUsImlhdCI6MTc3OTUxMzA3NSwidXNlcklkIjoiMGZiN2VkZjMtYzQ5YS00NTQ5LTg4YzUtNDk5OTMxNGEzMzFlIn0.bJu3f8N3VUhzhAlzxn07v98jJkgoo3H20isKAEyAScU
2026-07-02 15:48:54 [http-nio-8081-exec-9] DEBUG o.s.security.web.FilterChainProxy - Secured GET /api/v1/notifications/stream?token=eyJhbGciOiJIUzI1NiJ9.eyJzdWIiOiJUdW5hLWFkbWluIiwicGVybWlzc2lvbnMiOlsiUk9MRV9BRE1JTiJdLCJpc3MiOiJkZXZ0ZXJpYS5jb20iLCJleHAiOjE3Nzk1MjAyNzUsImlhdCI6MTc3OTUxMzA3NSwidXNlcklkIjoiMGZiN2VkZjMtYzQ5YS00NTQ5LTg4YzUtNDk5OTMxNGEzMzFlIn0.bJu3f8N3VUhzhAlzxn07v98jJkgoo3H20isKAEyAScU
2026-07-02 15:48:54 [http-nio-8081-exec-7] DEBUG o.s.security.web.FilterChainProxy - Securing GET /api/v1/notifications/unread-count
2026-07-02 15:48:54 [http-nio-8081-exec-7] DEBUG o.s.security.web.FilterChainProxy - Secured GET /api/v1/notifications/unread-count
2026-07-02 15:48:54 [http-nio-8081-exec-10] DEBUG o.s.security.web.FilterChainProxy - Securing GET /chat/conversations
2026-07-02 15:48:54 [http-nio-8081-exec-10] DEBUG o.s.security.web.FilterChainProxy - Secured GET /chat/conversations
2026-07-02 15:48:54 [http-nio-8081-exec-5] DEBUG o.s.security.web.FilterChainProxy - Securing GET /chat/conversations
2026-07-02 15:48:54 [http-nio-8081-exec-5] DEBUG o.s.security.web.FilterChainProxy - Secured GET /chat/conversations
2026-07-02 15:48:57 [http-nio-8081-exec-4] DEBUG o.s.security.web.FilterChainProxy - Securing GET /api/v1/posts/getAll?size=200
2026-07-02 15:48:57 [http-nio-8081-exec-4] DEBUG o.s.security.web.FilterChainProxy - Secured GET /api/v1/posts/getAll?size=200
2026-07-02 15:48:57 [http-nio-8081-exec-6] DEBUG o.s.security.web.FilterChainProxy - Securing GET /api/locations?size=20&page=0&level=2
2026-07-02 15:48:57 [http-nio-8081-exec-6] DEBUG o.s.security.web.FilterChainProxy - Secured GET /api/locations?size=20&page=0&level=2
2026-07-02 15:48:57 [http-nio-8081-exec-8] DEBUG o.s.security.web.FilterChainProxy - Securing GET /api/locations?size=20&page=0&level=2
2026-07-02 15:48:57 [http-nio-8081-exec-8] DEBUG o.s.security.web.FilterChainProxy - Secured GET /api/locations?size=20&page=0&level=2
2026-07-02 15:48:57 [http-nio-8081-exec-9] DEBUG o.s.security.web.FilterChainProxy - Securing GET /api/v1/posts/getAll?size=200
2026-07-02 15:48:57 [http-nio-8081-exec-9] DEBUG o.s.security.web.FilterChainProxy - Secured GET /api/v1/posts/getAll?size=200
2026-07-02 15:48:59 [http-nio-8081-exec-5] DEBUG o.s.security.web.FilterChainProxy - Securing GET /api/locations/9c647745-7d29-4ea8-990d-5c2392e276db
2026-07-02 15:48:59 [http-nio-8081-exec-5] DEBUG o.s.security.web.FilterChainProxy - Secured GET /api/locations/9c647745-7d29-4ea8-990d-5c2392e276db
2026-07-02 15:48:59 [http-nio-8081-exec-2] DEBUG o.s.security.web.FilterChainProxy - Securing GET /api/locations/9c647745-7d29-4ea8-990d-5c2392e276db
2026-07-02 15:48:59 [http-nio-8081-exec-2] DEBUG o.s.security.web.FilterChainProxy - Secured GET /api/locations/9c647745-7d29-4ea8-990d-5c2392e276db
2026-07-02 15:48:59 [http-nio-8081-exec-3] DEBUG o.s.security.web.FilterChainProxy - Securing GET /api/v1/posts/location/9c647745-7d29-4ea8-990d-5c2392e276db?size=50&viewerId=0fb7edf3-c49a-4549-88c5-4999314a331e
2026-07-02 15:48:59 [http-nio-8081-exec-3] DEBUG o.s.security.web.FilterChainProxy - Secured GET /api/v1/posts/location/9c647745-7d29-4ea8-990d-5c2392e276db?size=50&viewerId=0fb7edf3-c49a-4549-88c5-4999314a331e
2026-07-02 15:48:59 [http-nio-8081-exec-6] DEBUG o.s.security.web.FilterChainProxy - Securing GET /api/v1/posts/location/9c647745-7d29-4ea8-990d-5c2392e276db?size=50&viewerId=0fb7edf3-c49a-4549-88c5-4999314a331e
2026-07-02 15:48:59 [http-nio-8081-exec-6] DEBUG o.s.security.web.FilterChainProxy - Secured GET /api/v1/posts/location/9c647745-7d29-4ea8-990d-5c2392e276db?size=50&viewerId=0fb7edf3-c49a-4549-88c5-4999314a331e
2026-07-02 15:49:02 [http-nio-8081-exec-7] DEBUG o.s.security.web.FilterChainProxy - Securing GET /api/locations?size=20&page=0&level=2
2026-07-02 15:49:02 [http-nio-8081-exec-10] DEBUG o.s.security.web.FilterChainProxy - Securing GET /api/v1/posts/getAll?size=200
2026-07-02 15:49:02 [http-nio-8081-exec-7] DEBUG o.s.security.web.FilterChainProxy - Secured GET /api/locations?size=20&page=0&level=2
2026-07-02 15:49:02 [http-nio-8081-exec-10] DEBUG o.s.security.web.FilterChainProxy - Secured GET /api/v1/posts/getAll?size=200
2026-07-02 15:49:02 [http-nio-8081-exec-5] DEBUG o.s.security.web.FilterChainProxy - Securing GET /api/locations?size=20&page=0&level=2
2026-07-02 15:49:02 [http-nio-8081-exec-5] DEBUG o.s.security.web.FilterChainProxy - Secured GET /api/locations?size=20&page=0&level=2
2026-07-02 15:49:03 [http-nio-8081-exec-1] DEBUG o.s.security.web.FilterChainProxy - Securing GET /api/v1/posts/getAll?size=200
2026-07-02 15:49:03 [http-nio-8081-exec-1] DEBUG o.s.security.web.FilterChainProxy - Secured GET /api/v1/posts/getAll?size=200
2026-07-02 15:49:05 [http-nio-8081-exec-6] DEBUG o.s.security.web.FilterChainProxy - Securing GET /api/locations/7a84b328-90c4-439b-b705-a3516a5e358f
2026-07-02 15:49:05 [http-nio-8081-exec-6] DEBUG o.s.security.web.FilterChainProxy - Secured GET /api/locations/7a84b328-90c4-439b-b705-a3516a5e358f
2026-07-02 15:49:05 [http-nio-8081-exec-8] DEBUG o.s.security.web.FilterChainProxy - Securing GET /api/locations/7a84b328-90c4-439b-b705-a3516a5e358f
2026-07-02 15:49:05 [http-nio-8081-exec-8] DEBUG o.s.security.web.FilterChainProxy - Secured GET /api/locations/7a84b328-90c4-439b-b705-a3516a5e358f
2026-07-02 15:49:05 [http-nio-8081-exec-9] DEBUG o.s.security.web.FilterChainProxy - Securing GET /api/v1/posts/location/7a84b328-90c4-439b-b705-a3516a5e358f?size=50&viewerId=0fb7edf3-c49a-4549-88c5-4999314a331e
2026-07-02 15:49:05 [http-nio-8081-exec-9] DEBUG o.s.security.web.FilterChainProxy - Secured GET /api/v1/posts/location/7a84b328-90c4-439b-b705-a3516a5e358f?size=50&viewerId=0fb7edf3-c49a-4549-88c5-4999314a331e
2026-07-02 15:49:05 [http-nio-8081-exec-7] DEBUG o.s.security.web.FilterChainProxy - Securing GET /api/v1/posts/location/7a84b328-90c4-439b-b705-a3516a5e358f?size=50&viewerId=0fb7edf3-c49a-4549-88c5-4999314a331e
2026-07-02 15:49:05 [http-nio-8081-exec-7] DEBUG o.s.security.web.FilterChainProxy - Secured GET /api/v1/posts/location/7a84b328-90c4-439b-b705-a3516a5e358f?size=50&viewerId=0fb7edf3-c49a-4549-88c5-4999314a331e
2026-07-02 15:52:20 [http-nio-8081-exec-8] DEBUG o.s.security.web.FilterChainProxy - Securing GET /users/me
2026-07-02 15:52:20 [http-nio-8081-exec-4] DEBUG o.s.security.web.FilterChainProxy - Securing GET /api/locations/7a84b328-90c4-439b-b705-a3516a5e358f
2026-07-02 15:52:20 [http-nio-8081-exec-8] DEBUG o.s.security.web.FilterChainProxy - Secured GET /users/me
2026-07-02 15:52:20 [http-nio-8081-exec-4] DEBUG o.s.security.web.FilterChainProxy - Secured GET /api/locations/7a84b328-90c4-439b-b705-a3516a5e358f
2026-07-02 15:52:20 [http-nio-8081-exec-7] DEBUG o.s.security.web.FilterChainProxy - Securing GET /api/v1/posts/location/7a84b328-90c4-439b-b705-a3516a5e358f?size=50
2026-07-02 15:52:20 [http-nio-8081-exec-7] DEBUG o.s.security.web.FilterChainProxy - Secured GET /api/v1/posts/location/7a84b328-90c4-439b-b705-a3516a5e358f?size=50
2026-07-02 15:52:20 [http-nio-8081-exec-1] DEBUG o.s.security.web.FilterChainProxy - Securing GET /api/v1/notifications/unread-count
2026-07-02 15:52:20 [http-nio-8081-exec-1] DEBUG o.s.security.web.FilterChainProxy - Secured GET /api/v1/notifications/unread-count
2026-07-02 15:52:20 [http-nio-8081-exec-2] DEBUG o.s.security.web.FilterChainProxy - Securing GET /api/v1/notifications/stream?token=eyJhbGciOiJIUzI1NiJ9.eyJzdWIiOiJUdW5hLWFkbWluIiwicGVybWlzc2lvbnMiOlsiUk9MRV9BRE1JTiJdLCJpc3MiOiJkZXZ0ZXJpYS5jb20iLCJleHAiOjE3Nzk1MjAyNzUsImlhdCI6MTc3OTUxMzA3NSwidXNlcklkIjoiMGZiN2VkZjMtYzQ5YS00NTQ5LTg4YzUtNDk5OTMxNGEzMzFlIn0.bJu3f8N3VUhzhAlzxn07v98jJkgoo3H20isKAEyAScU
2026-07-02 15:52:20 [http-nio-8081-exec-2] DEBUG o.s.security.web.FilterChainProxy - Secured GET /api/v1/notifications/stream?token=eyJhbGciOiJIUzI1NiJ9.eyJzdWIiOiJUdW5hLWFkbWluIiwicGVybWlzc2lvbnMiOlsiUk9MRV9BRE1JTiJdLCJpc3MiOiJkZXZ0ZXJpYS5jb20iLCJleHAiOjE3Nzk1MjAyNzUsImlhdCI6MTc3OTUxMzA3NSwidXNlcklkIjoiMGZiN2VkZjMtYzQ5YS00NTQ5LTg4YzUtNDk5OTMxNGEzMzFlIn0.bJu3f8N3VUhzhAlzxn07v98jJkgoo3H20isKAEyAScU
2026-07-02 15:52:20 [http-nio-8081-exec-4] DEBUG o.s.security.web.FilterChainProxy - Securing GET /chat/conversations
2026-07-02 15:52:20 [http-nio-8081-exec-4] DEBUG o.s.security.web.FilterChainProxy - Secured GET /chat/conversations
2026-07-02 15:52:20 [http-nio-8081-exec-8] DEBUG o.s.security.web.FilterChainProxy - Securing GET /api/v1/notifications/unread-count
2026-07-02 15:52:20 [http-nio-8081-exec-8] DEBUG o.s.security.web.FilterChainProxy - Secured GET /api/v1/notifications/unread-count
2026-07-02 15:52:20 [http-nio-8081-exec-9] DEBUG o.s.security.web.FilterChainProxy - Securing GET /chat/conversations
2026-07-02 15:52:20 [http-nio-8081-exec-9] DEBUG o.s.security.web.FilterChainProxy - Secured GET /chat/conversations
2026-07-02 15:52:36 [http-nio-8081-exec-3] DEBUG o.s.security.web.FilterChainProxy - Securing GET /api/locations/7a84b328-90c4-439b-b705-a3516a5e358f
2026-07-02 15:52:36 [http-nio-8081-exec-2] DEBUG o.s.security.web.FilterChainProxy - Securing GET /users/me
2026-07-02 15:52:36 [http-nio-8081-exec-2] DEBUG o.s.security.web.FilterChainProxy - Secured GET /users/me
2026-07-02 15:52:36 [http-nio-8081-exec-3] DEBUG o.s.security.web.FilterChainProxy - Secured GET /api/locations/7a84b328-90c4-439b-b705-a3516a5e358f
2026-07-02 15:52:36 [http-nio-8081-exec-1] DEBUG o.s.security.web.FilterChainProxy - Securing GET /api/v1/posts/location/7a84b328-90c4-439b-b705-a3516a5e358f?size=50
2026-07-02 15:52:36 [http-nio-8081-exec-1] DEBUG o.s.security.web.FilterChainProxy - Secured GET /api/v1/posts/location/7a84b328-90c4-439b-b705-a3516a5e358f?size=50
2026-07-02 15:52:36 [http-nio-8081-exec-9] DEBUG o.s.security.web.FilterChainProxy - Securing GET /api/v1/notifications/stream?token=eyJhbGciOiJIUzI1NiJ9.eyJzdWIiOiJUdW5hLWFkbWluIiwicGVybWlzc2lvbnMiOlsiUk9MRV9BRE1JTiJdLCJpc3MiOiJkZXZ0ZXJpYS5jb20iLCJleHAiOjE3Nzk1MjAyNzUsImlhdCI6MTc3OTUxMzA3NSwidXNlcklkIjoiMGZiN2VkZjMtYzQ5YS00NTQ5LTg4YzUtNDk5OTMxNGEzMzFlIn0.bJu3f8N3VUhzhAlzxn07v98jJkgoo3H20isKAEyAScU
2026-07-02 15:52:36 [http-nio-8081-exec-4] DEBUG o.s.security.web.FilterChainProxy - Securing GET /api/v1/notifications/unread-count
2026-07-02 15:52:36 [http-nio-8081-exec-4] DEBUG o.s.security.web.FilterChainProxy - Secured GET /api/v1/notifications/unread-count
2026-07-02 15:52:36 [http-nio-8081-exec-9] DEBUG o.s.security.web.FilterChainProxy - Secured GET /api/v1/notifications/stream?token=eyJhbGciOiJIUzI1NiJ9.eyJzdWIiOiJUdW5hLWFkbWluIiwicGVybWlzc2lvbnMiOlsiUk9MRV9BRE1JTiJdLCJpc3MiOiJkZXZ0ZXJpYS5jb20iLCJleHAiOjE3Nzk1MjAyNzUsImlhdCI6MTc3OTUxMzA3NSwidXNlcklkIjoiMGZiN2VkZjMtYzQ5YS00NTQ5LTg4YzUtNDk5OTMxNGEzMzFlIn0.bJu3f8N3VUhzhAlzxn07v98jJkgoo3H20isKAEyAScU
2026-07-02 15:52:36 [http-nio-8081-exec-3] DEBUG o.s.security.web.FilterChainProxy - Securing GET /chat/conversations
2026-07-02 15:52:36 [http-nio-8081-exec-3] DEBUG o.s.security.web.FilterChainProxy - Secured GET /chat/conversations
2026-07-02 15:52:36 [http-nio-8081-exec-6] DEBUG o.s.security.web.FilterChainProxy - Securing GET /api/v1/notifications/unread-count
2026-07-02 15:52:36 [http-nio-8081-exec-6] DEBUG o.s.security.web.FilterChainProxy - Secured GET /api/v1/notifications/unread-count
2026-07-02 15:52:36 [http-nio-8081-exec-2] DEBUG o.s.security.web.FilterChainProxy - Securing GET /chat/conversations
2026-07-02 15:52:36 [http-nio-8081-exec-2] DEBUG o.s.security.web.FilterChainProxy - Secured GET /chat/conversations
2026-07-02 15:53:58 [http-nio-8081-exec-6] DEBUG o.s.security.web.FilterChainProxy - Securing GET /api/locations/7a84b328-90c4-439b-b705-a3516a5e358f
2026-07-02 15:53:58 [http-nio-8081-exec-3] DEBUG o.s.security.web.FilterChainProxy - Securing GET /users/me
2026-07-02 15:53:58 [http-nio-8081-exec-3] DEBUG o.s.security.web.FilterChainProxy - Secured GET /users/me
2026-07-02 15:53:58 [http-nio-8081-exec-6] DEBUG o.s.security.web.FilterChainProxy - Secured GET /api/locations/7a84b328-90c4-439b-b705-a3516a5e358f
2026-07-02 15:53:58 [http-nio-8081-exec-2] DEBUG o.s.security.web.FilterChainProxy - Securing GET /api/v1/posts/location/7a84b328-90c4-439b-b705-a3516a5e358f?size=50
2026-07-02 15:53:58 [http-nio-8081-exec-2] DEBUG o.s.security.web.FilterChainProxy - Secured GET /api/v1/posts/location/7a84b328-90c4-439b-b705-a3516a5e358f?size=50
2026-07-02 15:53:58 [http-nio-8081-exec-9] DEBUG o.s.security.web.FilterChainProxy - Securing GET /api/v1/notifications/unread-count
2026-07-02 15:53:58 [http-nio-8081-exec-9] DEBUG o.s.security.web.FilterChainProxy - Secured GET /api/v1/notifications/unread-count
2026-07-02 15:53:58 [http-nio-8081-exec-7] DEBUG o.s.security.web.FilterChainProxy - Securing GET /api/v1/notifications/stream?token=eyJhbGciOiJIUzI1NiJ9.eyJzdWIiOiJUdW5hLWFkbWluIiwicGVybWlzc2lvbnMiOlsiUk9MRV9BRE1JTiJdLCJpc3MiOiJkZXZ0ZXJpYS5jb20iLCJleHAiOjE3Nzk1MjAyNzUsImlhdCI6MTc3OTUxMzA3NSwidXNlcklkIjoiMGZiN2VkZjMtYzQ5YS00NTQ5LTg4YzUtNDk5OTMxNGEzMzFlIn0.bJu3f8N3VUhzhAlzxn07v98jJkgoo3H20isKAEyAScU
2026-07-02 15:53:58 [http-nio-8081-exec-7] DEBUG o.s.security.web.FilterChainProxy - Secured GET /api/v1/notifications/stream?token=eyJhbGciOiJIUzI1NiJ9.eyJzdWIiOiJUdW5hLWFkbWluIiwicGVybWlzc2lvbnMiOlsiUk9MRV9BRE1JTiJdLCJpc3MiOiJkZXZ0ZXJpYS5jb20iLCJleHAiOjE3Nzk1MjAyNzUsImlhdCI6MTc3OTUxMzA3NSwidXNlcklkIjoiMGZiN2VkZjMtYzQ5YS00NTQ5LTg4YzUtNDk5OTMxNGEzMzFlIn0.bJu3f8N3VUhzhAlzxn07v98jJkgoo3H20isKAEyAScU
2026-07-02 15:53:58 [http-nio-8081-exec-8] DEBUG o.s.security.web.FilterChainProxy - Securing GET /api/v1/notifications/unread-count
2026-07-02 15:53:58 [http-nio-8081-exec-8] DEBUG o.s.security.web.FilterChainProxy - Secured GET /api/v1/notifications/unread-count
2026-07-02 15:53:58 [http-nio-8081-exec-6] DEBUG o.s.security.web.FilterChainProxy - Securing GET /chat/conversations
2026-07-02 15:53:58 [http-nio-8081-exec-6] DEBUG o.s.security.web.FilterChainProxy - Secured GET /chat/conversations
2026-07-02 15:53:58 [http-nio-8081-exec-3] DEBUG o.s.security.web.FilterChainProxy - Securing GET /chat/conversations
2026-07-02 15:53:58 [http-nio-8081-exec-3] DEBUG o.s.security.web.FilterChainProxy - Secured GET /chat/conversations
2026-07-02 15:58:59 [http-nio-8081-exec-4] DEBUG o.s.security.web.FilterChainProxy - Securing GET /api/v1/notifications/unread-count
2026-07-02 15:58:59 [http-nio-8081-exec-4] DEBUG o.s.security.web.FilterChainProxy - Secured GET /api/v1/notifications/unread-count
2026-07-02 16:03:59 [http-nio-8081-exec-6] DEBUG o.s.security.web.FilterChainProxy - Securing GET /api/v1/notifications/unread-count
2026-07-02 16:03:59 [http-nio-8081-exec-6] DEBUG o.s.security.web.FilterChainProxy - Secured GET /api/v1/notifications/unread-count
2026-07-02 16:04:37 [SpringApplicationShutdownHook] INFO  o.s.boot.tomcat.GracefulShutdown - Commencing graceful shutdown. Waiting for active requests to complete
2026-07-02 16:05:07 [SpringApplicationShutdownHook] INFO  o.s.c.s.DefaultLifecycleProcessor - Shutdown phase 2147482623 ends with 1 bean still running after timeout of 30000ms: [webServerGracefulShutdown]
2026-07-02 16:05:07 [tomcat-shutdown] INFO  o.s.boot.tomcat.GracefulShutdown - Graceful shutdown aborted with one or more requests still active
2026-07-02 16:05:07 [http-nio-8081-exec-7] DEBUG o.s.security.web.FilterChainProxy - Securing GET /api/v1/notifications/stream?token=eyJhbGciOiJIUzI1NiJ9.eyJzdWIiOiJUdW5hLWFkbWluIiwicGVybWlzc2lvbnMiOlsiUk9MRV9BRE1JTiJdLCJpc3MiOiJkZXZ0ZXJpYS5jb20iLCJleHAiOjE3Nzk1MjAyNzUsImlhdCI6MTc3OTUxMzA3NSwidXNlcklkIjoiMGZiN2VkZjMtYzQ5YS00NTQ5LTg4YzUtNDk5OTMxNGEzMzFlIn0.bJu3f8N3VUhzhAlzxn07v98jJkgoo3H20isKAEyAScU
2026-07-02 16:05:07 [http-nio-8081-exec-7] DEBUG o.s.security.web.FilterChainProxy - Secured GET /api/v1/notifications/stream?token=eyJhbGciOiJIUzI1NiJ9.eyJzdWIiOiJUdW5hLWFkbWluIiwicGVybWlzc2lvbnMiOlsiUk9MRV9BRE1JTiJdLCJpc3MiOiJkZXZ0ZXJpYS5jb20iLCJleHAiOjE3Nzk1MjAyNzUsImlhdCI6MTc3OTUxMzA3NSwidXNlcklkIjoiMGZiN2VkZjMtYzQ5YS00NTQ5LTg4YzUtNDk5OTMxNGEzMzFlIn0.bJu3f8N3VUhzhAlzxn07v98jJkgoo3H20isKAEyAScU
2026-07-02 16:05:07 [http-nio-8081-exec-7] ERROR c.e.b.e.GlobalExceptionHandler - Unhandled Exception: 
org.springframework.web.context.request.async.AsyncRequestTimeoutException
	at org.springframework.web.context.request.async.TimeoutDeferredResultProcessingInterceptor.handleTimeout(TimeoutDeferredResultProcessingInterceptor.java:42)
	at org.springframework.web.context.request.async.DeferredResultInterceptorChain.triggerAfterTimeout(DeferredResultInterceptorChain.java:80)
	at org.springframework.web.context.request.async.WebAsyncManager.lambda$startDeferredResultProcessing$0(WebAsyncManager.java:426)
	at java.base/java.util.ArrayList.forEach(ArrayList.java:1511)
	at org.springframework.web.context.request.async.StandardServletAsyncWebRequest.onTimeout(StandardServletAsyncWebRequest.java:184)
	at org.apache.catalina.core.AsyncListenerWrapper.fireOnTimeout(AsyncListenerWrapper.java:44)
	at org.apache.catalina.core.AsyncContextImpl.timeout(AsyncContextImpl.java:136)
	at org.apache.catalina.connector.CoyoteAdapter.asyncDispatch(CoyoteAdapter.java:134)
	at org.apache.coyote.AbstractProcessor.dispatch(AbstractProcessor.java:242)
	at org.apache.coyote.AbstractProcessorLight.process(AbstractProcessorLight.java:57)
	at org.apache.coyote.AbstractProtocol$ConnectionHandler.process(AbstractProtocol.java:903)
	at org.apache.tomcat.util.net.NioEndpoint$SocketProcessor.doRun(NioEndpoint.java:1779)
	at org.apache.tomcat.util.net.SocketProcessorBase.run(SocketProcessorBase.java:52)
	at org.apache.tomcat.util.threads.ThreadPoolExecutor.runWorker(ThreadPoolExecutor.java:946)
	at org.apache.tomcat.util.threads.ThreadPoolExecutor$Worker.run(ThreadPoolExecutor.java:480)
	at org.apache.tomcat.util.threads.TaskThread$WrappingRunnable.run(TaskThread.java:57)
	at java.base/java.lang.Thread.run(Thread.java:840)
2026-07-02 16:05:07 [http-nio-8081-exec-7] WARN  o.s.w.s.m.m.a.ExceptionHandlerExceptionResolver - Failure in @ExceptionHandler com.example.backend.exception.GlobalExceptionHandler#handleException(Exception)
org.springframework.http.converter.HttpMessageNotWritableException: No converter for [class com.example.backend.dto.response.ApiResponse] with preset Content-Type 'text/event-stream'
	at org.springframework.web.servlet.mvc.method.annotation.AbstractMessageConverterMethodProcessor.writeWithMessageConverters(AbstractMessageConverterMethodProcessor.java:364)
	at org.springframework.web.servlet.mvc.method.annotation.HttpEntityMethodProcessor.handleReturnValue(HttpEntityMethodProcessor.java:261)
	at org.springframework.web.method.support.HandlerMethodReturnValueHandlerComposite.handleReturnValue(HandlerMethodReturnValueHandlerComposite.java:78)
	at org.springframework.web.servlet.mvc.method.annotation.ServletInvocableHandlerMethod.invokeAndHandle(ServletInvocableHandlerMethod.java:135)
	at org.springframework.web.servlet.mvc.method.annotation.ExceptionHandlerExceptionResolver.doResolveHandlerMethodException(ExceptionHandlerExceptionResolver.java:460)
	at org.springframework.web.servlet.handler.AbstractHandlerMethodExceptionResolver.doResolveException(AbstractHandlerMethodExceptionResolver.java:72)
	at org.springframework.web.servlet.handler.AbstractHandlerExceptionResolver.resolveException(AbstractHandlerExceptionResolver.java:176)
	at org.springframework.web.servlet.handler.HandlerExceptionResolverComposite.resolveException(HandlerExceptionResolverComposite.java:78)
	at org.springframework.web.servlet.DispatcherServlet.processHandlerException(DispatcherServlet.java:1227)
	at org.springframework.web.servlet.DispatcherServlet.processDispatchResult(DispatcherServlet.java:1035)
	at org.springframework.web.servlet.DispatcherServlet.doDispatch(DispatcherServlet.java:980)
	at org.springframework.web.servlet.DispatcherServlet.doService(DispatcherServlet.java:866)
	at org.springframework.web.servlet.FrameworkServlet.processRequest(FrameworkServlet.java:1000)
	at org.springframework.web.servlet.FrameworkServlet.doGet(FrameworkServlet.java:892)
	at jakarta.servlet.http.HttpServlet.service(HttpServlet.java:622)
	at org.springframework.web.servlet.FrameworkServlet.service(FrameworkServlet.java:874)
	at jakarta.servlet.http.HttpServlet.service(HttpServlet.java:710)
	at org.apache.catalina.core.ApplicationFilterChain.doFilter(ApplicationFilterChain.java:128)
	at org.springframework.web.filter.OncePerRequestFilter.doFilter(OncePerRequestFilter.java:101)
	at org.apache.catalina.core.ApplicationFilterChain.doFilter(ApplicationFilterChain.java:107)
	at org.springframework.web.filter.CompositeFilter$VirtualFilterChain.doFilter(CompositeFilter.java:108)
	at org.springframework.security.web.FilterChainProxy.lambda$doFilterInternal$3(FilterChainProxy.java:235)
	at org.springframework.security.web.FilterChainProxy$VirtualFilterChain.doFilter(FilterChainProxy.java:371)
	at org.springframework.security.web.access.intercept.AuthorizationFilter.doFilter(AuthorizationFilter.java:101)
	at org.springframework.security.web.FilterChainProxy$VirtualFilterChain.doFilter(FilterChainProxy.java:380)
	at org.springframework.security.web.access.ExceptionTranslationFilter.doFilter(ExceptionTranslationFilter.java:126)
	at org.springframework.security.web.access.ExceptionTranslationFilter.doFilter(ExceptionTranslationFilter.java:120)
	at org.springframework.security.web.FilterChainProxy$VirtualFilterChain.doFilter(FilterChainProxy.java:380)
	at org.springframework.security.web.authentication.AnonymousAuthenticationFilter.doFilter(AnonymousAuthenticationFilter.java:100)
	at org.springframework.security.web.FilterChainProxy$VirtualFilterChain.doFilter(FilterChainProxy.java:380)
	at org.springframework.security.web.servletapi.SecurityContextHolderAwareRequestFilter.doFilter(SecurityContextHolderAwareRequestFilter.java:181)
	at org.springframework.security.web.FilterChainProxy$VirtualFilterChain.doFilter(FilterChainProxy.java:380)
	at org.springframework.security.web.savedrequest.RequestCacheAwareFilter.doFilter(RequestCacheAwareFilter.java:63)
	at org.springframework.security.web.FilterChainProxy$VirtualFilterChain.doFilter(FilterChainProxy.java:380)
	at org.springframework.web.filter.OncePerRequestFilter.doFilter(OncePerRequestFilter.java:101)
	at org.springframework.security.web.FilterChainProxy$VirtualFilterChain.doFilter(FilterChainProxy.java:380)
	at org.springframework.security.web.authentication.logout.LogoutFilter.doFilter(LogoutFilter.java:110)
	at org.springframework.security.web.authentication.logout.LogoutFilter.doFilter(LogoutFilter.java:96)
	at org.springframework.security.web.FilterChainProxy$VirtualFilterChain.doFilter(FilterChainProxy.java:380)
	at org.springframework.web.filter.OncePerRequestFilter.doFilter(OncePerRequestFilter.java:101)
	at org.springframework.security.web.FilterChainProxy$VirtualFilterChain.doFilter(FilterChainProxy.java:380)
	at org.springframework.web.filter.OncePerRequestFilter.doFilter(OncePerRequestFilter.java:101)
	at org.springframework.security.web.FilterChainProxy$VirtualFilterChain.doFilter(FilterChainProxy.java:380)
	at org.springframework.security.web.context.SecurityContextHolderFilter.doFilter(SecurityContextHolderFilter.java:82)
	at org.springframework.security.web.context.SecurityContextHolderFilter.doFilter(SecurityContextHolderFilter.java:69)
	at org.springframework.security.web.FilterChainProxy$VirtualFilterChain.doFilter(FilterChainProxy.java:380)
	at org.springframework.web.filter.OncePerRequestFilter.doFilter(OncePerRequestFilter.java:101)
	at org.springframework.security.web.FilterChainProxy$VirtualFilterChain.doFilter(FilterChainProxy.java:380)
	at org.springframework.web.filter.OncePerRequestFilter.doFilter(OncePerRequestFilter.java:101)
	at org.springframework.security.web.FilterChainProxy$VirtualFilterChain.doFilter(FilterChainProxy.java:380)
	at org.springframework.security.web.FilterChainProxy.doFilterInternal(FilterChainProxy.java:237)
	at org.springframework.security.web.FilterChainProxy.doFilter(FilterChainProxy.java:195)
	at org.springframework.web.filter.CompositeFilter$VirtualFilterChain.doFilter(CompositeFilter.java:113)
	at org.springframework.web.filter.ServletRequestPathFilter.doFilter(ServletRequestPathFilter.java:52)
	at org.springframework.web.filter.CompositeFilter$VirtualFilterChain.doFilter(CompositeFilter.java:113)
	at org.springframework.web.filter.CompositeFilter.doFilter(CompositeFilter.java:74)
	at org.springframework.security.config.annotation.web.configuration.WebSecurityConfiguration$CompositeFilterChainProxy.doFilter(WebSecurityConfiguration.java:317)
	at org.springframework.web.filter.DelegatingFilterProxy.invokeDelegate(DelegatingFilterProxy.java:355)
	at org.springframework.web.filter.DelegatingFilterProxy.doFilter(DelegatingFilterProxy.java:272)
	at org.apache.catalina.core.ApplicationFilterChain.doFilter(ApplicationFilterChain.java:107)
	at org.springframework.web.filter.RequestContextFilter.doFilterInternal(RequestContextFilter.java:100)
	at org.springframework.web.filter.OncePerRequestFilter.doFilter(OncePerRequestFilter.java:116)
	at org.apache.catalina.core.ApplicationFilterChain.doFilter(ApplicationFilterChain.java:107)
	at org.springframework.web.filter.OncePerRequestFilter.doFilter(OncePerRequestFilter.java:101)
	at org.apache.catalina.core.ApplicationFilterChain.doFilter(ApplicationFilterChain.java:107)
	at org.springframework.web.filter.OncePerRequestFilter.doFilter(OncePerRequestFilter.java:101)
	at org.apache.catalina.core.ApplicationFilterChain.doFilter(ApplicationFilterChain.java:107)
	at org.springframework.web.filter.OncePerRequestFilter.doFilter(OncePerRequestFilter.java:101)
	at org.apache.catalina.core.ApplicationFilterChain.doFilter(ApplicationFilterChain.java:107)
	at org.apache.catalina.core.ApplicationDispatcher.invoke(ApplicationDispatcher.java:513)
	at org.apache.catalina.core.ApplicationDispatcher.dispatch(ApplicationDispatcher.java:441)
	at org.apache.catalina.core.AsyncContextImpl$AsyncRunnable.run(AsyncContextImpl.java:585)
	at org.apache.catalina.core.AsyncContextImpl.doInternalDispatch(AsyncContextImpl.java:340)
	at org.apache.catalina.core.StandardWrapperValve.invoke(StandardWrapperValve.java:163)
	at org.apache.catalina.core.StandardContextValve.invoke(StandardContextValve.java:77)
	at org.apache.catalina.authenticator.AuthenticatorBase.invoke(AuthenticatorBase.java:492)
	at org.apache.catalina.core.StandardHostValve.invoke(StandardHostValve.java:113)
	at org.apache.catalina.valves.ErrorReportValve.invoke(ErrorReportValve.java:83)
	at org.apache.catalina.core.StandardEngineValve.invoke(StandardEngineValve.java:72)
	at org.apache.catalina.connector.CoyoteAdapter.asyncDispatch(CoyoteAdapter.java:238)
	at org.apache.coyote.AbstractProcessor.dispatch(AbstractProcessor.java:242)
	at org.apache.coyote.AbstractProcessorLight.process(AbstractProcessorLight.java:57)
	at org.apache.coyote.AbstractProtocol$ConnectionHandler.process(AbstractProtocol.java:903)
	at org.apache.tomcat.util.net.NioEndpoint$SocketProcessor.doRun(NioEndpoint.java:1779)
	at org.apache.tomcat.util.net.SocketProcessorBase.run(SocketProcessorBase.java:52)
	at org.apache.tomcat.util.threads.ThreadPoolExecutor.runWorker(ThreadPoolExecutor.java:946)
	at org.apache.tomcat.util.threads.ThreadPoolExecutor$Worker.run(ThreadPoolExecutor.java:480)
	at org.apache.tomcat.util.threads.TaskThread$WrappingRunnable.run(TaskThread.java:57)
	at java.base/java.lang.Thread.run(Thread.java:840)
2026-07-02 16:05:07 [http-nio-8081-exec-7] WARN  o.s.w.s.m.s.DefaultHandlerExceptionResolver - Ignoring exception, response committed already: org.springframework.web.context.request.async.AsyncRequestTimeoutException
2026-07-02 16:05:07 [http-nio-8081-exec-7] WARN  o.s.w.s.m.s.DefaultHandlerExceptionResolver - Resolved [org.springframework.web.context.request.async.AsyncRequestTimeoutException]
2026-07-02 16:05:07 [http-nio-8081-exec-7] DEBUG o.s.s.w.a.AnonymousAuthenticationFilter - Set SecurityContextHolder to anonymous SecurityContext
2026-07-02 16:05:07 [SpringApplicationShutdownHook] INFO  o.s.m.s.b.SimpleBrokerMessageHandler - Stopping...
2026-07-02 16:05:07 [SpringApplicationShutdownHook] INFO  o.s.m.s.b.SimpleBrokerMessageHandler - BrokerAvailabilityEvent[available=false, SimpleBrokerMessageHandler [org.springframework.messaging.simp.broker.DefaultSubscriptionRegistry@2231f1f7]]
2026-07-02 16:05:07 [SpringApplicationShutdownHook] INFO  o.s.m.s.b.SimpleBrokerMessageHandler - Stopped.
2026-07-02 16:05:07 [SpringApplicationShutdownHook] INFO  o.s.o.j.LocalContainerEntityManagerFactoryBean - Closing JPA EntityManagerFactory for persistence unit 'default'
2026-07-02 16:05:07 [SpringApplicationShutdownHook] INFO  com.zaxxer.hikari.HikariDataSource - HikariPool-1 - Shutdown initiated...
2026-07-02 16:05:07 [SpringApplicationShutdownHook] INFO  com.zaxxer.hikari.HikariDataSource - HikariPool-1 - Shutdown completed.
2026-07-02 16:14:47 [main] INFO  c.example.backend.BackendApplication - Starting BackendApplication using Java 17.0.18 with PID 35012 (D:\DATN\VietnamPhoto\backend\target\classes started by Tuna in D:\DATN\VietnamPhoto)
2026-07-02 16:14:47 [main] DEBUG c.example.backend.BackendApplication - Running with Spring Boot v4.0.3, Spring v7.0.5
2026-07-02 16:14:47 [main] INFO  c.example.backend.BackendApplication - No active profile set, falling back to 1 default profile: "default"
2026-07-02 16:14:47 [background-preinit] INFO  o.h.validator.internal.util.Version - HV000001: Hibernate Validator 9.0.1.Final
2026-07-02 16:14:48 [main] INFO  o.s.d.r.c.RepositoryConfigurationDelegate - Bootstrapping Spring Data JPA repositories in DEFAULT mode.
2026-07-02 16:14:48 [main] INFO  o.s.d.r.c.RepositoryConfigurationDelegate - Finished Spring Data repository scanning in 153 ms. Found 17 JPA repository interfaces.
2026-07-02 16:14:50 [main] INFO  o.s.boot.tomcat.TomcatWebServer - Tomcat initialized with port 8081 (http)
2026-07-02 16:14:50 [main] INFO  o.a.coyote.http11.Http11NioProtocol - Initializing ProtocolHandler ["http-nio-8081"]
2026-07-02 16:14:50 [main] INFO  o.a.catalina.core.StandardService - Starting service [Tomcat]
2026-07-02 16:14:50 [main] INFO  o.a.catalina.core.StandardEngine - Starting Servlet engine: [Apache Tomcat/11.0.18]
2026-07-02 16:14:50 [main] INFO  o.s.b.w.c.s.WebApplicationContextInitializer - Root WebApplicationContext: initialization completed in 2767 ms
2026-07-02 16:14:50 [main] DEBUG c.e.b.config.security.JwtFilter - Filter 'jwtFilter' configured for use
2026-07-02 16:14:50 [main] INFO  org.hibernate.orm.jpa - HHH008540: Processing PersistenceUnitInfo [name: default]
2026-07-02 16:14:50 [main] INFO  org.hibernate.orm.core - HHH000001: Hibernate ORM core version 7.2.4.Final
2026-07-02 16:14:51 [main] INFO  o.s.o.j.p.SpringPersistenceUnitInfo - No LoadTimeWeaver setup: ignoring JPA class transformer
2026-07-02 16:14:51 [main] INFO  com.zaxxer.hikari.HikariDataSource - HikariPool-1 - Starting...
2026-07-02 16:14:51 [main] INFO  com.zaxxer.hikari.pool.HikariPool - HikariPool-1 - Added connection com.mysql.cj.jdbc.ConnectionImpl@42fa5cb
2026-07-02 16:14:51 [main] INFO  com.zaxxer.hikari.HikariDataSource - HikariPool-1 - Start completed.
2026-07-02 16:14:52 [main] INFO  o.hibernate.orm.connections.pooling - HHH10001005: Database info:
	Database JDBC URL [jdbc:mysql://localhost:3306/VNScout]
	Database driver: MySQL Connector/J
	Database dialect: MySQLDialect
	Database version: 8.0.46
	Default catalog/schema: VNScout/undefined
	Autocommit mode: undefined/unknown
	Isolation level: REPEATABLE_READ [default REPEATABLE_READ]
	JDBC fetch size: none
	Pool: DataSourceConnectionProvider
	Minimum pool size: undefined/unknown
	Maximum pool size: undefined/unknown
2026-07-02 16:14:53 [main] INFO  org.hibernate.orm.core - HHH000489: No JTA platform available (set 'hibernate.transaction.jta.platform' to enable JTA platform integration)
2026-07-02 16:14:53 [main] ERROR o.s.o.j.LocalContainerEntityManagerFactoryBean - Failed to initialize JPA EntityManagerFactory: Unable to build Hibernate SessionFactory  [persistence unit: default] ; nested exception is org.hibernate.tool.schema.spi.SchemaManagementException: Schema validation: wrong column type encountered in column [created_date] in table [chat_messages]; found [date (Types#DATE)], but expecting [datetime(6) (Types#TIMESTAMP)]
2026-07-02 16:14:53 [main] WARN  o.s.b.w.s.s.c.AnnotationConfigServletWebServerApplicationContext - Exception encountered during context initialization - cancelling refresh attempt: org.springframework.beans.factory.BeanCreationException: Error creating bean with name 'entityManagerFactory' defined in class path resource [org/springframework/boot/hibernate/autoconfigure/HibernateJpaConfiguration.class]: Unable to build Hibernate SessionFactory  [persistence unit: default] ; nested exception is org.hibernate.tool.schema.spi.SchemaManagementException: Schema validation: wrong column type encountered in column [created_date] in table [chat_messages]; found [date (Types#DATE)], but expecting [datetime(6) (Types#TIMESTAMP)]
2026-07-02 16:14:53 [main] INFO  com.zaxxer.hikari.HikariDataSource - HikariPool-1 - Shutdown initiated...
2026-07-02 16:14:53 [main] INFO  com.zaxxer.hikari.HikariDataSource - HikariPool-1 - Shutdown completed.
2026-07-02 16:14:53 [main] INFO  o.a.catalina.core.StandardService - Stopping service [Tomcat]
2026-07-02 16:14:53 [main] INFO  o.s.b.a.l.ConditionEvaluationReportLogger - 

Error starting ApplicationContext. To display the condition evaluation report re-run your application with 'debug' enabled.
2026-07-02 16:14:53 [main] ERROR o.s.boot.SpringApplication - Application run failed
org.springframework.beans.factory.BeanCreationException: Error creating bean with name 'entityManagerFactory' defined in class path resource [org/springframework/boot/hibernate/autoconfigure/HibernateJpaConfiguration.class]: Unable to build Hibernate SessionFactory  [persistence unit: default] ; nested exception is org.hibernate.tool.schema.spi.SchemaManagementException: Schema validation: wrong column type encountered in column [created_date] in table [chat_messages]; found [date (Types#DATE)], but expecting [datetime(6) (Types#TIMESTAMP)]
	at org.springframework.beans.factory.support.AbstractAutowireCapableBeanFactory.initializeBean(AbstractAutowireCapableBeanFactory.java:1817)
	at org.springframework.beans.factory.support.AbstractAutowireCapableBeanFactory.doCreateBean(AbstractAutowireCapableBeanFactory.java:603)
	at org.springframework.beans.factory.support.AbstractAutowireCapableBeanFactory.createBean(AbstractAutowireCapableBeanFactory.java:525)
	at org.springframework.beans.factory.support.AbstractBeanFactory.lambda$doGetBean$0(AbstractBeanFactory.java:333)
	at org.springframework.beans.factory.support.DefaultSingletonBeanRegistry.getSingleton(DefaultSingletonBeanRegistry.java:371)
	at org.springframework.beans.factory.support.AbstractBeanFactory.doGetBean(AbstractBeanFactory.java:331)
	at org.springframework.beans.factory.support.AbstractBeanFactory.getBean(AbstractBeanFactory.java:201)
	at org.springframework.context.support.AbstractApplicationContext.finishBeanFactoryInitialization(AbstractApplicationContext.java:977)
	at org.springframework.context.support.AbstractApplicationContext.refresh(AbstractApplicationContext.java:621)
	at org.springframework.boot.web.server.servlet.context.ServletWebServerApplicationContext.refresh(ServletWebServerApplicationContext.java:143)
	at org.springframework.boot.SpringApplication.refresh(SpringApplication.java:756)
	at org.springframework.boot.SpringApplication.refreshContext(SpringApplication.java:445)
	at org.springframework.boot.SpringApplication.run(SpringApplication.java:321)
	at org.springframework.boot.SpringApplication.run(SpringApplication.java:1365)
	at org.springframework.boot.SpringApplication.run(SpringApplication.java:1354)
	at com.example.backend.BackendApplication.main(BackendApplication.java:15)
Caused by: jakarta.persistence.PersistenceException: Unable to build Hibernate SessionFactory  [persistence unit: default] ; nested exception is org.hibernate.tool.schema.spi.SchemaManagementException: Schema validation: wrong column type encountered in column [created_date] in table [chat_messages]; found [date (Types#DATE)], but expecting [datetime(6) (Types#TIMESTAMP)]
	at org.springframework.orm.jpa.AbstractEntityManagerFactoryBean.buildNativeEntityManagerFactory(AbstractEntityManagerFactoryBean.java:448)
	at org.springframework.orm.jpa.AbstractEntityManagerFactoryBean.afterPropertiesSet(AbstractEntityManagerFactoryBean.java:411)
	at org.springframework.orm.jpa.LocalContainerEntityManagerFactoryBean.afterPropertiesSet(LocalContainerEntityManagerFactoryBean.java:419)
	at org.springframework.beans.factory.support.AbstractAutowireCapableBeanFactory.invokeInitMethods(AbstractAutowireCapableBeanFactory.java:1864)
	at org.springframework.beans.factory.support.AbstractAutowireCapableBeanFactory.initializeBean(AbstractAutowireCapableBeanFactory.java:1813)
	... 15 common frames omitted
Caused by: org.hibernate.tool.schema.spi.SchemaManagementException: Schema validation: wrong column type encountered in column [created_date] in table [chat_messages]; found [date (Types#DATE)], but expecting [datetime(6) (Types#TIMESTAMP)]
	at org.hibernate.tool.schema.internal.AbstractSchemaValidator.validateColumnType(AbstractSchemaValidator.java:153)
	at org.hibernate.tool.schema.internal.AbstractSchemaValidator.validateTable(AbstractSchemaValidator.java:141)
	at org.hibernate.tool.schema.internal.GroupedSchemaValidatorImpl.validateTables(GroupedSchemaValidatorImpl.java:42)
	at org.hibernate.tool.schema.internal.AbstractSchemaValidator.performValidation(AbstractSchemaValidator.java:90)
	at org.hibernate.tool.schema.internal.AbstractSchemaValidator.doValidation(AbstractSchemaValidator.java:68)
	at org.hibernate.tool.schema.spi.SchemaManagementToolCoordinator.performDatabaseAction(SchemaManagementToolCoordinator.java:278)
	at org.hibernate.tool.schema.spi.SchemaManagementToolCoordinator.lambda$process$1(SchemaManagementToolCoordinator.java:101)
	at java.base/java.util.HashMap.forEach(HashMap.java:1421)
	at org.hibernate.tool.schema.spi.SchemaManagementToolCoordinator.process(SchemaManagementToolCoordinator.java:100)
	at org.hibernate.boot.internal.SessionFactoryObserverForSchemaExport.sessionFactoryCreated(SessionFactoryObserverForSchemaExport.java:35)
	at org.hibernate.internal.SessionFactoryObserverChain.sessionFactoryCreated(SessionFactoryObserverChain.java:33)
	at org.hibernate.internal.SessionFactoryImpl.<init>(SessionFactoryImpl.java:323)
	at org.hibernate.internal.SessionFactoryRegistry.instantiateSessionFactory(SessionFactoryRegistry.java:64)
	at org.hibernate.boot.internal.SessionFactoryBuilderImpl.build(SessionFactoryBuilderImpl.java:437)
	at org.hibernate.jpa.boot.internal.EntityManagerFactoryBuilderImpl.build(EntityManagerFactoryBuilderImpl.java:1456)
	at org.springframework.orm.jpa.vendor.SpringHibernateJpaPersistenceProvider.createContainerEntityManagerFactory(SpringHibernateJpaPersistenceProvider.java:93)
	at org.springframework.orm.jpa.LocalContainerEntityManagerFactoryBean.createNativeEntityManagerFactory(LocalContainerEntityManagerFactoryBean.java:443)
	at org.springframework.orm.jpa.AbstractEntityManagerFactoryBean.buildNativeEntityManagerFactory(AbstractEntityManagerFactoryBean.java:436)
	... 19 common frames omitted
2026-07-02 16:23:44 [main] INFO  c.example.backend.BackendApplication - Starting BackendApplication using Java 17.0.18 with PID 36660 (D:\DATN\VietnamPhoto\backend\target\classes started by Tuna in D:\DATN\VietnamPhoto)
2026-07-02 16:23:44 [main] DEBUG c.example.backend.BackendApplication - Running with Spring Boot v4.0.3, Spring v7.0.5
2026-07-02 16:23:44 [main] INFO  c.example.backend.BackendApplication - No active profile set, falling back to 1 default profile: "default"
2026-07-02 16:23:44 [background-preinit] INFO  o.h.validator.internal.util.Version - HV000001: Hibernate Validator 9.0.1.Final
2026-07-02 16:23:45 [main] INFO  o.s.d.r.c.RepositoryConfigurationDelegate - Bootstrapping Spring Data JPA repositories in DEFAULT mode.
2026-07-02 16:23:45 [main] INFO  o.s.d.r.c.RepositoryConfigurationDelegate - Finished Spring Data repository scanning in 128 ms. Found 17 JPA repository interfaces.
2026-07-02 16:23:46 [main] INFO  o.s.boot.tomcat.TomcatWebServer - Tomcat initialized with port 8081 (http)
2026-07-02 16:23:46 [main] INFO  o.a.coyote.http11.Http11NioProtocol - Initializing ProtocolHandler ["http-nio-8081"]
2026-07-02 16:23:46 [main] INFO  o.a.catalina.core.StandardService - Starting service [Tomcat]
2026-07-02 16:23:46 [main] INFO  o.a.catalina.core.StandardEngine - Starting Servlet engine: [Apache Tomcat/11.0.18]
2026-07-02 16:23:46 [main] INFO  o.s.b.w.c.s.WebApplicationContextInitializer - Root WebApplicationContext: initialization completed in 2074 ms
2026-07-02 16:23:47 [main] DEBUG c.e.b.config.security.JwtFilter - Filter 'jwtFilter' configured for use
2026-07-02 16:23:47 [main] INFO  org.hibernate.orm.jpa - HHH008540: Processing PersistenceUnitInfo [name: default]
2026-07-02 16:23:47 [main] INFO  org.hibernate.orm.core - HHH000001: Hibernate ORM core version 7.2.4.Final
2026-07-02 16:23:48 [main] INFO  o.s.o.j.p.SpringPersistenceUnitInfo - No LoadTimeWeaver setup: ignoring JPA class transformer
2026-07-02 16:23:48 [main] INFO  com.zaxxer.hikari.HikariDataSource - HikariPool-1 - Starting...
2026-07-02 16:23:48 [main] INFO  com.zaxxer.hikari.pool.HikariPool - HikariPool-1 - Added connection com.mysql.cj.jdbc.ConnectionImpl@54530644
2026-07-02 16:23:48 [main] INFO  com.zaxxer.hikari.HikariDataSource - HikariPool-1 - Start completed.
2026-07-02 16:23:48 [main] INFO  o.hibernate.orm.connections.pooling - HHH10001005: Database info:
	Database JDBC URL [jdbc:mysql://localhost:3306/VNScout]
	Database driver: MySQL Connector/J
	Database dialect: MySQLDialect
	Database version: 8.0.46
	Default catalog/schema: VNScout/undefined
	Autocommit mode: undefined/unknown
	Isolation level: REPEATABLE_READ [default REPEATABLE_READ]
	JDBC fetch size: none
	Pool: DataSourceConnectionProvider
	Minimum pool size: undefined/unknown
	Maximum pool size: undefined/unknown
2026-07-02 16:23:50 [main] INFO  org.hibernate.orm.core - HHH000489: No JTA platform available (set 'hibernate.transaction.jta.platform' to enable JTA platform integration)
2026-07-02 16:23:50 [main] INFO  o.s.o.j.LocalContainerEntityManagerFactoryBean - Initialized JPA EntityManagerFactory for persistence unit 'default'
2026-07-02 16:23:50 [main] INFO  o.s.d.j.r.q.QueryEnhancerFactories - Hibernate is in classpath; If applicable, HQL parser will be used.
2026-07-02 16:23:52 [main] INFO  c.e.b.s.banned.BadWordFilterService - Loaded 578 bad words from database into memory.
2026-07-02 16:23:52 [main] WARN  o.s.b.j.a.JpaBaseConfiguration$JpaWebConfiguration - spring.jpa.open-in-view is enabled by default. Therefore, database queries may be performed during view rendering. Explicitly configure spring.jpa.open-in-view to disable this warning
2026-07-02 16:23:52 [main] WARN  o.s.b.s.a.UserDetailsServiceAutoConfiguration - 

Using generated security password: 187464ba-e555-4535-9058-deb7f6074dc1

This generated password is for development use only. Your security configuration must be updated before running your application in production.

2026-07-02 16:23:52 [main] INFO  o.s.s.c.a.a.c.InitializeUserDetailsBeanManagerConfigurer$InitializeUserDetailsManagerConfigurer - Global AuthenticationManager configured with UserDetailsService bean with name inMemoryUserDetailsManager
2026-07-02 16:23:53 [main] DEBUG o.s.s.web.DefaultSecurityFilterChain - Will secure any request with filters: DisableEncodeUrlFilter, WebAsyncManagerIntegrationFilter, SecurityContextHolderFilter, HeaderWriterFilter, CorsFilter, LogoutFilter, JwtFilter, RequestCacheAwareFilter, SecurityContextHolderAwareRequestFilter, AnonymousAuthenticationFilter, ExceptionTranslationFilter, AuthorizationFilter
2026-07-02 16:23:53 [main] INFO  o.s.m.s.b.SimpleBrokerMessageHandler - Starting...
2026-07-02 16:23:53 [main] INFO  o.s.m.s.b.SimpleBrokerMessageHandler - BrokerAvailabilityEvent[available=true, SimpleBrokerMessageHandler [org.springframework.messaging.simp.broker.DefaultSubscriptionRegistry@710225a6]]
2026-07-02 16:23:53 [main] INFO  o.s.m.s.b.SimpleBrokerMessageHandler - Started.
2026-07-02 16:23:53 [main] INFO  o.a.coyote.http11.Http11NioProtocol - Starting ProtocolHandler ["http-nio-8081"]
2026-07-02 16:23:53 [main] INFO  o.s.boot.tomcat.TomcatWebServer - Tomcat started on port 8081 (http) with context path '/'
2026-07-02 16:23:53 [main] INFO  c.example.backend.BackendApplication - Started BackendApplication in 9.78 seconds (process running for 10.362)
2026-07-02 16:23:53 [main] INFO  c.e.b.c.i.BannedWordDataInitializer - Banned words already initialized. Skip import.
2026-07-02 16:23:54 [http-nio-8081-exec-1] INFO  o.a.c.c.C.[Tomcat].[localhost].[/] - Initializing Spring DispatcherServlet 'dispatcherServlet'
2026-07-02 16:23:54 [http-nio-8081-exec-1] INFO  o.s.web.servlet.DispatcherServlet - Initializing Servlet 'dispatcherServlet'
2026-07-02 16:23:54 [http-nio-8081-exec-1] INFO  o.s.web.servlet.DispatcherServlet - Completed initialization in 1 ms
2026-07-02 16:23:54 [http-nio-8081-exec-1] DEBUG o.s.security.web.FilterChainProxy - Securing GET /api/v1/notifications/stream?token=eyJhbGciOiJIUzI1NiJ9.eyJzdWIiOiJUdW5hLWFkbWluIiwicGVybWlzc2lvbnMiOlsiUk9MRV9BRE1JTiJdLCJpc3MiOiJkZXZ0ZXJpYS5jb20iLCJleHAiOjE3Nzk1MjAyNzUsImlhdCI6MTc3OTUxMzA3NSwidXNlcklkIjoiMGZiN2VkZjMtYzQ5YS00NTQ5LTg4YzUtNDk5OTMxNGEzMzFlIn0.bJu3f8N3VUhzhAlzxn07v98jJkgoo3H20isKAEyAScU
2026-07-02 16:23:54 [http-nio-8081-exec-1] WARN  o.s.w.s.h.HandlerMappingIntrospector - Cache miss for REQUEST dispatch to '/api/v1/notifications/stream' (previous null). Performing CorsConfiguration lookup. This is logged once only at WARN level, and every time at TRACE.
2026-07-02 16:23:54 [http-nio-8081-exec-1] DEBUG o.s.security.web.FilterChainProxy - Secured GET /api/v1/notifications/stream?token=eyJhbGciOiJIUzI1NiJ9.eyJzdWIiOiJUdW5hLWFkbWluIiwicGVybWlzc2lvbnMiOlsiUk9MRV9BRE1JTiJdLCJpc3MiOiJkZXZ0ZXJpYS5jb20iLCJleHAiOjE3Nzk1MjAyNzUsImlhdCI6MTc3OTUxMzA3NSwidXNlcklkIjoiMGZiN2VkZjMtYzQ5YS00NTQ5LTg4YzUtNDk5OTMxNGEzMzFlIn0.bJu3f8N3VUhzhAlzxn07v98jJkgoo3H20isKAEyAScU
2026-07-02 16:23:59 [http-nio-8081-exec-3] DEBUG o.s.security.web.FilterChainProxy - Securing GET /api/v1/notifications/unread-count
2026-07-02 16:23:59 [http-nio-8081-exec-3] DEBUG o.s.security.web.FilterChainProxy - Secured GET /api/v1/notifications/unread-count
2026-07-02 16:24:53 [MessageBroker-1] INFO  o.s.w.s.c.WebSocketMessageBrokerStats - WebSocketSession[0 current WS(0)-HttpStream(0)-HttpPoll(0), 0 total, 0 closed abnormally (0 connect failure, 0 send limit, 0 transport error)], stompSubProtocol[processed CONNECT(0)-CONNECTED(0)-DISCONNECT(0)], stompBrokerRelay[null], inboundChannel[pool size = 0, active threads = 0, queued tasks = 0, completed tasks = 0], outboundChannel[pool size = 0, active threads = 0, queued tasks = 0, completed tasks = 0], sockJsScheduler[pool size = 1, active threads = 1, queued tasks = 0, completed tasks = 0]
2026-07-02 16:24:59 [http-nio-8081-exec-5] DEBUG o.s.security.web.FilterChainProxy - Securing GET /api/locations/7a84b328-90c4-439b-b705-a3516a5e358f
2026-07-02 16:24:59 [http-nio-8081-exec-7] DEBUG o.s.security.web.FilterChainProxy - Securing GET /users/me
2026-07-02 16:24:59 [http-nio-8081-exec-5] DEBUG o.s.security.web.FilterChainProxy - Secured GET /api/locations/7a84b328-90c4-439b-b705-a3516a5e358f
2026-07-02 16:24:59 [http-nio-8081-exec-7] DEBUG o.s.security.web.FilterChainProxy - Secured GET /users/me
2026-07-02 16:24:59 [http-nio-8081-exec-10] DEBUG o.s.security.web.FilterChainProxy - Securing GET /api/v1/posts/location/7a84b328-90c4-439b-b705-a3516a5e358f?size=50
2026-07-02 16:24:59 [http-nio-8081-exec-10] DEBUG o.s.security.web.FilterChainProxy - Secured GET /api/v1/posts/location/7a84b328-90c4-439b-b705-a3516a5e358f?size=50
2026-07-02 16:24:59 [http-nio-8081-exec-1] DEBUG o.s.security.web.FilterChainProxy - Securing GET /api/v1/notifications/unread-count
2026-07-02 16:24:59 [http-nio-8081-exec-1] DEBUG o.s.security.web.FilterChainProxy - Secured GET /api/v1/notifications/unread-count
2026-07-02 16:24:59 [http-nio-8081-exec-2] DEBUG o.s.security.web.FilterChainProxy - Securing GET /api/v1/notifications/stream?token=eyJhbGciOiJIUzI1NiJ9.eyJzdWIiOiJUdW5hLWFkbWluIiwicGVybWlzc2lvbnMiOlsiUk9MRV9BRE1JTiJdLCJpc3MiOiJkZXZ0ZXJpYS5jb20iLCJleHAiOjE3Nzk1MjAyNzUsImlhdCI6MTc3OTUxMzA3NSwidXNlcklkIjoiMGZiN2VkZjMtYzQ5YS00NTQ5LTg4YzUtNDk5OTMxNGEzMzFlIn0.bJu3f8N3VUhzhAlzxn07v98jJkgoo3H20isKAEyAScU
2026-07-02 16:24:59 [http-nio-8081-exec-2] DEBUG o.s.security.web.FilterChainProxy - Secured GET /api/v1/notifications/stream?token=eyJhbGciOiJIUzI1NiJ9.eyJzdWIiOiJUdW5hLWFkbWluIiwicGVybWlzc2lvbnMiOlsiUk9MRV9BRE1JTiJdLCJpc3MiOiJkZXZ0ZXJpYS5jb20iLCJleHAiOjE3Nzk1MjAyNzUsImlhdCI6MTc3OTUxMzA3NSwidXNlcklkIjoiMGZiN2VkZjMtYzQ5YS00NTQ5LTg4YzUtNDk5OTMxNGEzMzFlIn0.bJu3f8N3VUhzhAlzxn07v98jJkgoo3H20isKAEyAScU
2026-07-02 16:24:59 [http-nio-8081-exec-3] DEBUG o.s.security.web.FilterChainProxy - Securing GET /api/v1/notifications/unread-count
2026-07-02 16:24:59 [http-nio-8081-exec-3] DEBUG o.s.security.web.FilterChainProxy - Secured GET /api/v1/notifications/unread-count
2026-07-02 16:24:59 [http-nio-8081-exec-5] DEBUG o.s.security.web.FilterChainProxy - Securing GET /chat/conversations
2026-07-02 16:24:59 [http-nio-8081-exec-5] DEBUG o.s.security.web.FilterChainProxy - Secured GET /chat/conversations
2026-07-02 16:24:59 [http-nio-8081-exec-10] WARN  o.s.d.w.c.SpringDataJackson3Configuration$PageModule$WarningLoggingModifier - Serializing PageImpl instances as-is is not supported, meaning that there is no guarantee about the stability of the resulting JSON structure!
	For a stable JSON structure, please use Spring Data's PagedModel (globally via @EnableSpringDataWebSupport(pageSerializationMode = VIA_DTO))
	or Spring HATEOAS and Spring Data's PagedResourcesAssembler as documented in https://docs.spring.io/spring-data/commons/reference/repositories/core-extensions.html#core.web.pageables.

2026-07-02 16:24:59 [http-nio-8081-exec-7] DEBUG o.s.security.web.FilterChainProxy - Securing GET /chat/conversations
2026-07-02 16:24:59 [http-nio-8081-exec-7] DEBUG o.s.security.web.FilterChainProxy - Secured GET /chat/conversations
2026-07-02 16:29:59 [http-nio-8081-exec-6] DEBUG o.s.security.web.FilterChainProxy - Securing GET /api/v1/notifications/unread-count
2026-07-02 16:29:59 [http-nio-8081-exec-6] DEBUG o.s.security.web.FilterChainProxy - Secured GET /api/v1/notifications/unread-count
2026-07-02 16:30:10 [http-nio-8081-exec-7] DEBUG o.s.security.web.FilterChainProxy - Securing GET /users/me
2026-07-02 16:30:10 [http-nio-8081-exec-5] DEBUG o.s.security.web.FilterChainProxy - Securing GET /api/locations/7a84b328-90c4-439b-b705-a3516a5e358f
2026-07-02 16:30:10 [http-nio-8081-exec-7] DEBUG o.s.security.web.FilterChainProxy - Secured GET /users/me
2026-07-02 16:30:10 [http-nio-8081-exec-5] DEBUG o.s.security.web.FilterChainProxy - Secured GET /api/locations/7a84b328-90c4-439b-b705-a3516a5e358f
2026-07-02 16:30:11 [http-nio-8081-exec-2] DEBUG o.s.security.web.FilterChainProxy - Securing GET /api/v1/posts/location/7a84b328-90c4-439b-b705-a3516a5e358f?size=50
2026-07-02 16:30:11 [http-nio-8081-exec-2] DEBUG o.s.security.web.FilterChainProxy - Secured GET /api/v1/posts/location/7a84b328-90c4-439b-b705-a3516a5e358f?size=50
2026-07-02 16:30:11 [http-nio-8081-exec-1] DEBUG o.s.security.web.FilterChainProxy - Securing GET /api/v1/notifications/unread-count
2026-07-02 16:30:11 [http-nio-8081-exec-1] DEBUG o.s.security.web.FilterChainProxy - Secured GET /api/v1/notifications/unread-count
2026-07-02 16:30:11 [http-nio-8081-exec-4] DEBUG o.s.security.web.FilterChainProxy - Securing GET /api/v1/notifications/stream?token=eyJhbGciOiJIUzI1NiJ9.eyJzdWIiOiJUdW5hLWFkbWluIiwicGVybWlzc2lvbnMiOlsiUk9MRV9BRE1JTiJdLCJpc3MiOiJkZXZ0ZXJpYS5jb20iLCJleHAiOjE3Nzk1MjAyNzUsImlhdCI6MTc3OTUxMzA3NSwidXNlcklkIjoiMGZiN2VkZjMtYzQ5YS00NTQ5LTg4YzUtNDk5OTMxNGEzMzFlIn0.bJu3f8N3VUhzhAlzxn07v98jJkgoo3H20isKAEyAScU
2026-07-02 16:30:11 [http-nio-8081-exec-4] DEBUG o.s.security.web.FilterChainProxy - Secured GET /api/v1/notifications/stream?token=eyJhbGciOiJIUzI1NiJ9.eyJzdWIiOiJUdW5hLWFkbWluIiwicGVybWlzc2lvbnMiOlsiUk9MRV9BRE1JTiJdLCJpc3MiOiJkZXZ0ZXJpYS5jb20iLCJleHAiOjE3Nzk1MjAyNzUsImlhdCI6MTc3OTUxMzA3NSwidXNlcklkIjoiMGZiN2VkZjMtYzQ5YS00NTQ5LTg4YzUtNDk5OTMxNGEzMzFlIn0.bJu3f8N3VUhzhAlzxn07v98jJkgoo3H20isKAEyAScU
2026-07-02 16:30:11 [http-nio-8081-exec-6] DEBUG o.s.security.web.FilterChainProxy - Securing GET /api/v1/notifications/unread-count
2026-07-02 16:30:11 [http-nio-8081-exec-6] DEBUG o.s.security.web.FilterChainProxy - Secured GET /api/v1/notifications/unread-count
2026-07-02 16:30:11 [http-nio-8081-exec-7] DEBUG o.s.security.web.FilterChainProxy - Securing GET /chat/conversations
2026-07-02 16:30:11 [http-nio-8081-exec-7] DEBUG o.s.security.web.FilterChainProxy - Secured GET /chat/conversations
2026-07-02 16:30:11 [http-nio-8081-exec-5] DEBUG o.s.security.web.FilterChainProxy - Securing GET /chat/conversations
2026-07-02 16:30:11 [http-nio-8081-exec-5] DEBUG o.s.security.web.FilterChainProxy - Secured GET /chat/conversations
2026-07-02 16:32:23 [http-nio-8081-exec-2] DEBUG o.s.security.web.FilterChainProxy - Securing GET /users/me
2026-07-02 16:32:23 [http-nio-8081-exec-2] DEBUG o.s.security.web.FilterChainProxy - Secured GET /users/me
2026-07-02 16:32:23 [http-nio-8081-exec-6] DEBUG o.s.security.web.FilterChainProxy - Securing GET /api/locations/7a84b328-90c4-439b-b705-a3516a5e358f
2026-07-02 16:32:23 [http-nio-8081-exec-6] DEBUG o.s.security.web.FilterChainProxy - Secured GET /api/locations/7a84b328-90c4-439b-b705-a3516a5e358f
2026-07-02 16:32:23 [http-nio-8081-exec-5] DEBUG o.s.security.web.FilterChainProxy - Securing GET /api/v1/posts/location/7a84b328-90c4-439b-b705-a3516a5e358f?size=50
2026-07-02 16:32:23 [http-nio-8081-exec-5] DEBUG o.s.security.web.FilterChainProxy - Secured GET /api/v1/posts/location/7a84b328-90c4-439b-b705-a3516a5e358f?size=50
2026-07-02 16:32:23 [http-nio-8081-exec-1] DEBUG o.s.security.web.FilterChainProxy - Securing GET /api/v1/notifications/unread-count
2026-07-02 16:32:23 [http-nio-8081-exec-1] DEBUG o.s.security.web.FilterChainProxy - Secured GET /api/v1/notifications/unread-count
2026-07-02 16:32:23 [http-nio-8081-exec-8] DEBUG o.s.security.web.FilterChainProxy - Securing GET /api/v1/notifications/stream?token=eyJhbGciOiJIUzI1NiJ9.eyJzdWIiOiJUdW5hLWFkbWluIiwicGVybWlzc2lvbnMiOlsiUk9MRV9BRE1JTiJdLCJpc3MiOiJkZXZ0ZXJpYS5jb20iLCJleHAiOjE3Nzk1MjAyNzUsImlhdCI6MTc3OTUxMzA3NSwidXNlcklkIjoiMGZiN2VkZjMtYzQ5YS00NTQ5LTg4YzUtNDk5OTMxNGEzMzFlIn0.bJu3f8N3VUhzhAlzxn07v98jJkgoo3H20isKAEyAScU
2026-07-02 16:32:23 [http-nio-8081-exec-8] DEBUG o.s.security.web.FilterChainProxy - Secured GET /api/v1/notifications/stream?token=eyJhbGciOiJIUzI1NiJ9.eyJzdWIiOiJUdW5hLWFkbWluIiwicGVybWlzc2lvbnMiOlsiUk9MRV9BRE1JTiJdLCJpc3MiOiJkZXZ0ZXJpYS5jb20iLCJleHAiOjE3Nzk1MjAyNzUsImlhdCI6MTc3OTUxMzA3NSwidXNlcklkIjoiMGZiN2VkZjMtYzQ5YS00NTQ5LTg4YzUtNDk5OTMxNGEzMzFlIn0.bJu3f8N3VUhzhAlzxn07v98jJkgoo3H20isKAEyAScU
2026-07-02 16:32:23 [http-nio-8081-exec-9] DEBUG o.s.security.web.FilterChainProxy - Securing GET /api/v1/notifications/unread-count
2026-07-02 16:32:23 [http-nio-8081-exec-9] DEBUG o.s.security.web.FilterChainProxy - Secured GET /api/v1/notifications/unread-count
2026-07-02 16:32:23 [http-nio-8081-exec-2] DEBUG o.s.security.web.FilterChainProxy - Securing GET /chat/conversations
2026-07-02 16:32:23 [http-nio-8081-exec-2] DEBUG o.s.security.web.FilterChainProxy - Secured GET /chat/conversations
2026-07-02 16:32:23 [http-nio-8081-exec-6] DEBUG o.s.security.web.FilterChainProxy - Securing GET /chat/conversations
2026-07-02 16:32:23 [http-nio-8081-exec-6] DEBUG o.s.security.web.FilterChainProxy - Secured GET /chat/conversations
2026-07-02 16:32:44 [http-nio-8081-exec-1] DEBUG o.s.security.web.FilterChainProxy - Securing GET /users/me
2026-07-02 16:32:44 [http-nio-8081-exec-1] DEBUG o.s.security.web.FilterChainProxy - Secured GET /users/me
2026-07-02 16:32:44 [http-nio-8081-exec-8] DEBUG o.s.security.web.FilterChainProxy - Securing GET /api/locations/7a84b328-90c4-439b-b705-a3516a5e358f
2026-07-02 16:32:44 [http-nio-8081-exec-8] DEBUG o.s.security.web.FilterChainProxy - Secured GET /api/locations/7a84b328-90c4-439b-b705-a3516a5e358f
2026-07-02 16:32:44 [http-nio-8081-exec-5] DEBUG o.s.security.web.FilterChainProxy - Securing GET /api/v1/posts/location/7a84b328-90c4-439b-b705-a3516a5e358f?size=50
2026-07-02 16:32:44 [http-nio-8081-exec-5] DEBUG o.s.security.web.FilterChainProxy - Secured GET /api/v1/posts/location/7a84b328-90c4-439b-b705-a3516a5e358f?size=50
2026-07-02 16:32:44 [http-nio-8081-exec-10] DEBUG o.s.security.web.FilterChainProxy - Securing GET /api/v1/notifications/unread-count
2026-07-02 16:32:44 [http-nio-8081-exec-10] DEBUG o.s.security.web.FilterChainProxy - Secured GET /api/v1/notifications/unread-count
2026-07-02 16:32:44 [http-nio-8081-exec-2] DEBUG o.s.security.web.FilterChainProxy - Securing GET /api/v1/notifications/stream?token=eyJhbGciOiJIUzI1NiJ9.eyJzdWIiOiJUdW5hLWFkbWluIiwicGVybWlzc2lvbnMiOlsiUk9MRV9BRE1JTiJdLCJpc3MiOiJkZXZ0ZXJpYS5jb20iLCJleHAiOjE3Nzk1MjAyNzUsImlhdCI6MTc3OTUxMzA3NSwidXNlcklkIjoiMGZiN2VkZjMtYzQ5YS00NTQ5LTg4YzUtNDk5OTMxNGEzMzFlIn0.bJu3f8N3VUhzhAlzxn07v98jJkgoo3H20isKAEyAScU
2026-07-02 16:32:44 [http-nio-8081-exec-2] DEBUG o.s.security.web.FilterChainProxy - Secured GET /api/v1/notifications/stream?token=eyJhbGciOiJIUzI1NiJ9.eyJzdWIiOiJUdW5hLWFkbWluIiwicGVybWlzc2lvbnMiOlsiUk9MRV9BRE1JTiJdLCJpc3MiOiJkZXZ0ZXJpYS5jb20iLCJleHAiOjE3Nzk1MjAyNzUsImlhdCI6MTc3OTUxMzA3NSwidXNlcklkIjoiMGZiN2VkZjMtYzQ5YS00NTQ5LTg4YzUtNDk5OTMxNGEzMzFlIn0.bJu3f8N3VUhzhAlzxn07v98jJkgoo3H20isKAEyAScU
2026-07-02 16:32:44 [http-nio-8081-exec-6] DEBUG o.s.security.web.FilterChainProxy - Securing GET /api/v1/notifications/unread-count
2026-07-02 16:32:44 [http-nio-8081-exec-6] DEBUG o.s.security.web.FilterChainProxy - Secured GET /api/v1/notifications/unread-count
2026-07-02 16:32:44 [http-nio-8081-exec-1] DEBUG o.s.security.web.FilterChainProxy - Securing GET /chat/conversations
2026-07-02 16:32:44 [http-nio-8081-exec-1] DEBUG o.s.security.web.FilterChainProxy - Secured GET /chat/conversations
2026-07-02 16:32:44 [http-nio-8081-exec-8] DEBUG o.s.security.web.FilterChainProxy - Securing GET /chat/conversations
2026-07-02 16:32:44 [http-nio-8081-exec-8] DEBUG o.s.security.web.FilterChainProxy - Secured GET /chat/conversations
2026-07-02 16:37:20 [SpringApplicationShutdownHook] INFO  o.s.boot.tomcat.GracefulShutdown - Commencing graceful shutdown. Waiting for active requests to complete
2026-07-02 16:37:50 [SpringApplicationShutdownHook] INFO  o.s.c.s.DefaultLifecycleProcessor - Shutdown phase 2147482623 ends with 1 bean still running after timeout of 30000ms: [webServerGracefulShutdown]
2026-07-02 16:37:50 [http-nio-8081-exec-4] DEBUG o.s.security.web.FilterChainProxy - Securing GET /api/v1/notifications/stream?token=eyJhbGciOiJIUzI1NiJ9.eyJzdWIiOiJUdW5hLWFkbWluIiwicGVybWlzc2lvbnMiOlsiUk9MRV9BRE1JTiJdLCJpc3MiOiJkZXZ0ZXJpYS5jb20iLCJleHAiOjE3Nzk1MjAyNzUsImlhdCI6MTc3OTUxMzA3NSwidXNlcklkIjoiMGZiN2VkZjMtYzQ5YS00NTQ5LTg4YzUtNDk5OTMxNGEzMzFlIn0.bJu3f8N3VUhzhAlzxn07v98jJkgoo3H20isKAEyAScU
2026-07-02 16:37:50 [http-nio-8081-exec-7] DEBUG o.s.security.web.FilterChainProxy - Securing GET /api/v1/notifications/stream?token=eyJhbGciOiJIUzI1NiJ9.eyJzdWIiOiJUdW5hLWFkbWluIiwicGVybWlzc2lvbnMiOlsiUk9MRV9BRE1JTiJdLCJpc3MiOiJkZXZ0ZXJpYS5jb20iLCJleHAiOjE3Nzk1MjAyNzUsImlhdCI6MTc3OTUxMzA3NSwidXNlcklkIjoiMGZiN2VkZjMtYzQ5YS00NTQ5LTg4YzUtNDk5OTMxNGEzMzFlIn0.bJu3f8N3VUhzhAlzxn07v98jJkgoo3H20isKAEyAScU
2026-07-02 16:37:50 [http-nio-8081-exec-7] DEBUG o.s.security.web.FilterChainProxy - Secured GET /api/v1/notifications/stream?token=eyJhbGciOiJIUzI1NiJ9.eyJzdWIiOiJUdW5hLWFkbWluIiwicGVybWlzc2lvbnMiOlsiUk9MRV9BRE1JTiJdLCJpc3MiOiJkZXZ0ZXJpYS5jb20iLCJleHAiOjE3Nzk1MjAyNzUsImlhdCI6MTc3OTUxMzA3NSwidXNlcklkIjoiMGZiN2VkZjMtYzQ5YS00NTQ5LTg4YzUtNDk5OTMxNGEzMzFlIn0.bJu3f8N3VUhzhAlzxn07v98jJkgoo3H20isKAEyAScU
2026-07-02 16:37:50 [http-nio-8081-exec-4] DEBUG o.s.security.web.FilterChainProxy - Secured GET /api/v1/notifications/stream?token=eyJhbGciOiJIUzI1NiJ9.eyJzdWIiOiJUdW5hLWFkbWluIiwicGVybWlzc2lvbnMiOlsiUk9MRV9BRE1JTiJdLCJpc3MiOiJkZXZ0ZXJpYS5jb20iLCJleHAiOjE3Nzk1MjAyNzUsImlhdCI6MTc3OTUxMzA3NSwidXNlcklkIjoiMGZiN2VkZjMtYzQ5YS00NTQ5LTg4YzUtNDk5OTMxNGEzMzFlIn0.bJu3f8N3VUhzhAlzxn07v98jJkgoo3H20isKAEyAScU
2026-07-02 16:37:50 [tomcat-shutdown] INFO  o.s.boot.tomcat.GracefulShutdown - Graceful shutdown aborted with one or more requests still active
2026-07-02 16:37:50 [http-nio-8081-exec-7] ERROR c.e.b.e.GlobalExceptionHandler - Unhandled Exception: 
org.springframework.web.context.request.async.AsyncRequestTimeoutException
	at org.springframework.web.context.request.async.TimeoutDeferredResultProcessingInterceptor.handleTimeout(TimeoutDeferredResultProcessingInterceptor.java:42)
	at org.springframework.web.context.request.async.DeferredResultInterceptorChain.triggerAfterTimeout(DeferredResultInterceptorChain.java:80)
	at org.springframework.web.context.request.async.WebAsyncManager.lambda$startDeferredResultProcessing$0(WebAsyncManager.java:426)
	at java.base/java.util.ArrayList.forEach(ArrayList.java:1511)
	at org.springframework.web.context.request.async.StandardServletAsyncWebRequest.onTimeout(StandardServletAsyncWebRequest.java:184)
	at org.apache.catalina.core.AsyncListenerWrapper.fireOnTimeout(AsyncListenerWrapper.java:44)
	at org.apache.catalina.core.AsyncContextImpl.timeout(AsyncContextImpl.java:136)
	at org.apache.catalina.connector.CoyoteAdapter.asyncDispatch(CoyoteAdapter.java:134)
	at org.apache.coyote.AbstractProcessor.dispatch(AbstractProcessor.java:242)
	at org.apache.coyote.AbstractProcessorLight.process(AbstractProcessorLight.java:57)
	at org.apache.coyote.AbstractProtocol$ConnectionHandler.process(AbstractProtocol.java:903)
	at org.apache.tomcat.util.net.NioEndpoint$SocketProcessor.doRun(NioEndpoint.java:1779)
	at org.apache.tomcat.util.net.SocketProcessorBase.run(SocketProcessorBase.java:52)
	at org.apache.tomcat.util.threads.ThreadPoolExecutor.runWorker(ThreadPoolExecutor.java:946)
	at org.apache.tomcat.util.threads.ThreadPoolExecutor$Worker.run(ThreadPoolExecutor.java:480)
	at org.apache.tomcat.util.threads.TaskThread$WrappingRunnable.run(TaskThread.java:57)
	at java.base/java.lang.Thread.run(Thread.java:840)
2026-07-02 16:37:50 [http-nio-8081-exec-4] ERROR c.e.b.e.GlobalExceptionHandler - Unhandled Exception: 
org.springframework.web.context.request.async.AsyncRequestTimeoutException
	at org.springframework.web.context.request.async.TimeoutDeferredResultProcessingInterceptor.handleTimeout(TimeoutDeferredResultProcessingInterceptor.java:42)
	at org.springframework.web.context.request.async.DeferredResultInterceptorChain.triggerAfterTimeout(DeferredResultInterceptorChain.java:80)
	at org.springframework.web.context.request.async.WebAsyncManager.lambda$startDeferredResultProcessing$0(WebAsyncManager.java:426)
	at java.base/java.util.ArrayList.forEach(ArrayList.java:1511)
	at org.springframework.web.context.request.async.StandardServletAsyncWebRequest.onTimeout(StandardServletAsyncWebRequest.java:184)
	at org.apache.catalina.core.AsyncListenerWrapper.fireOnTimeout(AsyncListenerWrapper.java:44)
	at org.apache.catalina.core.AsyncContextImpl.timeout(AsyncContextImpl.java:136)
	at org.apache.catalina.connector.CoyoteAdapter.asyncDispatch(CoyoteAdapter.java:134)
	at org.apache.coyote.AbstractProcessor.dispatch(AbstractProcessor.java:242)
	at org.apache.coyote.AbstractProcessorLight.process(AbstractProcessorLight.java:57)
	at org.apache.coyote.AbstractProtocol$ConnectionHandler.process(AbstractProtocol.java:903)
	at org.apache.tomcat.util.net.NioEndpoint$SocketProcessor.doRun(NioEndpoint.java:1779)
	at org.apache.tomcat.util.net.SocketProcessorBase.run(SocketProcessorBase.java:52)
	at org.apache.tomcat.util.threads.ThreadPoolExecutor.runWorker(ThreadPoolExecutor.java:946)
	at org.apache.tomcat.util.threads.ThreadPoolExecutor$Worker.run(ThreadPoolExecutor.java:480)
	at org.apache.tomcat.util.threads.TaskThread$WrappingRunnable.run(TaskThread.java:57)
	at java.base/java.lang.Thread.run(Thread.java:840)
2026-07-02 16:37:50 [http-nio-8081-exec-7] WARN  o.s.w.s.m.m.a.ExceptionHandlerExceptionResolver - Failure in @ExceptionHandler com.example.backend.exception.GlobalExceptionHandler#handleException(Exception)
org.springframework.http.converter.HttpMessageNotWritableException: No converter for [class com.example.backend.dto.response.ApiResponse] with preset Content-Type 'text/event-stream'
	at org.springframework.web.servlet.mvc.method.annotation.AbstractMessageConverterMethodProcessor.writeWithMessageConverters(AbstractMessageConverterMethodProcessor.java:364)
	at org.springframework.web.servlet.mvc.method.annotation.HttpEntityMethodProcessor.handleReturnValue(HttpEntityMethodProcessor.java:261)
	at org.springframework.web.method.support.HandlerMethodReturnValueHandlerComposite.handleReturnValue(HandlerMethodReturnValueHandlerComposite.java:78)
	at org.springframework.web.servlet.mvc.method.annotation.ServletInvocableHandlerMethod.invokeAndHandle(ServletInvocableHandlerMethod.java:135)
	at org.springframework.web.servlet.mvc.method.annotation.ExceptionHandlerExceptionResolver.doResolveHandlerMethodException(ExceptionHandlerExceptionResolver.java:460)
	at org.springframework.web.servlet.handler.AbstractHandlerMethodExceptionResolver.doResolveException(AbstractHandlerMethodExceptionResolver.java:72)
	at org.springframework.web.servlet.handler.AbstractHandlerExceptionResolver.resolveException(AbstractHandlerExceptionResolver.java:176)
	at org.springframework.web.servlet.handler.HandlerExceptionResolverComposite.resolveException(HandlerExceptionResolverComposite.java:78)
	at org.springframework.web.servlet.DispatcherServlet.processHandlerException(DispatcherServlet.java:1227)
	at org.springframework.web.servlet.DispatcherServlet.processDispatchResult(DispatcherServlet.java:1035)
	at org.springframework.web.servlet.DispatcherServlet.doDispatch(DispatcherServlet.java:980)
	at org.springframework.web.servlet.DispatcherServlet.doService(DispatcherServlet.java:866)
	at org.springframework.web.servlet.FrameworkServlet.processRequest(FrameworkServlet.java:1000)
	at org.springframework.web.servlet.FrameworkServlet.doGet(FrameworkServlet.java:892)
	at jakarta.servlet.http.HttpServlet.service(HttpServlet.java:622)
	at org.springframework.web.servlet.FrameworkServlet.service(FrameworkServlet.java:874)
	at jakarta.servlet.http.HttpServlet.service(HttpServlet.java:710)
	at org.apache.catalina.core.ApplicationFilterChain.doFilter(ApplicationFilterChain.java:128)
	at org.springframework.web.filter.OncePerRequestFilter.doFilter(OncePerRequestFilter.java:101)
	at org.apache.catalina.core.ApplicationFilterChain.doFilter(ApplicationFilterChain.java:107)
	at org.springframework.web.filter.CompositeFilter$VirtualFilterChain.doFilter(CompositeFilter.java:108)
	at org.springframework.security.web.FilterChainProxy.lambda$doFilterInternal$3(FilterChainProxy.java:235)
	at org.springframework.security.web.FilterChainProxy$VirtualFilterChain.doFilter(FilterChainProxy.java:371)
	at org.springframework.security.web.access.intercept.AuthorizationFilter.doFilter(AuthorizationFilter.java:101)
	at org.springframework.security.web.FilterChainProxy$VirtualFilterChain.doFilter(FilterChainProxy.java:380)
	at org.springframework.security.web.access.ExceptionTranslationFilter.doFilter(ExceptionTranslationFilter.java:126)
	at org.springframework.security.web.access.ExceptionTranslationFilter.doFilter(ExceptionTranslationFilter.java:120)
	at org.springframework.security.web.FilterChainProxy$VirtualFilterChain.doFilter(FilterChainProxy.java:380)
	at org.springframework.security.web.authentication.AnonymousAuthenticationFilter.doFilter(AnonymousAuthenticationFilter.java:100)
	at org.springframework.security.web.FilterChainProxy$VirtualFilterChain.doFilter(FilterChainProxy.java:380)
	at org.springframework.security.web.servletapi.SecurityContextHolderAwareRequestFilter.doFilter(SecurityContextHolderAwareRequestFilter.java:181)
	at org.springframework.security.web.FilterChainProxy$VirtualFilterChain.doFilter(FilterChainProxy.java:380)
	at org.springframework.security.web.savedrequest.RequestCacheAwareFilter.doFilter(RequestCacheAwareFilter.java:63)
	at org.springframework.security.web.FilterChainProxy$VirtualFilterChain.doFilter(FilterChainProxy.java:380)
	at org.springframework.web.filter.OncePerRequestFilter.doFilter(OncePerRequestFilter.java:101)
	at org.springframework.security.web.FilterChainProxy$VirtualFilterChain.doFilter(FilterChainProxy.java:380)
	at org.springframework.security.web.authentication.logout.LogoutFilter.doFilter(LogoutFilter.java:110)
	at org.springframework.security.web.authentication.logout.LogoutFilter.doFilter(LogoutFilter.java:96)
	at org.springframework.security.web.FilterChainProxy$VirtualFilterChain.doFilter(FilterChainProxy.java:380)
	at org.springframework.web.filter.OncePerRequestFilter.doFilter(OncePerRequestFilter.java:101)
	at org.springframework.security.web.FilterChainProxy$VirtualFilterChain.doFilter(FilterChainProxy.java:380)
	at org.springframework.web.filter.OncePerRequestFilter.doFilter(OncePerRequestFilter.java:101)
	at org.springframework.security.web.FilterChainProxy$VirtualFilterChain.doFilter(FilterChainProxy.java:380)
	at org.springframework.security.web.context.SecurityContextHolderFilter.doFilter(SecurityContextHolderFilter.java:82)
	at org.springframework.security.web.context.SecurityContextHolderFilter.doFilter(SecurityContextHolderFilter.java:69)
	at org.springframework.security.web.FilterChainProxy$VirtualFilterChain.doFilter(FilterChainProxy.java:380)
	at org.springframework.web.filter.OncePerRequestFilter.doFilter(OncePerRequestFilter.java:101)
	at org.springframework.security.web.FilterChainProxy$VirtualFilterChain.doFilter(FilterChainProxy.java:380)
	at org.springframework.web.filter.OncePerRequestFilter.doFilter(OncePerRequestFilter.java:101)
	at org.springframework.security.web.FilterChainProxy$VirtualFilterChain.doFilter(FilterChainProxy.java:380)
	at org.springframework.security.web.FilterChainProxy.doFilterInternal(FilterChainProxy.java:237)
	at org.springframework.security.web.FilterChainProxy.doFilter(FilterChainProxy.java:195)
	at org.springframework.web.filter.CompositeFilter$VirtualFilterChain.doFilter(CompositeFilter.java:113)
	at org.springframework.web.filter.ServletRequestPathFilter.doFilter(ServletRequestPathFilter.java:52)
	at org.springframework.web.filter.CompositeFilter$VirtualFilterChain.doFilter(CompositeFilter.java:113)
	at org.springframework.web.filter.CompositeFilter.doFilter(CompositeFilter.java:74)
	at org.springframework.security.config.annotation.web.configuration.WebSecurityConfiguration$CompositeFilterChainProxy.doFilter(WebSecurityConfiguration.java:317)
	at org.springframework.web.filter.DelegatingFilterProxy.invokeDelegate(DelegatingFilterProxy.java:355)
	at org.springframework.web.filter.DelegatingFilterProxy.doFilter(DelegatingFilterProxy.java:272)
	at org.apache.catalina.core.ApplicationFilterChain.doFilter(ApplicationFilterChain.java:107)
	at org.springframework.web.filter.RequestContextFilter.doFilterInternal(RequestContextFilter.java:100)
	at org.springframework.web.filter.OncePerRequestFilter.doFilter(OncePerRequestFilter.java:116)
	at org.apache.catalina.core.ApplicationFilterChain.doFilter(ApplicationFilterChain.java:107)
	at org.springframework.web.filter.OncePerRequestFilter.doFilter(OncePerRequestFilter.java:101)
	at org.apache.catalina.core.ApplicationFilterChain.doFilter(ApplicationFilterChain.java:107)
	at org.springframework.web.filter.OncePerRequestFilter.doFilter(OncePerRequestFilter.java:101)
	at org.apache.catalina.core.ApplicationFilterChain.doFilter(ApplicationFilterChain.java:107)
	at org.springframework.web.filter.OncePerRequestFilter.doFilter(OncePerRequestFilter.java:101)
	at org.apache.catalina.core.ApplicationFilterChain.doFilter(ApplicationFilterChain.java:107)
	at org.apache.catalina.core.ApplicationDispatcher.invoke(ApplicationDispatcher.java:513)
	at org.apache.catalina.core.ApplicationDispatcher.dispatch(ApplicationDispatcher.java:441)
	at org.apache.catalina.core.AsyncContextImpl$AsyncRunnable.run(AsyncContextImpl.java:585)
	at org.apache.catalina.core.AsyncContextImpl.doInternalDispatch(AsyncContextImpl.java:340)
	at org.apache.catalina.core.StandardWrapperValve.invoke(StandardWrapperValve.java:163)
	at org.apache.catalina.core.StandardContextValve.invoke(StandardContextValve.java:77)
	at org.apache.catalina.authenticator.AuthenticatorBase.invoke(AuthenticatorBase.java:492)
	at org.apache.catalina.core.StandardHostValve.invoke(StandardHostValve.java:113)
	at org.apache.catalina.valves.ErrorReportValve.invoke(ErrorReportValve.java:83)
	at org.apache.catalina.core.StandardEngineValve.invoke(StandardEngineValve.java:72)
	at org.apache.catalina.connector.CoyoteAdapter.asyncDispatch(CoyoteAdapter.java:238)
	at org.apache.coyote.AbstractProcessor.dispatch(AbstractProcessor.java:242)
	at org.apache.coyote.AbstractProcessorLight.process(AbstractProcessorLight.java:57)
	at org.apache.coyote.AbstractProtocol$ConnectionHandler.process(AbstractProtocol.java:903)
	at org.apache.tomcat.util.net.NioEndpoint$SocketProcessor.doRun(NioEndpoint.java:1779)
	at org.apache.tomcat.util.net.SocketProcessorBase.run(SocketProcessorBase.java:52)
	at org.apache.tomcat.util.threads.ThreadPoolExecutor.runWorker(ThreadPoolExecutor.java:946)
	at org.apache.tomcat.util.threads.ThreadPoolExecutor$Worker.run(ThreadPoolExecutor.java:480)
	at org.apache.tomcat.util.threads.TaskThread$WrappingRunnable.run(TaskThread.java:57)
	at java.base/java.lang.Thread.run(Thread.java:840)
2026-07-02 16:37:50 [http-nio-8081-exec-4] WARN  o.s.w.s.m.m.a.ExceptionHandlerExceptionResolver - Failure in @ExceptionHandler com.example.backend.exception.GlobalExceptionHandler#handleException(Exception)
org.springframework.http.converter.HttpMessageNotWritableException: No converter for [class com.example.backend.dto.response.ApiResponse] with preset Content-Type 'text/event-stream'
	at org.springframework.web.servlet.mvc.method.annotation.AbstractMessageConverterMethodProcessor.writeWithMessageConverters(AbstractMessageConverterMethodProcessor.java:364)
	at org.springframework.web.servlet.mvc.method.annotation.HttpEntityMethodProcessor.handleReturnValue(HttpEntityMethodProcessor.java:261)
	at org.springframework.web.method.support.HandlerMethodReturnValueHandlerComposite.handleReturnValue(HandlerMethodReturnValueHandlerComposite.java:78)
	at org.springframework.web.servlet.mvc.method.annotation.ServletInvocableHandlerMethod.invokeAndHandle(ServletInvocableHandlerMethod.java:135)
	at org.springframework.web.servlet.mvc.method.annotation.ExceptionHandlerExceptionResolver.doResolveHandlerMethodException(ExceptionHandlerExceptionResolver.java:460)
	at org.springframework.web.servlet.handler.AbstractHandlerMethodExceptionResolver.doResolveException(AbstractHandlerMethodExceptionResolver.java:72)
	at org.springframework.web.servlet.handler.AbstractHandlerExceptionResolver.resolveException(AbstractHandlerExceptionResolver.java:176)
	at org.springframework.web.servlet.handler.HandlerExceptionResolverComposite.resolveException(HandlerExceptionResolverComposite.java:78)
	at org.springframework.web.servlet.DispatcherServlet.processHandlerException(DispatcherServlet.java:1227)
	at org.springframework.web.servlet.DispatcherServlet.processDispatchResult(DispatcherServlet.java:1035)
	at org.springframework.web.servlet.DispatcherServlet.doDispatch(DispatcherServlet.java:980)
	at org.springframework.web.servlet.DispatcherServlet.doService(DispatcherServlet.java:866)
	at org.springframework.web.servlet.FrameworkServlet.processRequest(FrameworkServlet.java:1000)
	at org.springframework.web.servlet.FrameworkServlet.doGet(FrameworkServlet.java:892)
	at jakarta.servlet.http.HttpServlet.service(HttpServlet.java:622)
	at org.springframework.web.servlet.FrameworkServlet.service(FrameworkServlet.java:874)
	at jakarta.servlet.http.HttpServlet.service(HttpServlet.java:710)
	at org.apache.catalina.core.ApplicationFilterChain.doFilter(ApplicationFilterChain.java:128)
	at org.springframework.web.filter.OncePerRequestFilter.doFilter(OncePerRequestFilter.java:101)
	at org.apache.catalina.core.ApplicationFilterChain.doFilter(ApplicationFilterChain.java:107)
	at org.springframework.web.filter.CompositeFilter$VirtualFilterChain.doFilter(CompositeFilter.java:108)
	at org.springframework.security.web.FilterChainProxy.lambda$doFilterInternal$3(FilterChainProxy.java:235)
	at org.springframework.security.web.FilterChainProxy$VirtualFilterChain.doFilter(FilterChainProxy.java:371)
	at org.springframework.security.web.access.intercept.AuthorizationFilter.doFilter(AuthorizationFilter.java:101)
	at org.springframework.security.web.FilterChainProxy$VirtualFilterChain.doFilter(FilterChainProxy.java:380)
	at org.springframework.security.web.access.ExceptionTranslationFilter.doFilter(ExceptionTranslationFilter.java:126)
	at org.springframework.security.web.access.ExceptionTranslationFilter.doFilter(ExceptionTranslationFilter.java:120)
	at org.springframework.security.web.FilterChainProxy$VirtualFilterChain.doFilter(FilterChainProxy.java:380)
	at org.springframework.security.web.authentication.AnonymousAuthenticationFilter.doFilter(AnonymousAuthenticationFilter.java:100)
	at org.springframework.security.web.FilterChainProxy$VirtualFilterChain.doFilter(FilterChainProxy.java:380)
	at org.springframework.security.web.servletapi.SecurityContextHolderAwareRequestFilter.doFilter(SecurityContextHolderAwareRequestFilter.java:181)
	at org.springframework.security.web.FilterChainProxy$VirtualFilterChain.doFilter(FilterChainProxy.java:380)
	at org.springframework.security.web.savedrequest.RequestCacheAwareFilter.doFilter(RequestCacheAwareFilter.java:63)
	at org.springframework.security.web.FilterChainProxy$VirtualFilterChain.doFilter(FilterChainProxy.java:380)
	at org.springframework.web.filter.OncePerRequestFilter.doFilter(OncePerRequestFilter.java:101)
	at org.springframework.security.web.FilterChainProxy$VirtualFilterChain.doFilter(FilterChainProxy.java:380)
	at org.springframework.security.web.authentication.logout.LogoutFilter.doFilter(LogoutFilter.java:110)
	at org.springframework.security.web.authentication.logout.LogoutFilter.doFilter(LogoutFilter.java:96)
	at org.springframework.security.web.FilterChainProxy$VirtualFilterChain.doFilter(FilterChainProxy.java:380)
	at org.springframework.web.filter.OncePerRequestFilter.doFilter(OncePerRequestFilter.java:101)
	at org.springframework.security.web.FilterChainProxy$VirtualFilterChain.doFilter(FilterChainProxy.java:380)
	at org.springframework.web.filter.OncePerRequestFilter.doFilter(OncePerRequestFilter.java:101)
	at org.springframework.security.web.FilterChainProxy$VirtualFilterChain.doFilter(FilterChainProxy.java:380)
	at org.springframework.security.web.context.SecurityContextHolderFilter.doFilter(SecurityContextHolderFilter.java:82)
	at org.springframework.security.web.context.SecurityContextHolderFilter.doFilter(SecurityContextHolderFilter.java:69)
	at org.springframework.security.web.FilterChainProxy$VirtualFilterChain.doFilter(FilterChainProxy.java:380)
	at org.springframework.web.filter.OncePerRequestFilter.doFilter(OncePerRequestFilter.java:101)
	at org.springframework.security.web.FilterChainProxy$VirtualFilterChain.doFilter(FilterChainProxy.java:380)
	at org.springframework.web.filter.OncePerRequestFilter.doFilter(OncePerRequestFilter.java:101)
	at org.springframework.security.web.FilterChainProxy$VirtualFilterChain.doFilter(FilterChainProxy.java:380)
	at org.springframework.security.web.FilterChainProxy.doFilterInternal(FilterChainProxy.java:237)
	at org.springframework.security.web.FilterChainProxy.doFilter(FilterChainProxy.java:195)
	at org.springframework.web.filter.CompositeFilter$VirtualFilterChain.doFilter(CompositeFilter.java:113)
	at org.springframework.web.filter.ServletRequestPathFilter.doFilter(ServletRequestPathFilter.java:52)
	at org.springframework.web.filter.CompositeFilter$VirtualFilterChain.doFilter(CompositeFilter.java:113)
	at org.springframework.web.filter.CompositeFilter.doFilter(CompositeFilter.java:74)
	at org.springframework.security.config.annotation.web.configuration.WebSecurityConfiguration$CompositeFilterChainProxy.doFilter(WebSecurityConfiguration.java:317)
	at org.springframework.web.filter.DelegatingFilterProxy.invokeDelegate(DelegatingFilterProxy.java:355)
	at org.springframework.web.filter.DelegatingFilterProxy.doFilter(DelegatingFilterProxy.java:272)
	at org.apache.catalina.core.ApplicationFilterChain.doFilter(ApplicationFilterChain.java:107)
	at org.springframework.web.filter.RequestContextFilter.doFilterInternal(RequestContextFilter.java:100)
	at org.springframework.web.filter.OncePerRequestFilter.doFilter(OncePerRequestFilter.java:116)
	at org.apache.catalina.core.ApplicationFilterChain.doFilter(ApplicationFilterChain.java:107)
	at org.springframework.web.filter.OncePerRequestFilter.doFilter(OncePerRequestFilter.java:101)
	at org.apache.catalina.core.ApplicationFilterChain.doFilter(ApplicationFilterChain.java:107)
	at org.springframework.web.filter.OncePerRequestFilter.doFilter(OncePerRequestFilter.java:101)
	at org.apache.catalina.core.ApplicationFilterChain.doFilter(ApplicationFilterChain.java:107)
	at org.springframework.web.filter.OncePerRequestFilter.doFilter(OncePerRequestFilter.java:101)
	at org.apache.catalina.core.ApplicationFilterChain.doFilter(ApplicationFilterChain.java:107)
	at org.apache.catalina.core.ApplicationDispatcher.invoke(ApplicationDispatcher.java:513)
	at org.apache.catalina.core.ApplicationDispatcher.dispatch(ApplicationDispatcher.java:441)
	at org.apache.catalina.core.AsyncContextImpl$AsyncRunnable.run(AsyncContextImpl.java:585)
	at org.apache.catalina.core.AsyncContextImpl.doInternalDispatch(AsyncContextImpl.java:340)
	at org.apache.catalina.core.StandardWrapperValve.invoke(StandardWrapperValve.java:163)
	at org.apache.catalina.core.StandardContextValve.invoke(StandardContextValve.java:77)
	at org.apache.catalina.authenticator.AuthenticatorBase.invoke(AuthenticatorBase.java:492)
	at org.apache.catalina.core.StandardHostValve.invoke(StandardHostValve.java:113)
	at org.apache.catalina.valves.ErrorReportValve.invoke(ErrorReportValve.java:83)
	at org.apache.catalina.core.StandardEngineValve.invoke(StandardEngineValve.java:72)
	at org.apache.catalina.connector.CoyoteAdapter.asyncDispatch(CoyoteAdapter.java:238)
	at org.apache.coyote.AbstractProcessor.dispatch(AbstractProcessor.java:242)
	at org.apache.coyote.AbstractProcessorLight.process(AbstractProcessorLight.java:57)
	at org.apache.coyote.AbstractProtocol$ConnectionHandler.process(AbstractProtocol.java:903)
	at org.apache.tomcat.util.net.NioEndpoint$SocketProcessor.doRun(NioEndpoint.java:1779)
	at org.apache.tomcat.util.net.SocketProcessorBase.run(SocketProcessorBase.java:52)
	at org.apache.tomcat.util.threads.ThreadPoolExecutor.runWorker(ThreadPoolExecutor.java:946)
	at org.apache.tomcat.util.threads.ThreadPoolExecutor$Worker.run(ThreadPoolExecutor.java:480)
	at org.apache.tomcat.util.threads.TaskThread$WrappingRunnable.run(TaskThread.java:57)
	at java.base/java.lang.Thread.run(Thread.java:840)
2026-07-02 16:37:50 [http-nio-8081-exec-4] WARN  o.s.w.s.m.s.DefaultHandlerExceptionResolver - Ignoring exception, response committed already: org.springframework.web.context.request.async.AsyncRequestTimeoutException
2026-07-02 16:37:50 [http-nio-8081-exec-7] WARN  o.s.w.s.m.s.DefaultHandlerExceptionResolver - Ignoring exception, response committed already: org.springframework.web.context.request.async.AsyncRequestTimeoutException
2026-07-02 16:37:50 [http-nio-8081-exec-4] WARN  o.s.w.s.m.s.DefaultHandlerExceptionResolver - Resolved [org.springframework.web.context.request.async.AsyncRequestTimeoutException]
2026-07-02 16:37:50 [http-nio-8081-exec-7] WARN  o.s.w.s.m.s.DefaultHandlerExceptionResolver - Resolved [org.springframework.web.context.request.async.AsyncRequestTimeoutException]
2026-07-02 16:37:50 [http-nio-8081-exec-7] DEBUG o.s.s.w.a.AnonymousAuthenticationFilter - Set SecurityContextHolder to anonymous SecurityContext
2026-07-02 16:37:50 [http-nio-8081-exec-4] DEBUG o.s.s.w.a.AnonymousAuthenticationFilter - Set SecurityContextHolder to anonymous SecurityContext
2026-07-02 16:37:50 [SpringApplicationShutdownHook] INFO  o.s.m.s.b.SimpleBrokerMessageHandler - Stopping...
2026-07-02 16:37:50 [SpringApplicationShutdownHook] INFO  o.s.m.s.b.SimpleBrokerMessageHandler - BrokerAvailabilityEvent[available=false, SimpleBrokerMessageHandler [org.springframework.messaging.simp.broker.DefaultSubscriptionRegistry@710225a6]]
2026-07-02 16:37:50 [SpringApplicationShutdownHook] INFO  o.s.m.s.b.SimpleBrokerMessageHandler - Stopped.
2026-07-02 16:37:50 [SpringApplicationShutdownHook] INFO  o.s.o.j.LocalContainerEntityManagerFactoryBean - Closing JPA EntityManagerFactory for persistence unit 'default'
2026-07-02 16:37:50 [SpringApplicationShutdownHook] INFO  com.zaxxer.hikari.HikariDataSource - HikariPool-1 - Shutdown initiated...
2026-07-02 16:37:50 [SpringApplicationShutdownHook] INFO  com.zaxxer.hikari.HikariDataSource - HikariPool-1 - Shutdown completed.
2026-07-02 16:37:57 [main] INFO  c.example.backend.BackendApplication - Starting BackendApplication using Java 17.0.18 with PID 5028 (D:\DATN\VietnamPhoto\backend\target\classes started by Tuna in D:\DATN\VietnamPhoto)
2026-07-02 16:37:57 [main] DEBUG c.example.backend.BackendApplication - Running with Spring Boot v4.0.3, Spring v7.0.5
2026-07-02 16:37:57 [main] INFO  c.example.backend.BackendApplication - No active profile set, falling back to 1 default profile: "default"
2026-07-02 16:37:57 [background-preinit] INFO  o.h.validator.internal.util.Version - HV000001: Hibernate Validator 9.0.1.Final
2026-07-02 16:37:58 [main] INFO  o.s.d.r.c.RepositoryConfigurationDelegate - Bootstrapping Spring Data JPA repositories in DEFAULT mode.
2026-07-02 16:37:58 [main] INFO  o.s.d.r.c.RepositoryConfigurationDelegate - Finished Spring Data repository scanning in 160 ms. Found 17 JPA repository interfaces.
2026-07-02 16:37:59 [main] INFO  o.s.boot.tomcat.TomcatWebServer - Tomcat initialized with port 8081 (http)
2026-07-02 16:37:59 [main] INFO  o.a.coyote.http11.Http11NioProtocol - Initializing ProtocolHandler ["http-nio-8081"]
2026-07-02 16:37:59 [main] INFO  o.a.catalina.core.StandardService - Starting service [Tomcat]
2026-07-02 16:37:59 [main] INFO  o.a.catalina.core.StandardEngine - Starting Servlet engine: [Apache Tomcat/11.0.18]
2026-07-02 16:37:59 [main] INFO  o.s.b.w.c.s.WebApplicationContextInitializer - Root WebApplicationContext: initialization completed in 2245 ms
2026-07-02 16:38:00 [main] DEBUG c.e.b.config.security.JwtFilter - Filter 'jwtFilter' configured for use
2026-07-02 16:38:00 [main] INFO  org.hibernate.orm.jpa - HHH008540: Processing PersistenceUnitInfo [name: default]
2026-07-02 16:38:00 [main] INFO  org.hibernate.orm.core - HHH000001: Hibernate ORM core version 7.2.4.Final
2026-07-02 16:38:01 [main] INFO  o.s.o.j.p.SpringPersistenceUnitInfo - No LoadTimeWeaver setup: ignoring JPA class transformer
2026-07-02 16:38:01 [main] INFO  com.zaxxer.hikari.HikariDataSource - HikariPool-1 - Starting...
2026-07-02 16:38:01 [main] INFO  com.zaxxer.hikari.pool.HikariPool - HikariPool-1 - Added connection com.mysql.cj.jdbc.ConnectionImpl@6fdb1a59
2026-07-02 16:38:01 [main] INFO  com.zaxxer.hikari.HikariDataSource - HikariPool-1 - Start completed.
2026-07-02 16:38:01 [main] INFO  o.hibernate.orm.connections.pooling - HHH10001005: Database info:
	Database JDBC URL [jdbc:mysql://localhost:3306/VNScout]
	Database driver: MySQL Connector/J
	Database dialect: MySQLDialect
	Database version: 8.0.46
	Default catalog/schema: VNScout/undefined
	Autocommit mode: undefined/unknown
	Isolation level: REPEATABLE_READ [default REPEATABLE_READ]
	JDBC fetch size: none
	Pool: DataSourceConnectionProvider
	Minimum pool size: undefined/unknown
	Maximum pool size: undefined/unknown
2026-07-02 16:38:02 [main] INFO  org.hibernate.orm.core - HHH000489: No JTA platform available (set 'hibernate.transaction.jta.platform' to enable JTA platform integration)
2026-07-02 16:38:03 [main] INFO  o.s.o.j.LocalContainerEntityManagerFactoryBean - Initialized JPA EntityManagerFactory for persistence unit 'default'
2026-07-02 16:38:03 [main] INFO  o.s.d.j.r.q.QueryEnhancerFactories - Hibernate is in classpath; If applicable, HQL parser will be used.
2026-07-02 16:38:04 [main] INFO  c.e.b.s.banned.BadWordFilterService - Loaded 578 bad words from database into memory.
2026-07-02 16:38:05 [main] WARN  o.s.b.j.a.JpaBaseConfiguration$JpaWebConfiguration - spring.jpa.open-in-view is enabled by default. Therefore, database queries may be performed during view rendering. Explicitly configure spring.jpa.open-in-view to disable this warning
2026-07-02 16:38:05 [main] WARN  o.s.b.s.a.UserDetailsServiceAutoConfiguration - 

Using generated security password: 8c4ff568-29e2-4fb0-9d6b-250e63ccda2b

This generated password is for development use only. Your security configuration must be updated before running your application in production.

2026-07-02 16:38:05 [main] INFO  o.s.s.c.a.a.c.InitializeUserDetailsBeanManagerConfigurer$InitializeUserDetailsManagerConfigurer - Global AuthenticationManager configured with UserDetailsService bean with name inMemoryUserDetailsManager
2026-07-02 16:38:05 [main] DEBUG o.s.s.web.DefaultSecurityFilterChain - Will secure any request with filters: DisableEncodeUrlFilter, WebAsyncManagerIntegrationFilter, SecurityContextHolderFilter, HeaderWriterFilter, CorsFilter, LogoutFilter, JwtFilter, RequestCacheAwareFilter, SecurityContextHolderAwareRequestFilter, AnonymousAuthenticationFilter, ExceptionTranslationFilter, AuthorizationFilter
2026-07-02 16:38:06 [main] INFO  o.s.m.s.b.SimpleBrokerMessageHandler - Starting...
2026-07-02 16:38:06 [main] INFO  o.s.m.s.b.SimpleBrokerMessageHandler - BrokerAvailabilityEvent[available=true, SimpleBrokerMessageHandler [org.springframework.messaging.simp.broker.DefaultSubscriptionRegistry@23e585e4]]
2026-07-02 16:38:06 [main] INFO  o.s.m.s.b.SimpleBrokerMessageHandler - Started.
2026-07-02 16:38:06 [main] INFO  o.a.coyote.http11.Http11NioProtocol - Starting ProtocolHandler ["http-nio-8081"]
2026-07-02 16:38:06 [main] INFO  o.s.boot.tomcat.TomcatWebServer - Tomcat started on port 8081 (http) with context path '/'
2026-07-02 16:38:06 [main] INFO  c.example.backend.BackendApplication - Started BackendApplication in 9.242 seconds (process running for 9.871)
2026-07-02 16:38:06 [main] INFO  c.e.b.c.i.BannedWordDataInitializer - Banned words already initialized. Skip import.
2026-07-02 16:38:14 [http-nio-8081-exec-1] INFO  o.a.c.c.C.[Tomcat].[localhost].[/] - Initializing Spring DispatcherServlet 'dispatcherServlet'
2026-07-02 16:38:14 [http-nio-8081-exec-1] INFO  o.s.web.servlet.DispatcherServlet - Initializing Servlet 'dispatcherServlet'
2026-07-02 16:38:14 [http-nio-8081-exec-1] INFO  o.s.web.servlet.DispatcherServlet - Completed initialization in 2 ms
2026-07-02 16:38:14 [http-nio-8081-exec-3] DEBUG o.s.security.web.FilterChainProxy - Securing GET /api/v1/notifications/unread-count
2026-07-02 16:38:14 [http-nio-8081-exec-3] WARN  o.s.w.s.h.HandlerMappingIntrospector - Cache miss for REQUEST dispatch to '/api/v1/notifications/unread-count' (previous null). Performing CorsConfiguration lookup. This is logged once only at WARN level, and every time at TRACE.
2026-07-02 16:38:14 [http-nio-8081-exec-3] DEBUG o.s.security.web.FilterChainProxy - Secured GET /api/v1/notifications/unread-count
2026-07-02 16:38:17 [http-nio-8081-exec-5] DEBUG o.s.security.web.FilterChainProxy - Securing GET /api/locations/7a84b328-90c4-439b-b705-a3516a5e358f
2026-07-02 16:38:17 [http-nio-8081-exec-6] DEBUG o.s.security.web.FilterChainProxy - Securing GET /users/me
2026-07-02 16:38:17 [http-nio-8081-exec-5] DEBUG o.s.security.web.FilterChainProxy - Secured GET /api/locations/7a84b328-90c4-439b-b705-a3516a5e358f
2026-07-02 16:38:17 [http-nio-8081-exec-6] DEBUG o.s.security.web.FilterChainProxy - Secured GET /users/me
2026-07-02 16:38:17 [http-nio-8081-exec-8] DEBUG o.s.security.web.FilterChainProxy - Securing GET /api/v1/posts/location/7a84b328-90c4-439b-b705-a3516a5e358f?size=50
2026-07-02 16:38:17 [http-nio-8081-exec-8] DEBUG o.s.security.web.FilterChainProxy - Secured GET /api/v1/posts/location/7a84b328-90c4-439b-b705-a3516a5e358f?size=50
2026-07-02 16:38:18 [http-nio-8081-exec-9] DEBUG o.s.security.web.FilterChainProxy - Securing GET /api/v1/notifications/unread-count
2026-07-02 16:38:18 [http-nio-8081-exec-9] DEBUG o.s.security.web.FilterChainProxy - Secured GET /api/v1/notifications/unread-count
2026-07-02 16:38:18 [http-nio-8081-exec-10] DEBUG o.s.security.web.FilterChainProxy - Securing GET /api/v1/notifications/stream?token=eyJhbGciOiJIUzI1NiJ9.eyJzdWIiOiJUdW5hLWFkbWluIiwicGVybWlzc2lvbnMiOlsiUk9MRV9BRE1JTiJdLCJpc3MiOiJkZXZ0ZXJpYS5jb20iLCJleHAiOjE3Nzk1MjAyNzUsImlhdCI6MTc3OTUxMzA3NSwidXNlcklkIjoiMGZiN2VkZjMtYzQ5YS00NTQ5LTg4YzUtNDk5OTMxNGEzMzFlIn0.bJu3f8N3VUhzhAlzxn07v98jJkgoo3H20isKAEyAScU
2026-07-02 16:38:18 [http-nio-8081-exec-10] DEBUG o.s.security.web.FilterChainProxy - Secured GET /api/v1/notifications/stream?token=eyJhbGciOiJIUzI1NiJ9.eyJzdWIiOiJUdW5hLWFkbWluIiwicGVybWlzc2lvbnMiOlsiUk9MRV9BRE1JTiJdLCJpc3MiOiJkZXZ0ZXJpYS5jb20iLCJleHAiOjE3Nzk1MjAyNzUsImlhdCI6MTc3OTUxMzA3NSwidXNlcklkIjoiMGZiN2VkZjMtYzQ5YS00NTQ5LTg4YzUtNDk5OTMxNGEzMzFlIn0.bJu3f8N3VUhzhAlzxn07v98jJkgoo3H20isKAEyAScU
2026-07-02 16:38:18 [http-nio-8081-exec-1] DEBUG o.s.security.web.FilterChainProxy - Securing GET /api/v1/notifications/unread-count
2026-07-02 16:38:18 [http-nio-8081-exec-1] DEBUG o.s.security.web.FilterChainProxy - Secured GET /api/v1/notifications/unread-count
2026-07-02 16:38:18 [http-nio-8081-exec-4] DEBUG o.s.security.web.FilterChainProxy - Securing GET /chat/conversations
2026-07-02 16:38:18 [http-nio-8081-exec-4] DEBUG o.s.security.web.FilterChainProxy - Secured GET /chat/conversations
2026-07-02 16:38:18 [http-nio-8081-exec-8] WARN  o.s.d.w.c.SpringDataJackson3Configuration$PageModule$WarningLoggingModifier - Serializing PageImpl instances as-is is not supported, meaning that there is no guarantee about the stability of the resulting JSON structure!
	For a stable JSON structure, please use Spring Data's PagedModel (globally via @EnableSpringDataWebSupport(pageSerializationMode = VIA_DTO))
	or Spring HATEOAS and Spring Data's PagedResourcesAssembler as documented in https://docs.spring.io/spring-data/commons/reference/repositories/core-extensions.html#core.web.pageables.

2026-07-02 16:38:18 [http-nio-8081-exec-5] DEBUG o.s.security.web.FilterChainProxy - Securing GET /chat/conversations
2026-07-02 16:38:18 [http-nio-8081-exec-5] DEBUG o.s.security.web.FilterChainProxy - Secured GET /chat/conversations
2026-07-02 16:39:06 [MessageBroker-1] INFO  o.s.w.s.c.WebSocketMessageBrokerStats - WebSocketSession[0 current WS(0)-HttpStream(0)-HttpPoll(0), 0 total, 0 closed abnormally (0 connect failure, 0 send limit, 0 transport error)], stompSubProtocol[processed CONNECT(0)-CONNECTED(0)-DISCONNECT(0)], stompBrokerRelay[null], inboundChannel[pool size = 0, active threads = 0, queued tasks = 0, completed tasks = 0], outboundChannel[pool size = 0, active threads = 0, queued tasks = 0, completed tasks = 0], sockJsScheduler[pool size = 1, active threads = 1, queued tasks = 0, completed tasks = 0]
2026-07-02 16:39:58 [SpringApplicationShutdownHook] INFO  o.s.boot.tomcat.GracefulShutdown - Commencing graceful shutdown. Waiting for active requests to complete
2026-07-02 16:40:06 [main] INFO  c.example.backend.BackendApplication - Starting BackendApplication using Java 17.0.18 with PID 4396 (D:\DATN\VietnamPhoto\backend\target\classes started by Tuna in D:\DATN\VietnamPhoto)
2026-07-02 16:40:06 [main] DEBUG c.example.backend.BackendApplication - Running with Spring Boot v4.0.3, Spring v7.0.5
2026-07-02 16:40:06 [main] INFO  c.example.backend.BackendApplication - No active profile set, falling back to 1 default profile: "default"
2026-07-02 16:40:06 [background-preinit] INFO  o.h.validator.internal.util.Version - HV000001: Hibernate Validator 9.0.1.Final
2026-07-02 16:40:07 [main] INFO  o.s.d.r.c.RepositoryConfigurationDelegate - Bootstrapping Spring Data JPA repositories in DEFAULT mode.
2026-07-02 16:40:07 [main] INFO  o.s.d.r.c.RepositoryConfigurationDelegate - Finished Spring Data repository scanning in 146 ms. Found 17 JPA repository interfaces.
2026-07-02 16:40:09 [main] INFO  o.s.boot.tomcat.TomcatWebServer - Tomcat initialized with port 8081 (http)
2026-07-02 16:40:09 [main] INFO  o.s.b.w.c.s.WebApplicationContextInitializer - Root WebApplicationContext: initialization completed in 2397 ms
2026-07-02 16:40:09 [main] DEBUG c.e.b.config.security.JwtFilter - Filter 'jwtFilter' configured for use
2026-07-02 16:40:09 [main] INFO  org.hibernate.orm.jpa - HHH008540: Processing PersistenceUnitInfo [name: default]
2026-07-02 16:40:09 [main] INFO  org.hibernate.orm.core - HHH000001: Hibernate ORM core version 7.2.4.Final
2026-07-02 16:40:10 [main] INFO  o.s.o.j.p.SpringPersistenceUnitInfo - No LoadTimeWeaver setup: ignoring JPA class transformer
2026-07-02 16:40:10 [main] INFO  com.zaxxer.hikari.HikariDataSource - HikariPool-1 - Starting...
2026-07-02 16:40:10 [main] INFO  com.zaxxer.hikari.pool.HikariPool - HikariPool-1 - Added connection com.mysql.cj.jdbc.ConnectionImpl@6148827c
2026-07-02 16:40:10 [main] INFO  com.zaxxer.hikari.HikariDataSource - HikariPool-1 - Start completed.
2026-07-02 16:40:10 [main] INFO  o.hibernate.orm.connections.pooling - HHH10001005: Database info:
	Database JDBC URL [jdbc:mysql://localhost:3306/VNScout]
	Database driver: MySQL Connector/J
	Database dialect: MySQLDialect
	Database version: 8.0.46
	Default catalog/schema: VNScout/undefined
	Autocommit mode: undefined/unknown
	Isolation level: REPEATABLE_READ [default REPEATABLE_READ]
	JDBC fetch size: none
	Pool: DataSourceConnectionProvider
	Minimum pool size: undefined/unknown
	Maximum pool size: undefined/unknown
2026-07-02 16:40:12 [main] INFO  org.hibernate.orm.core - HHH000489: No JTA platform available (set 'hibernate.transaction.jta.platform' to enable JTA platform integration)
2026-07-02 16:40:12 [main] INFO  o.s.o.j.LocalContainerEntityManagerFactoryBean - Initialized JPA EntityManagerFactory for persistence unit 'default'
2026-07-02 16:40:12 [main] INFO  o.s.d.j.r.q.QueryEnhancerFactories - Hibernate is in classpath; If applicable, HQL parser will be used.
2026-07-02 16:40:14 [main] INFO  c.e.b.s.banned.BadWordFilterService - Loaded 578 bad words from database into memory.
2026-07-02 16:40:15 [main] WARN  o.s.b.j.a.JpaBaseConfiguration$JpaWebConfiguration - spring.jpa.open-in-view is enabled by default. Therefore, database queries may be performed during view rendering. Explicitly configure spring.jpa.open-in-view to disable this warning
2026-07-02 16:40:15 [main] WARN  o.s.b.s.a.UserDetailsServiceAutoConfiguration - 

Using generated security password: a46df39b-12a1-40bb-8b71-3f3e37001194

This generated password is for development use only. Your security configuration must be updated before running your application in production.

2026-07-02 16:40:15 [main] INFO  o.s.s.c.a.a.c.InitializeUserDetailsBeanManagerConfigurer$InitializeUserDetailsManagerConfigurer - Global AuthenticationManager configured with UserDetailsService bean with name inMemoryUserDetailsManager
2026-07-02 16:40:15 [main] DEBUG o.s.s.web.DefaultSecurityFilterChain - Will secure any request with filters: DisableEncodeUrlFilter, WebAsyncManagerIntegrationFilter, SecurityContextHolderFilter, HeaderWriterFilter, CorsFilter, LogoutFilter, JwtFilter, RequestCacheAwareFilter, SecurityContextHolderAwareRequestFilter, AnonymousAuthenticationFilter, ExceptionTranslationFilter, AuthorizationFilter
2026-07-02 16:40:16 [main] INFO  o.s.m.s.b.SimpleBrokerMessageHandler - Starting...
2026-07-02 16:40:16 [main] INFO  o.s.m.s.b.SimpleBrokerMessageHandler - BrokerAvailabilityEvent[available=true, SimpleBrokerMessageHandler [org.springframework.messaging.simp.broker.DefaultSubscriptionRegistry@51bcb07f]]
2026-07-02 16:40:16 [main] INFO  o.s.m.s.b.SimpleBrokerMessageHandler - Started.
2026-07-02 16:40:16 [main] INFO  o.s.boot.tomcat.TomcatWebServer - Tomcat started on port 8081 (http) with context path '/'
2026-07-02 16:40:16 [main] INFO  c.example.backend.BackendApplication - Started BackendApplication in 10.059 seconds (process running for 10.587)
2026-07-02 16:40:16 [SpringApplicationShutdownHook] INFO  o.s.boot.tomcat.GracefulShutdown - Commencing graceful shutdown. Waiting for active requests to complete
2026-07-02 16:40:16 [tomcat-shutdown] INFO  o.s.boot.tomcat.GracefulShutdown - Graceful shutdown complete
2026-07-02 16:40:16 [SpringApplicationShutdownHook] INFO  o.s.m.s.b.SimpleBrokerMessageHandler - Stopping...
2026-07-02 16:40:16 [SpringApplicationShutdownHook] INFO  o.s.m.s.b.SimpleBrokerMessageHandler - BrokerAvailabilityEvent[available=false, SimpleBrokerMessageHandler [org.springframework.messaging.simp.broker.DefaultSubscriptionRegistry@51bcb07f]]
2026-07-02 16:40:16 [SpringApplicationShutdownHook] INFO  o.s.m.s.b.SimpleBrokerMessageHandler - Stopped.
2026-07-02 16:40:16 [SpringApplicationShutdownHook] INFO  o.s.o.j.LocalContainerEntityManagerFactoryBean - Closing JPA EntityManagerFactory for persistence unit 'default'
2026-07-02 16:40:16 [SpringApplicationShutdownHook] INFO  com.zaxxer.hikari.HikariDataSource - HikariPool-1 - Shutdown initiated...
2026-07-02 16:40:16 [SpringApplicationShutdownHook] INFO  com.zaxxer.hikari.HikariDataSource - HikariPool-1 - Shutdown completed.
2026-07-02 16:40:20 [main] INFO  c.example.backend.BackendApplication - Starting BackendApplication using Java 17.0.18 with PID 36836 (D:\DATN\VietnamPhoto\backend\target\classes started by Tuna in D:\DATN\VietnamPhoto)
2026-07-02 16:40:20 [main] DEBUG c.example.backend.BackendApplication - Running with Spring Boot v4.0.3, Spring v7.0.5
2026-07-02 16:40:20 [main] INFO  c.example.backend.BackendApplication - No active profile set, falling back to 1 default profile: "default"
2026-07-02 16:40:20 [background-preinit] INFO  o.h.validator.internal.util.Version - HV000001: Hibernate Validator 9.0.1.Final
2026-07-02 16:40:21 [main] INFO  o.s.d.r.c.RepositoryConfigurationDelegate - Bootstrapping Spring Data JPA repositories in DEFAULT mode.
2026-07-02 16:40:21 [main] INFO  o.s.d.r.c.RepositoryConfigurationDelegate - Finished Spring Data repository scanning in 137 ms. Found 17 JPA repository interfaces.
2026-07-02 16:40:22 [main] INFO  o.s.boot.tomcat.TomcatWebServer - Tomcat initialized with port 8081 (http)
2026-07-02 16:40:22 [main] INFO  o.a.coyote.http11.Http11NioProtocol - Initializing ProtocolHandler ["http-nio-8081"]
2026-07-02 16:40:22 [main] INFO  o.a.catalina.core.StandardService - Starting service [Tomcat]
2026-07-02 16:40:22 [main] INFO  o.a.catalina.core.StandardEngine - Starting Servlet engine: [Apache Tomcat/11.0.18]
2026-07-02 16:40:22 [main] INFO  o.s.b.w.c.s.WebApplicationContextInitializer - Root WebApplicationContext: initialization completed in 2259 ms
2026-07-02 16:40:22 [main] DEBUG c.e.b.config.security.JwtFilter - Filter 'jwtFilter' configured for use
2026-07-02 16:40:23 [main] INFO  org.hibernate.orm.jpa - HHH008540: Processing PersistenceUnitInfo [name: default]
2026-07-02 16:40:23 [main] INFO  org.hibernate.orm.core - HHH000001: Hibernate ORM core version 7.2.4.Final
2026-07-02 16:40:24 [main] INFO  o.s.o.j.p.SpringPersistenceUnitInfo - No LoadTimeWeaver setup: ignoring JPA class transformer
2026-07-02 16:40:24 [main] INFO  com.zaxxer.hikari.HikariDataSource - HikariPool-1 - Starting...
2026-07-02 16:40:24 [main] INFO  com.zaxxer.hikari.pool.HikariPool - HikariPool-1 - Added connection com.mysql.cj.jdbc.ConnectionImpl@75784062
2026-07-02 16:40:24 [main] INFO  com.zaxxer.hikari.HikariDataSource - HikariPool-1 - Start completed.
2026-07-02 16:40:24 [main] INFO  o.hibernate.orm.connections.pooling - HHH10001005: Database info:
	Database JDBC URL [jdbc:mysql://localhost:3306/VNScout]
	Database driver: MySQL Connector/J
	Database dialect: MySQLDialect
	Database version: 8.0.46
	Default catalog/schema: VNScout/undefined
	Autocommit mode: undefined/unknown
	Isolation level: REPEATABLE_READ [default REPEATABLE_READ]
	JDBC fetch size: none
	Pool: DataSourceConnectionProvider
	Minimum pool size: undefined/unknown
	Maximum pool size: undefined/unknown
2026-07-02 16:40:25 [main] INFO  org.hibernate.orm.core - HHH000489: No JTA platform available (set 'hibernate.transaction.jta.platform' to enable JTA platform integration)
2026-07-02 16:40:25 [main] INFO  o.s.o.j.LocalContainerEntityManagerFactoryBean - Initialized JPA EntityManagerFactory for persistence unit 'default'
2026-07-02 16:40:26 [main] INFO  o.s.d.j.r.q.QueryEnhancerFactories - Hibernate is in classpath; If applicable, HQL parser will be used.
2026-07-02 16:40:28 [main] INFO  c.e.b.s.banned.BadWordFilterService - Loaded 578 bad words from database into memory.
2026-07-02 16:40:28 [main] WARN  o.s.b.j.a.JpaBaseConfiguration$JpaWebConfiguration - spring.jpa.open-in-view is enabled by default. Therefore, database queries may be performed during view rendering. Explicitly configure spring.jpa.open-in-view to disable this warning
2026-07-02 16:40:29 [main] WARN  o.s.b.s.a.UserDetailsServiceAutoConfiguration - 

Using generated security password: c1a4957f-b245-4987-b9b7-dc705aaa7e62

This generated password is for development use only. Your security configuration must be updated before running your application in production.

2026-07-02 16:40:29 [main] INFO  o.s.s.c.a.a.c.InitializeUserDetailsBeanManagerConfigurer$InitializeUserDetailsManagerConfigurer - Global AuthenticationManager configured with UserDetailsService bean with name inMemoryUserDetailsManager
2026-07-02 16:40:29 [main] DEBUG o.s.s.web.DefaultSecurityFilterChain - Will secure any request with filters: DisableEncodeUrlFilter, WebAsyncManagerIntegrationFilter, SecurityContextHolderFilter, HeaderWriterFilter, CorsFilter, LogoutFilter, JwtFilter, RequestCacheAwareFilter, SecurityContextHolderAwareRequestFilter, AnonymousAuthenticationFilter, ExceptionTranslationFilter, AuthorizationFilter
2026-07-02 16:40:29 [main] INFO  o.s.m.s.b.SimpleBrokerMessageHandler - Starting...
2026-07-02 16:40:29 [main] INFO  o.s.m.s.b.SimpleBrokerMessageHandler - BrokerAvailabilityEvent[available=true, SimpleBrokerMessageHandler [org.springframework.messaging.simp.broker.DefaultSubscriptionRegistry@7337f60]]
2026-07-02 16:40:29 [main] INFO  o.s.m.s.b.SimpleBrokerMessageHandler - Started.
2026-07-02 16:40:29 [main] INFO  o.a.coyote.http11.Http11NioProtocol - Starting ProtocolHandler ["http-nio-8081"]
2026-07-02 16:40:29 [main] INFO  o.s.boot.tomcat.TomcatWebServer - Tomcat started on port 8081 (http) with context path '/'
2026-07-02 16:40:29 [main] INFO  c.example.backend.BackendApplication - Started BackendApplication in 10.133 seconds (process running for 10.592)
2026-07-02 16:40:29 [main] INFO  c.e.b.c.i.BannedWordDataInitializer - Banned words already initialized. Skip import.
2026-07-02 16:40:29 [http-nio-8081-exec-1] INFO  o.a.c.c.C.[Tomcat].[localhost].[/] - Initializing Spring DispatcherServlet 'dispatcherServlet'
2026-07-02 16:40:29 [http-nio-8081-exec-1] INFO  o.s.web.servlet.DispatcherServlet - Initializing Servlet 'dispatcherServlet'
2026-07-02 16:40:29 [http-nio-8081-exec-1] INFO  o.s.web.servlet.DispatcherServlet - Completed initialization in 1 ms
2026-07-02 16:40:29 [http-nio-8081-exec-1] DEBUG o.s.security.web.FilterChainProxy - Securing GET /api/v1/notifications/stream?token=eyJhbGciOiJIUzI1NiJ9.eyJzdWIiOiJUdW5hLWFkbWluIiwicGVybWlzc2lvbnMiOlsiUk9MRV9BRE1JTiJdLCJpc3MiOiJkZXZ0ZXJpYS5jb20iLCJleHAiOjE3Nzk1MjAyNzUsImlhdCI6MTc3OTUxMzA3NSwidXNlcklkIjoiMGZiN2VkZjMtYzQ5YS00NTQ5LTg4YzUtNDk5OTMxNGEzMzFlIn0.bJu3f8N3VUhzhAlzxn07v98jJkgoo3H20isKAEyAScU
2026-07-02 16:40:29 [http-nio-8081-exec-1] WARN  o.s.w.s.h.HandlerMappingIntrospector - Cache miss for REQUEST dispatch to '/api/v1/notifications/stream' (previous null). Performing CorsConfiguration lookup. This is logged once only at WARN level, and every time at TRACE.
2026-07-02 16:40:30 [http-nio-8081-exec-1] DEBUG o.s.security.web.FilterChainProxy - Secured GET /api/v1/notifications/stream?token=eyJhbGciOiJIUzI1NiJ9.eyJzdWIiOiJUdW5hLWFkbWluIiwicGVybWlzc2lvbnMiOlsiUk9MRV9BRE1JTiJdLCJpc3MiOiJkZXZ0ZXJpYS5jb20iLCJleHAiOjE3Nzk1MjAyNzUsImlhdCI6MTc3OTUxMzA3NSwidXNlcklkIjoiMGZiN2VkZjMtYzQ5YS00NTQ5LTg4YzUtNDk5OTMxNGEzMzFlIn0.bJu3f8N3VUhzhAlzxn07v98jJkgoo3H20isKAEyAScU
2026-07-02 16:41:29 [MessageBroker-1] INFO  o.s.w.s.c.WebSocketMessageBrokerStats - WebSocketSession[0 current WS(0)-HttpStream(0)-HttpPoll(0), 0 total, 0 closed abnormally (0 connect failure, 0 send limit, 0 transport error)], stompSubProtocol[processed CONNECT(0)-CONNECTED(0)-DISCONNECT(0)], stompBrokerRelay[null], inboundChannel[pool size = 0, active threads = 0, queued tasks = 0, completed tasks = 0], outboundChannel[pool size = 0, active threads = 0, queued tasks = 0, completed tasks = 0], sockJsScheduler[pool size = 1, active threads = 1, queued tasks = 0, completed tasks = 0]
2026-07-02 16:43:18 [http-nio-8081-exec-4] DEBUG o.s.security.web.FilterChainProxy - Securing GET /api/v1/notifications/unread-count
2026-07-02 16:43:18 [http-nio-8081-exec-4] DEBUG o.s.security.web.FilterChainProxy - Secured GET /api/v1/notifications/unread-count
2026-07-02 16:45:06 [http-nio-8081-exec-9] DEBUG o.s.security.web.FilterChainProxy - Securing GET /api/locations/7a84b328-90c4-439b-b705-a3516a5e358f
2026-07-02 16:45:06 [http-nio-8081-exec-10] DEBUG o.s.security.web.FilterChainProxy - Securing GET /users/me
2026-07-02 16:45:06 [http-nio-8081-exec-9] DEBUG o.s.security.web.FilterChainProxy - Secured GET /api/locations/7a84b328-90c4-439b-b705-a3516a5e358f
2026-07-02 16:45:06 [http-nio-8081-exec-10] DEBUG o.s.security.web.FilterChainProxy - Secured GET /users/me
2026-07-02 16:45:06 [http-nio-8081-exec-1] DEBUG o.s.security.web.FilterChainProxy - Securing GET /api/v1/posts/location/7a84b328-90c4-439b-b705-a3516a5e358f?size=50
2026-07-02 16:45:06 [http-nio-8081-exec-1] DEBUG o.s.security.web.FilterChainProxy - Secured GET /api/v1/posts/location/7a84b328-90c4-439b-b705-a3516a5e358f?size=50
2026-07-02 16:45:06 [http-nio-8081-exec-3] DEBUG o.s.security.web.FilterChainProxy - Securing GET /api/v1/notifications/unread-count
2026-07-02 16:45:06 [http-nio-8081-exec-3] DEBUG o.s.security.web.FilterChainProxy - Secured GET /api/v1/notifications/unread-count
2026-07-02 16:45:06 [http-nio-8081-exec-4] DEBUG o.s.security.web.FilterChainProxy - Securing GET /api/v1/notifications/stream?token=eyJhbGciOiJIUzI1NiJ9.eyJzdWIiOiJUdW5hLWFkbWluIiwicGVybWlzc2lvbnMiOlsiUk9MRV9BRE1JTiJdLCJpc3MiOiJkZXZ0ZXJpYS5jb20iLCJleHAiOjE3Nzk1MjAyNzUsImlhdCI6MTc3OTUxMzA3NSwidXNlcklkIjoiMGZiN2VkZjMtYzQ5YS00NTQ5LTg4YzUtNDk5OTMxNGEzMzFlIn0.bJu3f8N3VUhzhAlzxn07v98jJkgoo3H20isKAEyAScU
2026-07-02 16:45:06 [http-nio-8081-exec-4] DEBUG o.s.security.web.FilterChainProxy - Secured GET /api/v1/notifications/stream?token=eyJhbGciOiJIUzI1NiJ9.eyJzdWIiOiJUdW5hLWFkbWluIiwicGVybWlzc2lvbnMiOlsiUk9MRV9BRE1JTiJdLCJpc3MiOiJkZXZ0ZXJpYS5jb20iLCJleHAiOjE3Nzk1MjAyNzUsImlhdCI6MTc3OTUxMzA3NSwidXNlcklkIjoiMGZiN2VkZjMtYzQ5YS00NTQ5LTg4YzUtNDk5OTMxNGEzMzFlIn0.bJu3f8N3VUhzhAlzxn07v98jJkgoo3H20isKAEyAScU
2026-07-02 16:45:06 [http-nio-8081-exec-8] DEBUG o.s.security.web.FilterChainProxy - Securing GET /chat/conversations
2026-07-02 16:45:06 [http-nio-8081-exec-8] DEBUG o.s.security.web.FilterChainProxy - Secured GET /chat/conversations
2026-07-02 16:45:06 [http-nio-8081-exec-9] DEBUG o.s.security.web.FilterChainProxy - Securing GET /api/v1/notifications/unread-count
2026-07-02 16:45:06 [http-nio-8081-exec-9] DEBUG o.s.security.web.FilterChainProxy - Secured GET /api/v1/notifications/unread-count
2026-07-02 16:45:06 [http-nio-8081-exec-1] WARN  o.s.d.w.c.SpringDataJackson3Configuration$PageModule$WarningLoggingModifier - Serializing PageImpl instances as-is is not supported, meaning that there is no guarantee about the stability of the resulting JSON structure!
	For a stable JSON structure, please use Spring Data's PagedModel (globally via @EnableSpringDataWebSupport(pageSerializationMode = VIA_DTO))
	or Spring HATEOAS and Spring Data's PagedResourcesAssembler as documented in https://docs.spring.io/spring-data/commons/reference/repositories/core-extensions.html#core.web.pageables.

2026-07-02 16:45:07 [http-nio-8081-exec-10] DEBUG o.s.security.web.FilterChainProxy - Securing GET /chat/conversations
2026-07-02 16:45:07 [http-nio-8081-exec-10] DEBUG o.s.security.web.FilterChainProxy - Secured GET /chat/conversations
2026-07-02 16:48:45 [http-nio-8081-exec-1] DEBUG o.s.security.web.FilterChainProxy - Securing GET /users/me
2026-07-02 16:48:45 [http-nio-8081-exec-9] DEBUG o.s.security.web.FilterChainProxy - Securing GET /api/locations/7a84b328-90c4-439b-b705-a3516a5e358f
2026-07-02 16:48:45 [http-nio-8081-exec-9] DEBUG o.s.security.web.FilterChainProxy - Secured GET /api/locations/7a84b328-90c4-439b-b705-a3516a5e358f
2026-07-02 16:48:45 [http-nio-8081-exec-1] DEBUG o.s.security.web.FilterChainProxy - Secured GET /users/me
2026-07-02 16:48:45 [http-nio-8081-exec-10] DEBUG o.s.security.web.FilterChainProxy - Securing GET /api/v1/posts/location/7a84b328-90c4-439b-b705-a3516a5e358f?size=50
2026-07-02 16:48:45 [http-nio-8081-exec-10] DEBUG o.s.security.web.FilterChainProxy - Secured GET /api/v1/posts/location/7a84b328-90c4-439b-b705-a3516a5e358f?size=50
2026-07-02 16:48:45 [http-nio-8081-exec-7] DEBUG o.s.security.web.FilterChainProxy - Securing GET /api/v1/notifications/unread-count
2026-07-02 16:48:45 [http-nio-8081-exec-7] DEBUG o.s.security.web.FilterChainProxy - Secured GET /api/v1/notifications/unread-count
2026-07-02 16:48:45 [http-nio-8081-exec-5] DEBUG o.s.security.web.FilterChainProxy - Securing GET /api/v1/notifications/stream?token=eyJhbGciOiJIUzI1NiJ9.eyJzdWIiOiJUdW5hLWFkbWluIiwicGVybWlzc2lvbnMiOlsiUk9MRV9BRE1JTiJdLCJpc3MiOiJkZXZ0ZXJpYS5jb20iLCJleHAiOjE3Nzk1MjAyNzUsImlhdCI6MTc3OTUxMzA3NSwidXNlcklkIjoiMGZiN2VkZjMtYzQ5YS00NTQ5LTg4YzUtNDk5OTMxNGEzMzFlIn0.bJu3f8N3VUhzhAlzxn07v98jJkgoo3H20isKAEyAScU
2026-07-02 16:48:45 [http-nio-8081-exec-5] DEBUG o.s.security.web.FilterChainProxy - Secured GET /api/v1/notifications/stream?token=eyJhbGciOiJIUzI1NiJ9.eyJzdWIiOiJUdW5hLWFkbWluIiwicGVybWlzc2lvbnMiOlsiUk9MRV9BRE1JTiJdLCJpc3MiOiJkZXZ0ZXJpYS5jb20iLCJleHAiOjE3Nzk1MjAyNzUsImlhdCI6MTc3OTUxMzA3NSwidXNlcklkIjoiMGZiN2VkZjMtYzQ5YS00NTQ5LTg4YzUtNDk5OTMxNGEzMzFlIn0.bJu3f8N3VUhzhAlzxn07v98jJkgoo3H20isKAEyAScU
2026-07-02 16:48:45 [http-nio-8081-exec-2] DEBUG o.s.security.web.FilterChainProxy - Securing GET /api/v1/notifications/unread-count
2026-07-02 16:48:45 [http-nio-8081-exec-2] DEBUG o.s.security.web.FilterChainProxy - Secured GET /api/v1/notifications/unread-count
2026-07-02 16:48:45 [http-nio-8081-exec-1] DEBUG o.s.security.web.FilterChainProxy - Securing GET /chat/conversations
2026-07-02 16:48:45 [http-nio-8081-exec-1] DEBUG o.s.security.web.FilterChainProxy - Secured GET /chat/conversations
2026-07-02 16:48:45 [http-nio-8081-exec-9] DEBUG o.s.security.web.FilterChainProxy - Securing GET /chat/conversations
2026-07-02 16:48:45 [http-nio-8081-exec-9] DEBUG o.s.security.web.FilterChainProxy - Secured GET /chat/conversations
2026-07-02 16:55:59 [SpringApplicationShutdownHook] INFO  o.s.boot.tomcat.GracefulShutdown - Commencing graceful shutdown. Waiting for active requests to complete
2026-07-02 16:56:29 [SpringApplicationShutdownHook] INFO  o.s.c.s.DefaultLifecycleProcessor - Shutdown phase 2147482623 ends with 1 bean still running after timeout of 30000ms: [webServerGracefulShutdown]
2026-07-02 16:56:29 [tomcat-shutdown] INFO  o.s.boot.tomcat.GracefulShutdown - Graceful shutdown aborted with one or more requests still active
2026-07-02 16:56:29 [SpringApplicationShutdownHook] INFO  o.s.m.s.b.SimpleBrokerMessageHandler - Stopping...
2026-07-02 16:56:29 [SpringApplicationShutdownHook] INFO  o.s.m.s.b.SimpleBrokerMessageHandler - BrokerAvailabilityEvent[available=false, SimpleBrokerMessageHandler [org.springframework.messaging.simp.broker.DefaultSubscriptionRegistry@7337f60]]
2026-07-02 16:56:29 [SpringApplicationShutdownHook] INFO  o.s.m.s.b.SimpleBrokerMessageHandler - Stopped.
2026-07-02 16:56:29 [SpringApplicationShutdownHook] INFO  o.s.o.j.LocalContainerEntityManagerFactoryBean - Closing JPA EntityManagerFactory for persistence unit 'default'
2026-07-02 16:56:29 [SpringApplicationShutdownHook] INFO  com.zaxxer.hikari.HikariDataSource - HikariPool-1 - Shutdown initiated...
2026-07-02 16:56:29 [SpringApplicationShutdownHook] INFO  com.zaxxer.hikari.HikariDataSource - HikariPool-1 - Shutdown completed.
2026-07-02 16:56:33 [main] INFO  c.example.backend.BackendApplication - Starting BackendApplication using Java 17.0.18 with PID 31428 (D:\DATN\VietnamPhoto\backend\target\classes started by Tuna in D:\DATN\VietnamPhoto)
2026-07-02 16:56:33 [main] DEBUG c.example.backend.BackendApplication - Running with Spring Boot v4.0.3, Spring v7.0.5
2026-07-02 16:56:33 [main] INFO  c.example.backend.BackendApplication - No active profile set, falling back to 1 default profile: "default"
2026-07-02 16:56:33 [background-preinit] INFO  o.h.validator.internal.util.Version - HV000001: Hibernate Validator 9.0.1.Final
2026-07-02 16:56:34 [main] INFO  o.s.d.r.c.RepositoryConfigurationDelegate - Bootstrapping Spring Data JPA repositories in DEFAULT mode.
2026-07-02 16:56:34 [main] INFO  o.s.d.r.c.RepositoryConfigurationDelegate - Finished Spring Data repository scanning in 136 ms. Found 17 JPA repository interfaces.
2026-07-02 16:56:35 [main] INFO  o.s.boot.tomcat.TomcatWebServer - Tomcat initialized with port 8081 (http)
2026-07-02 16:56:35 [main] INFO  o.a.coyote.http11.Http11NioProtocol - Initializing ProtocolHandler ["http-nio-8081"]
2026-07-02 16:56:35 [main] INFO  o.a.catalina.core.StandardService - Starting service [Tomcat]
2026-07-02 16:56:35 [main] INFO  o.a.catalina.core.StandardEngine - Starting Servlet engine: [Apache Tomcat/11.0.18]
2026-07-02 16:56:35 [main] INFO  o.s.b.w.c.s.WebApplicationContextInitializer - Root WebApplicationContext: initialization completed in 2153 ms
2026-07-02 16:56:35 [main] DEBUG c.e.b.config.security.JwtFilter - Filter 'jwtFilter' configured for use
2026-07-02 16:56:36 [main] INFO  org.hibernate.orm.jpa - HHH008540: Processing PersistenceUnitInfo [name: default]
2026-07-02 16:56:36 [main] INFO  org.hibernate.orm.core - HHH000001: Hibernate ORM core version 7.2.4.Final
2026-07-02 16:56:36 [main] INFO  o.s.o.j.p.SpringPersistenceUnitInfo - No LoadTimeWeaver setup: ignoring JPA class transformer
2026-07-02 16:56:36 [main] INFO  com.zaxxer.hikari.HikariDataSource - HikariPool-1 - Starting...
2026-07-02 16:56:37 [main] INFO  com.zaxxer.hikari.pool.HikariPool - HikariPool-1 - Added connection com.mysql.cj.jdbc.ConnectionImpl@686fb58a
2026-07-02 16:56:37 [main] INFO  com.zaxxer.hikari.HikariDataSource - HikariPool-1 - Start completed.
2026-07-02 16:56:37 [main] INFO  o.hibernate.orm.connections.pooling - HHH10001005: Database info:
	Database JDBC URL [jdbc:mysql://localhost:3306/VNScout?serverTimezone=Asia/Ho_Chi_Minh&useSSL=false&allowPublicKeyRetrieval=true]
	Database driver: MySQL Connector/J
	Database dialect: MySQLDialect
	Database version: 8.0.46
	Default catalog/schema: VNScout/undefined
	Autocommit mode: undefined/unknown
	Isolation level: REPEATABLE_READ [default REPEATABLE_READ]
	JDBC fetch size: none
	Pool: DataSourceConnectionProvider
	Minimum pool size: undefined/unknown
	Maximum pool size: undefined/unknown
2026-07-02 16:56:38 [main] INFO  org.hibernate.orm.core - HHH000489: No JTA platform available (set 'hibernate.transaction.jta.platform' to enable JTA platform integration)
2026-07-02 16:56:38 [main] INFO  o.s.o.j.LocalContainerEntityManagerFactoryBean - Initialized JPA EntityManagerFactory for persistence unit 'default'
2026-07-02 16:56:38 [main] INFO  o.s.d.j.r.q.QueryEnhancerFactories - Hibernate is in classpath; If applicable, HQL parser will be used.
2026-07-02 16:56:40 [main] INFO  c.e.b.s.banned.BadWordFilterService - Loaded 578 bad words from database into memory.
2026-07-02 16:56:40 [main] WARN  o.s.b.j.a.JpaBaseConfiguration$JpaWebConfiguration - spring.jpa.open-in-view is enabled by default. Therefore, database queries may be performed during view rendering. Explicitly configure spring.jpa.open-in-view to disable this warning
2026-07-02 16:56:41 [main] WARN  o.s.b.s.a.UserDetailsServiceAutoConfiguration - 

Using generated security password: deadbc64-d552-4f38-bcc6-5adfa8628bb0

This generated password is for development use only. Your security configuration must be updated before running your application in production.

2026-07-02 16:56:41 [main] INFO  o.s.s.c.a.a.c.InitializeUserDetailsBeanManagerConfigurer$InitializeUserDetailsManagerConfigurer - Global AuthenticationManager configured with UserDetailsService bean with name inMemoryUserDetailsManager
2026-07-02 16:56:41 [main] DEBUG o.s.s.web.DefaultSecurityFilterChain - Will secure any request with filters: DisableEncodeUrlFilter, WebAsyncManagerIntegrationFilter, SecurityContextHolderFilter, HeaderWriterFilter, CorsFilter, LogoutFilter, JwtFilter, RequestCacheAwareFilter, SecurityContextHolderAwareRequestFilter, AnonymousAuthenticationFilter, ExceptionTranslationFilter, AuthorizationFilter
2026-07-02 16:56:41 [main] INFO  o.s.m.s.b.SimpleBrokerMessageHandler - Starting...
2026-07-02 16:56:41 [main] INFO  o.s.m.s.b.SimpleBrokerMessageHandler - BrokerAvailabilityEvent[available=true, SimpleBrokerMessageHandler [org.springframework.messaging.simp.broker.DefaultSubscriptionRegistry@5a2e250b]]
2026-07-02 16:56:41 [main] INFO  o.s.m.s.b.SimpleBrokerMessageHandler - Started.
2026-07-02 16:56:41 [main] INFO  o.a.coyote.http11.Http11NioProtocol - Starting ProtocolHandler ["http-nio-8081"]
2026-07-02 16:56:41 [main] INFO  o.s.boot.tomcat.TomcatWebServer - Tomcat started on port 8081 (http) with context path '/'
2026-07-02 16:56:41 [main] INFO  c.example.backend.BackendApplication - Started BackendApplication in 8.779 seconds (process running for 9.334)
2026-07-02 16:56:41 [main] INFO  c.e.b.c.i.BannedWordDataInitializer - Banned words already initialized. Skip import.
2026-07-02 16:56:42 [http-nio-8081-exec-1] INFO  o.a.c.c.C.[Tomcat].[localhost].[/] - Initializing Spring DispatcherServlet 'dispatcherServlet'
2026-07-02 16:56:42 [http-nio-8081-exec-1] INFO  o.s.web.servlet.DispatcherServlet - Initializing Servlet 'dispatcherServlet'
2026-07-02 16:56:42 [http-nio-8081-exec-1] INFO  o.s.web.servlet.DispatcherServlet - Completed initialization in 1 ms
2026-07-02 16:56:42 [http-nio-8081-exec-1] DEBUG o.s.security.web.FilterChainProxy - Securing GET /api/v1/notifications/stream?token=eyJhbGciOiJIUzI1NiJ9.eyJzdWIiOiJUdW5hLWFkbWluIiwicGVybWlzc2lvbnMiOlsiUk9MRV9BRE1JTiJdLCJpc3MiOiJkZXZ0ZXJpYS5jb20iLCJleHAiOjE3Nzk1MjAyNzUsImlhdCI6MTc3OTUxMzA3NSwidXNlcklkIjoiMGZiN2VkZjMtYzQ5YS00NTQ5LTg4YzUtNDk5OTMxNGEzMzFlIn0.bJu3f8N3VUhzhAlzxn07v98jJkgoo3H20isKAEyAScU
2026-07-02 16:56:42 [http-nio-8081-exec-1] WARN  o.s.w.s.h.HandlerMappingIntrospector - Cache miss for REQUEST dispatch to '/api/v1/notifications/stream' (previous null). Performing CorsConfiguration lookup. This is logged once only at WARN level, and every time at TRACE.
2026-07-02 16:56:42 [http-nio-8081-exec-1] DEBUG o.s.security.web.FilterChainProxy - Secured GET /api/v1/notifications/stream?token=eyJhbGciOiJIUzI1NiJ9.eyJzdWIiOiJUdW5hLWFkbWluIiwicGVybWlzc2lvbnMiOlsiUk9MRV9BRE1JTiJdLCJpc3MiOiJkZXZ0ZXJpYS5jb20iLCJleHAiOjE3Nzk1MjAyNzUsImlhdCI6MTc3OTUxMzA3NSwidXNlcklkIjoiMGZiN2VkZjMtYzQ5YS00NTQ5LTg4YzUtNDk5OTMxNGEzMzFlIn0.bJu3f8N3VUhzhAlzxn07v98jJkgoo3H20isKAEyAScU
2026-07-02 16:56:59 [http-nio-8081-exec-9] DEBUG o.s.security.web.FilterChainProxy - Securing GET /api/locations?level=2&size=1000
2026-07-02 16:56:59 [http-nio-8081-exec-4] DEBUG o.s.security.web.FilterChainProxy - Securing GET /users/me
2026-07-02 16:56:59 [http-nio-8081-exec-4] DEBUG o.s.security.web.FilterChainProxy - Secured GET /users/me
2026-07-02 16:56:59 [http-nio-8081-exec-9] DEBUG o.s.security.web.FilterChainProxy - Secured GET /api/locations?level=2&size=1000
2026-07-02 16:56:59 [http-nio-8081-exec-9] WARN  o.s.d.w.c.SpringDataJackson3Configuration$PageModule$WarningLoggingModifier - Serializing PageImpl instances as-is is not supported, meaning that there is no guarantee about the stability of the resulting JSON structure!
	For a stable JSON structure, please use Spring Data's PagedModel (globally via @EnableSpringDataWebSupport(pageSerializationMode = VIA_DTO))
	or Spring HATEOAS and Spring Data's PagedResourcesAssembler as documented in https://docs.spring.io/spring-data/commons/reference/repositories/core-extensions.html#core.web.pageables.

2026-07-02 16:56:59 [http-nio-8081-exec-7] DEBUG o.s.security.web.FilterChainProxy - Securing GET /api/v1/notifications/unread-count
2026-07-02 16:56:59 [http-nio-8081-exec-7] DEBUG o.s.security.web.FilterChainProxy - Secured GET /api/v1/notifications/unread-count
2026-07-02 16:56:59 [http-nio-8081-exec-8] DEBUG o.s.security.web.FilterChainProxy - Securing GET /api/v1/notifications/stream?token=eyJhbGciOiJIUzI1NiJ9.eyJzdWIiOiJUdW5hLWFkbWluIiwicGVybWlzc2lvbnMiOlsiUk9MRV9BRE1JTiJdLCJpc3MiOiJkZXZ0ZXJpYS5jb20iLCJleHAiOjE3Nzk1MjAyNzUsImlhdCI6MTc3OTUxMzA3NSwidXNlcklkIjoiMGZiN2VkZjMtYzQ5YS00NTQ5LTg4YzUtNDk5OTMxNGEzMzFlIn0.bJu3f8N3VUhzhAlzxn07v98jJkgoo3H20isKAEyAScU
2026-07-02 16:56:59 [http-nio-8081-exec-5] DEBUG o.s.security.web.FilterChainProxy - Securing GET /api/v1/notifications/unread-count
2026-07-02 16:56:59 [http-nio-8081-exec-8] DEBUG o.s.security.web.FilterChainProxy - Secured GET /api/v1/notifications/stream?token=eyJhbGciOiJIUzI1NiJ9.eyJzdWIiOiJUdW5hLWFkbWluIiwicGVybWlzc2lvbnMiOlsiUk9MRV9BRE1JTiJdLCJpc3MiOiJkZXZ0ZXJpYS5jb20iLCJleHAiOjE3Nzk1MjAyNzUsImlhdCI6MTc3OTUxMzA3NSwidXNlcklkIjoiMGZiN2VkZjMtYzQ5YS00NTQ5LTg4YzUtNDk5OTMxNGEzMzFlIn0.bJu3f8N3VUhzhAlzxn07v98jJkgoo3H20isKAEyAScU
2026-07-02 16:56:59 [http-nio-8081-exec-5] DEBUG o.s.security.web.FilterChainProxy - Secured GET /api/v1/notifications/unread-count
2026-07-02 16:56:59 [http-nio-8081-exec-2] DEBUG o.s.security.web.FilterChainProxy - Securing GET /chat/conversations
2026-07-02 16:56:59 [http-nio-8081-exec-2] DEBUG o.s.security.web.FilterChainProxy - Secured GET /chat/conversations
2026-07-02 16:56:59 [http-nio-8081-exec-3] DEBUG o.s.security.web.FilterChainProxy - Securing GET /chat/conversations
2026-07-02 16:56:59 [http-nio-8081-exec-3] DEBUG o.s.security.web.FilterChainProxy - Secured GET /chat/conversations
2026-07-02 16:57:03 [http-nio-8081-exec-9] DEBUG o.s.security.web.FilterChainProxy - Securing POST /api/photos/upload
2026-07-02 16:57:03 [http-nio-8081-exec-9] DEBUG o.s.security.web.FilterChainProxy - Secured POST /api/photos/upload
2026-07-02 16:57:08 [PhotoWorker-1] DEBUG c.e.b.u.gemini.GeminiModerationUtils - [Gemini Moderation] HTTP status=200 OK
2026-07-02 16:57:08 [PhotoWorker-1] DEBUG c.e.b.u.gemini.GeminiModerationUtils - [Gemini Moderation] raw text: {"label": "SAFE", "reason": "Ảnh phong cảnh thiên nhiên chụp bình minh trên núi với biển mây, không chứa nội dung vi phạm."}
2026-07-02 16:57:08 [PhotoWorker-1] INFO  c.e.b.u.gemini.GeminiModerationUtils - [Gemini Moderation] label=SAFE score=0.0 reason=Ảnh phong cảnh thiên nhiên chụp bình minh trên núi với biển mây, không chứa nội dung vi phạm.
2026-07-02 16:57:08 [PhotoWorker-1] DEBUG c.e.b.u.v.impl.VietMapServiceImpl - Calling VietMap reverse with lat=21.4095583, lng=106.8908306
2026-07-02 16:57:12 [PhotoWorker-1] INFO  c.e.b.s.p.i.PhotoUploadServiceImpl - Uploaded photo file=IMG_9346.HEIC thread=PhotoWorker-1 moderation=SAFE
2026-07-02 16:57:31 [http-nio-8081-exec-7] DEBUG o.s.security.web.FilterChainProxy - Securing GET /api/v1/tags/suggest?keyword=binh
2026-07-02 16:57:31 [http-nio-8081-exec-7] DEBUG o.s.security.web.FilterChainProxy - Secured GET /api/v1/tags/suggest?keyword=binh
2026-07-02 16:57:33 [http-nio-8081-exec-5] DEBUG o.s.security.web.FilterChainProxy - Securing GET /api/v1/tags/suggest?keyword=binhminh
2026-07-02 16:57:33 [http-nio-8081-exec-5] DEBUG o.s.security.web.FilterChainProxy - Secured GET /api/v1/tags/suggest?keyword=binhminh
2026-07-02 16:57:39 [http-nio-8081-exec-1] DEBUG o.s.security.web.FilterChainProxy - Securing POST /api/v1/posts/created
2026-07-02 16:57:39 [http-nio-8081-exec-1] DEBUG o.s.security.web.FilterChainProxy - Secured POST /api/v1/posts/created
2026-07-02 16:57:39 [http-nio-8081-exec-1] DEBUG o.s.s.a.m.AuthorizationManagerBeforeMethodInterceptor - Authorizing method invocation ReflectiveMethodInvocation: public com.example.backend.dto.response.post.PostResponse com.example.backend.controller.post.PostController.createPost(java.lang.String,com.example.backend.dto.request.post.PostCreateRequest); target is of class [com.example.backend.controller.post.PostController]
2026-07-02 16:57:39 [http-nio-8081-exec-1] DEBUG o.s.s.a.m.AuthorizationManagerBeforeMethodInterceptor - Authorized method invocation ReflectiveMethodInvocation: public com.example.backend.dto.response.post.PostResponse com.example.backend.controller.post.PostController.createPost(java.lang.String,com.example.backend.dto.request.post.PostCreateRequest); target is of class [com.example.backend.controller.post.PostController]
2026-07-02 16:57:39 [http-nio-8081-exec-1] INFO  c.e.b.s.u.impl.ReputationServiceImpl - User Admin gained 2 points. Reason: Upload ảnh thành công
2026-07-02 16:57:39 [http-nio-8081-exec-1] INFO  c.e.b.s.u.impl.ReputationServiceImpl - User Admin gained 1 points. Reason: Đăng ảnh an toàn (SAFE)
2026-07-02 16:57:39 [http-nio-8081-exec-1] INFO  c.e.b.s.u.impl.ReputationServiceImpl - User Admin gained 2 points. Reason: Check-in SPOT vị trí chính xác
2026-07-02 16:57:40 [http-nio-8081-exec-4] DEBUG o.s.security.web.FilterChainProxy - Securing GET /api/locations?size=20&page=0&level=2
2026-07-02 16:57:40 [http-nio-8081-exec-9] DEBUG o.s.security.web.FilterChainProxy - Securing GET /api/v1/posts/getAll?size=200
2026-07-02 16:57:40 [http-nio-8081-exec-4] DEBUG o.s.security.web.FilterChainProxy - Secured GET /api/locations?size=20&page=0&level=2
2026-07-02 16:57:40 [http-nio-8081-exec-9] DEBUG o.s.security.web.FilterChainProxy - Secured GET /api/v1/posts/getAll?size=200
2026-07-02 16:57:40 [http-nio-8081-exec-6] DEBUG o.s.security.web.FilterChainProxy - Securing GET /api/locations?size=20&page=0&level=2
2026-07-02 16:57:40 [http-nio-8081-exec-6] DEBUG o.s.security.web.FilterChainProxy - Secured GET /api/locations?size=20&page=0&level=2
2026-07-02 16:57:40 [http-nio-8081-exec-7] DEBUG o.s.security.web.FilterChainProxy - Securing GET /api/v1/posts/getAll?size=200
2026-07-02 16:57:40 [http-nio-8081-exec-7] DEBUG o.s.security.web.FilterChainProxy - Secured GET /api/v1/posts/getAll?size=200
2026-07-02 16:57:41 [MessageBroker-1] INFO  o.s.w.s.c.WebSocketMessageBrokerStats - WebSocketSession[0 current WS(0)-HttpStream(0)-HttpPoll(0), 0 total, 0 closed abnormally (0 connect failure, 0 send limit, 0 transport error)], stompSubProtocol[processed CONNECT(0)-CONNECTED(0)-DISCONNECT(0)], stompBrokerRelay[null], inboundChannel[pool size = 0, active threads = 0, queued tasks = 0, completed tasks = 0], outboundChannel[pool size = 0, active threads = 0, queued tasks = 0, completed tasks = 0], sockJsScheduler[pool size = 1, active threads = 1, queued tasks = 0, completed tasks = 0]
2026-07-02 16:57:42 [http-nio-8081-exec-10] DEBUG o.s.security.web.FilterChainProxy - Securing GET /api/locations/7a84b328-90c4-439b-b705-a3516a5e358f
2026-07-02 16:57:42 [http-nio-8081-exec-10] DEBUG o.s.security.web.FilterChainProxy - Secured GET /api/locations/7a84b328-90c4-439b-b705-a3516a5e358f
2026-07-02 16:57:42 [http-nio-8081-exec-1] DEBUG o.s.security.web.FilterChainProxy - Securing GET /api/locations/7a84b328-90c4-439b-b705-a3516a5e358f
2026-07-02 16:57:42 [http-nio-8081-exec-1] DEBUG o.s.security.web.FilterChainProxy - Secured GET /api/locations/7a84b328-90c4-439b-b705-a3516a5e358f
2026-07-02 16:57:42 [http-nio-8081-exec-3] DEBUG o.s.security.web.FilterChainProxy - Securing GET /api/v1/posts/location/7a84b328-90c4-439b-b705-a3516a5e358f?size=50&viewerId=0fb7edf3-c49a-4549-88c5-4999314a331e
2026-07-02 16:57:42 [http-nio-8081-exec-3] DEBUG o.s.security.web.FilterChainProxy - Secured GET /api/v1/posts/location/7a84b328-90c4-439b-b705-a3516a5e358f?size=50&viewerId=0fb7edf3-c49a-4549-88c5-4999314a331e
2026-07-02 16:57:42 [http-nio-8081-exec-4] DEBUG o.s.security.web.FilterChainProxy - Securing GET /api/v1/posts/location/7a84b328-90c4-439b-b705-a3516a5e358f?size=50&viewerId=0fb7edf3-c49a-4549-88c5-4999314a331e
2026-07-02 16:57:42 [http-nio-8081-exec-4] DEBUG o.s.security.web.FilterChainProxy - Secured GET /api/v1/posts/location/7a84b328-90c4-439b-b705-a3516a5e358f?size=50&viewerId=0fb7edf3-c49a-4549-88c5-4999314a331e
2026-07-02 16:59:15 [http-nio-8081-exec-2] DEBUG o.s.security.web.FilterChainProxy - Securing GET /api/locations?size=20&page=0&level=2
2026-07-02 16:59:15 [http-nio-8081-exec-10] DEBUG o.s.security.web.FilterChainProxy - Securing GET /api/v1/posts/getAll?size=200
2026-07-02 16:59:15 [http-nio-8081-exec-2] DEBUG o.s.security.web.FilterChainProxy - Secured GET /api/locations?size=20&page=0&level=2
2026-07-02 16:59:15 [http-nio-8081-exec-10] DEBUG o.s.security.web.FilterChainProxy - Secured GET /api/v1/posts/getAll?size=200
2026-07-02 16:59:15 [http-nio-8081-exec-2] DEBUG o.s.s.w.a.AnonymousAuthenticationFilter - Set SecurityContextHolder to anonymous SecurityContext
2026-07-02 16:59:15 [http-nio-8081-exec-10] DEBUG o.s.s.w.a.AnonymousAuthenticationFilter - Set SecurityContextHolder to anonymous SecurityContext
2026-07-02 17:00:03 [http-nio-8081-exec-3] DEBUG o.s.security.web.FilterChainProxy - Securing POST /users/register
2026-07-02 17:00:03 [http-nio-8081-exec-3] DEBUG o.s.security.web.FilterChainProxy - Secured POST /users/register
2026-07-02 17:00:03 [http-nio-8081-exec-3] DEBUG o.s.s.w.a.AnonymousAuthenticationFilter - Set SecurityContextHolder to anonymous SecurityContext
2026-07-02 17:01:28 [http-nio-8081-exec-8] DEBUG o.s.security.web.FilterChainProxy - Securing GET /api/locations/7a84b328-90c4-439b-b705-a3516a5e358f
2026-07-02 17:01:28 [http-nio-8081-exec-5] DEBUG o.s.security.web.FilterChainProxy - Securing GET /users/me
2026-07-02 17:01:28 [http-nio-8081-exec-5] DEBUG o.s.security.web.FilterChainProxy - Secured GET /users/me
2026-07-02 17:01:28 [http-nio-8081-exec-8] DEBUG o.s.security.web.FilterChainProxy - Secured GET /api/locations/7a84b328-90c4-439b-b705-a3516a5e358f
2026-07-02 17:01:28 [http-nio-8081-exec-10] DEBUG o.s.security.web.FilterChainProxy - Securing GET /api/v1/posts/location/7a84b328-90c4-439b-b705-a3516a5e358f?size=50
2026-07-02 17:01:28 [http-nio-8081-exec-10] DEBUG o.s.security.web.FilterChainProxy - Secured GET /api/v1/posts/location/7a84b328-90c4-439b-b705-a3516a5e358f?size=50
2026-07-02 17:01:28 [http-nio-8081-exec-3] DEBUG o.s.security.web.FilterChainProxy - Securing GET /api/v1/notifications/unread-count
2026-07-02 17:01:28 [http-nio-8081-exec-3] DEBUG o.s.security.web.FilterChainProxy - Secured GET /api/v1/notifications/unread-count
2026-07-02 17:01:28 [http-nio-8081-exec-4] DEBUG o.s.security.web.FilterChainProxy - Securing GET /api/v1/notifications/stream?token=eyJhbGciOiJIUzI1NiJ9.eyJzdWIiOiJUdW5hLWFkbWluIiwicGVybWlzc2lvbnMiOlsiUk9MRV9BRE1JTiJdLCJpc3MiOiJkZXZ0ZXJpYS5jb20iLCJleHAiOjE3Nzk1MjAyNzUsImlhdCI6MTc3OTUxMzA3NSwidXNlcklkIjoiMGZiN2VkZjMtYzQ5YS00NTQ5LTg4YzUtNDk5OTMxNGEzMzFlIn0.bJu3f8N3VUhzhAlzxn07v98jJkgoo3H20isKAEyAScU
2026-07-02 17:01:28 [http-nio-8081-exec-6] DEBUG o.s.security.web.FilterChainProxy - Securing GET /api/v1/notifications/unread-count
2026-07-02 17:01:28 [http-nio-8081-exec-6] DEBUG o.s.security.web.FilterChainProxy - Secured GET /api/v1/notifications/unread-count
2026-07-02 17:01:28 [http-nio-8081-exec-4] DEBUG o.s.security.web.FilterChainProxy - Secured GET /api/v1/notifications/stream?token=eyJhbGciOiJIUzI1NiJ9.eyJzdWIiOiJUdW5hLWFkbWluIiwicGVybWlzc2lvbnMiOlsiUk9MRV9BRE1JTiJdLCJpc3MiOiJkZXZ0ZXJpYS5jb20iLCJleHAiOjE3Nzk1MjAyNzUsImlhdCI6MTc3OTUxMzA3NSwidXNlcklkIjoiMGZiN2VkZjMtYzQ5YS00NTQ5LTg4YzUtNDk5OTMxNGEzMzFlIn0.bJu3f8N3VUhzhAlzxn07v98jJkgoo3H20isKAEyAScU
2026-07-02 17:01:28 [http-nio-8081-exec-8] DEBUG o.s.security.web.FilterChainProxy - Securing GET /chat/conversations
2026-07-02 17:01:28 [http-nio-8081-exec-8] DEBUG o.s.security.web.FilterChainProxy - Secured GET /chat/conversations
2026-07-02 17:01:29 [http-nio-8081-exec-5] DEBUG o.s.security.web.FilterChainProxy - Securing GET /chat/conversations
2026-07-02 17:01:29 [http-nio-8081-exec-5] DEBUG o.s.security.web.FilterChainProxy - Secured GET /chat/conversations
2026-07-02 17:01:34 [http-nio-8081-exec-3] DEBUG o.s.security.web.FilterChainProxy - Securing GET /api/locations?size=20&page=0&level=2
2026-07-02 17:01:34 [http-nio-8081-exec-4] DEBUG o.s.security.web.FilterChainProxy - Securing GET /api/v1/posts/getAll?size=200
2026-07-02 17:01:34 [http-nio-8081-exec-4] DEBUG o.s.security.web.FilterChainProxy - Secured GET /api/v1/posts/getAll?size=200
2026-07-02 17:01:34 [http-nio-8081-exec-3] DEBUG o.s.security.web.FilterChainProxy - Secured GET /api/locations?size=20&page=0&level=2
2026-07-02 17:01:34 [http-nio-8081-exec-6] DEBUG o.s.security.web.FilterChainProxy - Securing GET /api/locations?size=20&page=0&level=2
2026-07-02 17:01:34 [http-nio-8081-exec-6] DEBUG o.s.security.web.FilterChainProxy - Secured GET /api/locations?size=20&page=0&level=2
2026-07-02 17:01:35 [http-nio-8081-exec-9] DEBUG o.s.security.web.FilterChainProxy - Securing GET /api/v1/posts/getAll?size=200
2026-07-02 17:01:35 [http-nio-8081-exec-9] DEBUG o.s.security.web.FilterChainProxy - Secured GET /api/v1/posts/getAll?size=200
2026-07-02 17:01:35 [http-nio-8081-exec-8] DEBUG o.s.security.web.FilterChainProxy - Securing GET /api/locations/7a84b328-90c4-439b-b705-a3516a5e358f
2026-07-02 17:01:35 [http-nio-8081-exec-8] DEBUG o.s.security.web.FilterChainProxy - Secured GET /api/locations/7a84b328-90c4-439b-b705-a3516a5e358f
2026-07-02 17:01:35 [http-nio-8081-exec-5] DEBUG o.s.security.web.FilterChainProxy - Securing GET /api/locations/7a84b328-90c4-439b-b705-a3516a5e358f
2026-07-02 17:01:35 [http-nio-8081-exec-5] DEBUG o.s.security.web.FilterChainProxy - Secured GET /api/locations/7a84b328-90c4-439b-b705-a3516a5e358f
2026-07-02 17:01:35 [http-nio-8081-exec-2] DEBUG o.s.security.web.FilterChainProxy - Securing GET /api/v1/posts/location/7a84b328-90c4-439b-b705-a3516a5e358f?size=50&viewerId=0fb7edf3-c49a-4549-88c5-4999314a331e
2026-07-02 17:01:35 [http-nio-8081-exec-2] DEBUG o.s.security.web.FilterChainProxy - Secured GET /api/v1/posts/location/7a84b328-90c4-439b-b705-a3516a5e358f?size=50&viewerId=0fb7edf3-c49a-4549-88c5-4999314a331e
2026-07-02 17:01:36 [http-nio-8081-exec-3] DEBUG o.s.security.web.FilterChainProxy - Securing GET /api/v1/posts/location/7a84b328-90c4-439b-b705-a3516a5e358f?size=50&viewerId=0fb7edf3-c49a-4549-88c5-4999314a331e
2026-07-02 17:01:36 [http-nio-8081-exec-3] DEBUG o.s.security.web.FilterChainProxy - Secured GET /api/v1/posts/location/7a84b328-90c4-439b-b705-a3516a5e358f?size=50&viewerId=0fb7edf3-c49a-4549-88c5-4999314a331e
2026-07-02 17:02:20 [http-nio-8081-exec-7] DEBUG o.s.security.web.FilterChainProxy - Securing GET /api/locations?size=20&page=0&level=2
2026-07-02 17:02:20 [http-nio-8081-exec-9] DEBUG o.s.security.web.FilterChainProxy - Securing GET /api/v1/posts/getAll?size=200
2026-07-02 17:02:20 [http-nio-8081-exec-9] DEBUG o.s.security.web.FilterChainProxy - Secured GET /api/v1/posts/getAll?size=200
2026-07-02 17:02:20 [http-nio-8081-exec-7] DEBUG o.s.security.web.FilterChainProxy - Secured GET /api/locations?size=20&page=0&level=2
2026-07-02 17:02:20 [http-nio-8081-exec-7] DEBUG o.s.s.w.a.AnonymousAuthenticationFilter - Set SecurityContextHolder to anonymous SecurityContext
2026-07-02 17:02:21 [http-nio-8081-exec-9] DEBUG o.s.s.w.a.AnonymousAuthenticationFilter - Set SecurityContextHolder to anonymous SecurityContext
2026-07-02 17:02:43 [http-nio-8081-exec-3] DEBUG o.s.security.web.FilterChainProxy - Securing GET /api/locations/7a84b328-90c4-439b-b705-a3516a5e358f
2026-07-02 17:02:43 [http-nio-8081-exec-6] DEBUG o.s.security.web.FilterChainProxy - Securing GET /users/me
2026-07-02 17:02:43 [http-nio-8081-exec-6] DEBUG o.s.security.web.FilterChainProxy - Secured GET /users/me
2026-07-02 17:02:43 [http-nio-8081-exec-3] DEBUG o.s.security.web.FilterChainProxy - Secured GET /api/locations/7a84b328-90c4-439b-b705-a3516a5e358f
2026-07-02 17:02:43 [http-nio-8081-exec-7] DEBUG o.s.security.web.FilterChainProxy - Securing GET /api/v1/posts/location/7a84b328-90c4-439b-b705-a3516a5e358f?size=50
2026-07-02 17:02:43 [http-nio-8081-exec-7] DEBUG o.s.security.web.FilterChainProxy - Secured GET /api/v1/posts/location/7a84b328-90c4-439b-b705-a3516a5e358f?size=50
2026-07-02 17:02:43 [http-nio-8081-exec-8] DEBUG o.s.security.web.FilterChainProxy - Securing GET /api/v1/notifications/unread-count
2026-07-02 17:02:43 [http-nio-8081-exec-8] DEBUG o.s.security.web.FilterChainProxy - Secured GET /api/v1/notifications/unread-count
2026-07-02 17:02:43 [http-nio-8081-exec-1] DEBUG o.s.security.web.FilterChainProxy - Securing GET /api/v1/notifications/stream?token=eyJhbGciOiJIUzI1NiJ9.eyJzdWIiOiJUdW5hLWFkbWluIiwicGVybWlzc2lvbnMiOlsiUk9MRV9BRE1JTiJdLCJpc3MiOiJkZXZ0ZXJpYS5jb20iLCJleHAiOjE3Nzk1MjAyNzUsImlhdCI6MTc3OTUxMzA3NSwidXNlcklkIjoiMGZiN2VkZjMtYzQ5YS00NTQ5LTg4YzUtNDk5OTMxNGEzMzFlIn0.bJu3f8N3VUhzhAlzxn07v98jJkgoo3H20isKAEyAScU
2026-07-02 17:02:43 [http-nio-8081-exec-1] DEBUG o.s.security.web.FilterChainProxy - Secured GET /api/v1/notifications/stream?token=eyJhbGciOiJIUzI1NiJ9.eyJzdWIiOiJUdW5hLWFkbWluIiwicGVybWlzc2lvbnMiOlsiUk9MRV9BRE1JTiJdLCJpc3MiOiJkZXZ0ZXJpYS5jb20iLCJleHAiOjE3Nzk1MjAyNzUsImlhdCI6MTc3OTUxMzA3NSwidXNlcklkIjoiMGZiN2VkZjMtYzQ5YS00NTQ5LTg4YzUtNDk5OTMxNGEzMzFlIn0.bJu3f8N3VUhzhAlzxn07v98jJkgoo3H20isKAEyAScU
2026-07-02 17:02:43 [http-nio-8081-exec-5] DEBUG o.s.security.web.FilterChainProxy - Securing GET /api/v1/notifications/unread-count
2026-07-02 17:02:43 [http-nio-8081-exec-5] DEBUG o.s.security.web.FilterChainProxy - Secured GET /api/v1/notifications/unread-count
2026-07-02 17:02:43 [http-nio-8081-exec-3] DEBUG o.s.security.web.FilterChainProxy - Securing GET /chat/conversations
2026-07-02 17:02:43 [http-nio-8081-exec-3] DEBUG o.s.security.web.FilterChainProxy - Secured GET /chat/conversations
2026-07-02 17:02:43 [http-nio-8081-exec-6] DEBUG o.s.security.web.FilterChainProxy - Securing GET /chat/conversations
2026-07-02 17:02:43 [http-nio-8081-exec-6] DEBUG o.s.security.web.FilterChainProxy - Secured GET /chat/conversations
2026-07-02 17:04:53 [http-nio-8081-exec-5] DEBUG o.s.security.web.FilterChainProxy - Securing POST /auth/login
2026-07-02 17:04:53 [http-nio-8081-exec-5] DEBUG o.s.security.web.FilterChainProxy - Secured POST /auth/login
2026-07-02 17:04:53 [http-nio-8081-exec-5] DEBUG o.s.s.w.a.AnonymousAuthenticationFilter - Set SecurityContextHolder to anonymous SecurityContext
2026-07-02 17:04:53 [http-nio-8081-exec-3] DEBUG o.s.security.web.FilterChainProxy - Securing GET /users/me
2026-07-02 17:04:53 [http-nio-8081-exec-3] DEBUG o.s.security.web.FilterChainProxy - Secured GET /users/me
2026-07-02 17:04:54 [http-nio-8081-exec-4] DEBUG o.s.security.web.FilterChainProxy - Securing GET /api/v1/notifications/unread-count
2026-07-02 17:04:54 [http-nio-8081-exec-4] DEBUG o.s.security.web.FilterChainProxy - Secured GET /api/v1/notifications/unread-count
2026-07-02 17:04:54 [http-nio-8081-exec-1] DEBUG o.s.security.web.FilterChainProxy - Securing GET /api/locations?size=20&page=0&level=2
2026-07-02 17:04:54 [http-nio-8081-exec-8] DEBUG o.s.security.web.FilterChainProxy - Securing GET /api/v1/posts/getAll?size=200
2026-07-02 17:04:54 [http-nio-8081-exec-1] DEBUG o.s.security.web.FilterChainProxy - Secured GET /api/locations?size=20&page=0&level=2
2026-07-02 17:04:54 [http-nio-8081-exec-8] DEBUG o.s.security.web.FilterChainProxy - Secured GET /api/v1/posts/getAll?size=200
2026-07-02 17:04:54 [http-nio-8081-exec-2] DEBUG o.s.security.web.FilterChainProxy - Securing GET /api/locations?size=20&page=0&level=2
2026-07-02 17:04:54 [http-nio-8081-exec-2] DEBUG o.s.security.web.FilterChainProxy - Secured GET /api/locations?size=20&page=0&level=2
2026-07-02 17:04:54 [http-nio-8081-exec-5] DEBUG o.s.security.web.FilterChainProxy - Securing GET /api/v1/notifications/unread-count
2026-07-02 17:04:54 [http-nio-8081-exec-5] DEBUG o.s.security.web.FilterChainProxy - Secured GET /api/v1/notifications/unread-count
2026-07-02 17:04:54 [http-nio-8081-exec-7] DEBUG o.s.security.web.FilterChainProxy - Securing GET /api/v1/notifications/stream?token=eyJhbGciOiJIUzI1NiJ9.eyJzdWIiOiJ0ZXN0dXNlcjEiLCJwZXJtaXNzaW9ucyI6WyJST0xFX1VTRVIiXSwiaXNzIjoiZGV2dGVyaWEuY29tIiwiZXhwIjoxNzgyOTkzODkzLCJpYXQiOjE3ODI5ODY2OTMsInVzZXJJZCI6IjUwNjljYTU0LWE4ODktNDg4MS04Yzk5LWM0MGU4MjViZmY0NiJ9.X_V1eiHf0OpuozXQIOQLL_ReRc8R8W0IZYdX7wZdol4
2026-07-02 17:04:54 [http-nio-8081-exec-7] DEBUG o.s.security.web.FilterChainProxy - Secured GET /api/v1/notifications/stream?token=eyJhbGciOiJIUzI1NiJ9.eyJzdWIiOiJ0ZXN0dXNlcjEiLCJwZXJtaXNzaW9ucyI6WyJST0xFX1VTRVIiXSwiaXNzIjoiZGV2dGVyaWEuY29tIiwiZXhwIjoxNzgyOTkzODkzLCJpYXQiOjE3ODI5ODY2OTMsInVzZXJJZCI6IjUwNjljYTU0LWE4ODktNDg4MS04Yzk5LWM0MGU4MjViZmY0NiJ9.X_V1eiHf0OpuozXQIOQLL_ReRc8R8W0IZYdX7wZdol4
2026-07-02 17:04:54 [http-nio-8081-exec-6] DEBUG o.s.security.web.FilterChainProxy - Securing GET /api/v1/notifications/unread-count
2026-07-02 17:04:54 [http-nio-8081-exec-6] DEBUG o.s.security.web.FilterChainProxy - Secured GET /api/v1/notifications/unread-count
2026-07-02 17:04:54 [http-nio-8081-exec-9] DEBUG o.s.security.web.FilterChainProxy - Securing GET /chat/conversations
2026-07-02 17:04:54 [http-nio-8081-exec-9] DEBUG o.s.security.web.FilterChainProxy - Secured GET /chat/conversations
2026-07-02 17:04:54 [http-nio-8081-exec-10] DEBUG o.s.security.web.FilterChainProxy - Securing GET /api/v1/notifications/unread-count
2026-07-02 17:04:54 [http-nio-8081-exec-10] DEBUG o.s.security.web.FilterChainProxy - Secured GET /api/v1/notifications/unread-count
2026-07-02 17:04:54 [http-nio-8081-exec-1] DEBUG o.s.security.web.FilterChainProxy - Securing GET /chat/conversations
2026-07-02 17:04:54 [http-nio-8081-exec-1] DEBUG o.s.security.web.FilterChainProxy - Secured GET /chat/conversations
2026-07-02 17:04:54 [http-nio-8081-exec-2] DEBUG o.s.security.web.FilterChainProxy - Securing GET /chat/conversations
2026-07-02 17:04:54 [http-nio-8081-exec-2] DEBUG o.s.security.web.FilterChainProxy - Secured GET /chat/conversations
2026-07-02 17:04:54 [http-nio-8081-exec-4] DEBUG o.s.security.web.FilterChainProxy - Securing GET /chat/conversations
2026-07-02 17:04:54 [http-nio-8081-exec-4] DEBUG o.s.security.web.FilterChainProxy - Secured GET /chat/conversations
2026-07-02 17:04:54 [http-nio-8081-exec-7] DEBUG o.s.security.web.FilterChainProxy - Securing GET /api/v1/posts/getAll?size=200
2026-07-02 17:04:54 [http-nio-8081-exec-7] DEBUG o.s.security.web.FilterChainProxy - Secured GET /api/v1/posts/getAll?size=200
2026-07-02 17:05:18 [http-nio-8081-exec-6] DEBUG o.s.security.web.FilterChainProxy - Securing GET /api/locations?level=2&size=1000
2026-07-02 17:05:18 [http-nio-8081-exec-9] DEBUG o.s.security.web.FilterChainProxy - Securing GET /users/me
2026-07-02 17:05:18 [http-nio-8081-exec-6] DEBUG o.s.security.web.FilterChainProxy - Secured GET /api/locations?level=2&size=1000
2026-07-02 17:05:18 [http-nio-8081-exec-9] DEBUG o.s.security.web.FilterChainProxy - Secured GET /users/me
2026-07-02 17:05:18 [http-nio-8081-exec-1] DEBUG o.s.security.web.FilterChainProxy - Securing GET /api/v1/notifications/unread-count
2026-07-02 17:05:18 [http-nio-8081-exec-1] DEBUG o.s.security.web.FilterChainProxy - Secured GET /api/v1/notifications/unread-count
2026-07-02 17:05:18 [http-nio-8081-exec-2] DEBUG o.s.security.web.FilterChainProxy - Securing GET /api/v1/notifications/stream?token=eyJhbGciOiJIUzI1NiJ9.eyJzdWIiOiJ0ZXN0dXNlcjEiLCJwZXJtaXNzaW9ucyI6WyJST0xFX1VTRVIiXSwiaXNzIjoiZGV2dGVyaWEuY29tIiwiZXhwIjoxNzgyOTkzODkzLCJpYXQiOjE3ODI5ODY2OTMsInVzZXJJZCI6IjUwNjljYTU0LWE4ODktNDg4MS04Yzk5LWM0MGU4MjViZmY0NiJ9.X_V1eiHf0OpuozXQIOQLL_ReRc8R8W0IZYdX7wZdol4
2026-07-02 17:05:18 [http-nio-8081-exec-2] DEBUG o.s.security.web.FilterChainProxy - Secured GET /api/v1/notifications/stream?token=eyJhbGciOiJIUzI1NiJ9.eyJzdWIiOiJ0ZXN0dXNlcjEiLCJwZXJtaXNzaW9ucyI6WyJST0xFX1VTRVIiXSwiaXNzIjoiZGV2dGVyaWEuY29tIiwiZXhwIjoxNzgyOTkzODkzLCJpYXQiOjE3ODI5ODY2OTMsInVzZXJJZCI6IjUwNjljYTU0LWE4ODktNDg4MS04Yzk5LWM0MGU4MjViZmY0NiJ9.X_V1eiHf0OpuozXQIOQLL_ReRc8R8W0IZYdX7wZdol4
2026-07-02 17:05:18 [http-nio-8081-exec-7] DEBUG o.s.security.web.FilterChainProxy - Securing GET /api/v1/notifications/unread-count
2026-07-02 17:05:18 [http-nio-8081-exec-5] DEBUG o.s.security.web.FilterChainProxy - Securing GET /chat/conversations
2026-07-02 17:05:18 [http-nio-8081-exec-7] DEBUG o.s.security.web.FilterChainProxy - Secured GET /api/v1/notifications/unread-count
2026-07-02 17:05:18 [http-nio-8081-exec-5] DEBUG o.s.security.web.FilterChainProxy - Secured GET /chat/conversations
2026-07-02 17:05:18 [http-nio-8081-exec-3] DEBUG o.s.security.web.FilterChainProxy - Securing GET /chat/conversations
2026-07-02 17:05:18 [http-nio-8081-exec-3] DEBUG o.s.security.web.FilterChainProxy - Secured GET /chat/conversations
2026-07-02 17:05:43 [http-nio-8081-exec-1] DEBUG o.s.security.web.FilterChainProxy - Securing GET /api/v1/posts/getAll?size=200
2026-07-02 17:05:43 [http-nio-8081-exec-10] DEBUG o.s.security.web.FilterChainProxy - Securing GET /api/locations?size=20&page=0&level=2
2026-07-02 17:05:43 [http-nio-8081-exec-1] DEBUG o.s.security.web.FilterChainProxy - Secured GET /api/v1/posts/getAll?size=200
2026-07-02 17:05:43 [http-nio-8081-exec-10] DEBUG o.s.security.web.FilterChainProxy - Secured GET /api/locations?size=20&page=0&level=2
2026-07-02 17:05:43 [http-nio-8081-exec-2] DEBUG o.s.security.web.FilterChainProxy - Securing GET /users/me
2026-07-02 17:05:43 [http-nio-8081-exec-2] DEBUG o.s.security.web.FilterChainProxy - Secured GET /users/me
2026-07-02 17:05:44 [http-nio-8081-exec-7] DEBUG o.s.security.web.FilterChainProxy - Securing GET /api/v1/notifications/unread-count
2026-07-02 17:05:44 [http-nio-8081-exec-7] DEBUG o.s.security.web.FilterChainProxy - Secured GET /api/v1/notifications/unread-count
2026-07-02 17:05:44 [http-nio-8081-exec-5] DEBUG o.s.security.web.FilterChainProxy - Securing GET /api/v1/notifications/unread-count
2026-07-02 17:05:44 [http-nio-8081-exec-5] DEBUG o.s.security.web.FilterChainProxy - Secured GET /api/v1/notifications/unread-count
2026-07-02 17:05:44 [http-nio-8081-exec-3] DEBUG o.s.security.web.FilterChainProxy - Securing GET /api/v1/notifications/stream?token=eyJhbGciOiJIUzI1NiJ9.eyJzdWIiOiJ0ZXN0dXNlcjEiLCJwZXJtaXNzaW9ucyI6WyJST0xFX1VTRVIiXSwiaXNzIjoiZGV2dGVyaWEuY29tIiwiZXhwIjoxNzgyOTkzODkzLCJpYXQiOjE3ODI5ODY2OTMsInVzZXJJZCI6IjUwNjljYTU0LWE4ODktNDg4MS04Yzk5LWM0MGU4MjViZmY0NiJ9.X_V1eiHf0OpuozXQIOQLL_ReRc8R8W0IZYdX7wZdol4
2026-07-02 17:05:44 [http-nio-8081-exec-3] DEBUG o.s.security.web.FilterChainProxy - Secured GET /api/v1/notifications/stream?token=eyJhbGciOiJIUzI1NiJ9.eyJzdWIiOiJ0ZXN0dXNlcjEiLCJwZXJtaXNzaW9ucyI6WyJST0xFX1VTRVIiXSwiaXNzIjoiZGV2dGVyaWEuY29tIiwiZXhwIjoxNzgyOTkzODkzLCJpYXQiOjE3ODI5ODY2OTMsInVzZXJJZCI6IjUwNjljYTU0LWE4ODktNDg4MS04Yzk5LWM0MGU4MjViZmY0NiJ9.X_V1eiHf0OpuozXQIOQLL_ReRc8R8W0IZYdX7wZdol4
2026-07-02 17:05:44 [http-nio-8081-exec-4] DEBUG o.s.security.web.FilterChainProxy - Securing GET /chat/conversations
2026-07-02 17:05:44 [http-nio-8081-exec-4] DEBUG o.s.security.web.FilterChainProxy - Secured GET /chat/conversations
2026-07-02 17:05:44 [http-nio-8081-exec-10] DEBUG o.s.security.web.FilterChainProxy - Securing GET /chat/conversations
2026-07-02 17:05:44 [http-nio-8081-exec-10] DEBUG o.s.security.web.FilterChainProxy - Secured GET /chat/conversations
2026-07-02 17:05:57 [http-nio-8081-exec-8] DEBUG o.s.security.web.FilterChainProxy - Securing GET /api/locations/7a84b328-90c4-439b-b705-a3516a5e358f
2026-07-02 17:05:57 [http-nio-8081-exec-1] DEBUG o.s.security.web.FilterChainProxy - Securing GET /users/me
2026-07-02 17:05:57 [http-nio-8081-exec-8] DEBUG o.s.security.web.FilterChainProxy - Secured GET /api/locations/7a84b328-90c4-439b-b705-a3516a5e358f
2026-07-02 17:05:57 [http-nio-8081-exec-1] DEBUG o.s.security.web.FilterChainProxy - Secured GET /users/me
2026-07-02 17:05:57 [http-nio-8081-exec-3] DEBUG o.s.security.web.FilterChainProxy - Securing GET /api/v1/posts/location/7a84b328-90c4-439b-b705-a3516a5e358f?size=50
2026-07-02 17:05:57 [http-nio-8081-exec-3] DEBUG o.s.security.web.FilterChainProxy - Secured GET /api/v1/posts/location/7a84b328-90c4-439b-b705-a3516a5e358f?size=50
2026-07-02 17:05:57 [http-nio-8081-exec-9] DEBUG o.s.security.web.FilterChainProxy - Securing GET /api/v1/notifications/unread-count
2026-07-02 17:05:57 [http-nio-8081-exec-9] DEBUG o.s.security.web.FilterChainProxy - Secured GET /api/v1/notifications/unread-count
2026-07-02 17:05:57 [http-nio-8081-exec-4] DEBUG o.s.security.web.FilterChainProxy - Securing GET /api/v1/notifications/stream?token=eyJhbGciOiJIUzI1NiJ9.eyJzdWIiOiJ0ZXN0dXNlcjEiLCJwZXJtaXNzaW9ucyI6WyJST0xFX1VTRVIiXSwiaXNzIjoiZGV2dGVyaWEuY29tIiwiZXhwIjoxNzgyOTkzODkzLCJpYXQiOjE3ODI5ODY2OTMsInVzZXJJZCI6IjUwNjljYTU0LWE4ODktNDg4MS04Yzk5LWM0MGU4MjViZmY0NiJ9.X_V1eiHf0OpuozXQIOQLL_ReRc8R8W0IZYdX7wZdol4
2026-07-02 17:05:57 [http-nio-8081-exec-4] DEBUG o.s.security.web.FilterChainProxy - Secured GET /api/v1/notifications/stream?token=eyJhbGciOiJIUzI1NiJ9.eyJzdWIiOiJ0ZXN0dXNlcjEiLCJwZXJtaXNzaW9ucyI6WyJST0xFX1VTRVIiXSwiaXNzIjoiZGV2dGVyaWEuY29tIiwiZXhwIjoxNzgyOTkzODkzLCJpYXQiOjE3ODI5ODY2OTMsInVzZXJJZCI6IjUwNjljYTU0LWE4ODktNDg4MS04Yzk5LWM0MGU4MjViZmY0NiJ9.X_V1eiHf0OpuozXQIOQLL_ReRc8R8W0IZYdX7wZdol4
2026-07-02 17:05:57 [http-nio-8081-exec-2] DEBUG o.s.security.web.FilterChainProxy - Securing GET /api/v1/notifications/unread-count
2026-07-02 17:05:57 [http-nio-8081-exec-2] DEBUG o.s.security.web.FilterChainProxy - Secured GET /api/v1/notifications/unread-count
2026-07-02 17:05:57 [http-nio-8081-exec-1] DEBUG o.s.security.web.FilterChainProxy - Securing GET /chat/conversations
2026-07-02 17:05:57 [http-nio-8081-exec-1] DEBUG o.s.security.web.FilterChainProxy - Secured GET /chat/conversations
2026-07-02 17:05:57 [http-nio-8081-exec-8] DEBUG o.s.security.web.FilterChainProxy - Securing GET /chat/conversations
2026-07-02 17:05:57 [http-nio-8081-exec-8] DEBUG o.s.security.web.FilterChainProxy - Secured GET /chat/conversations
2026-07-02 17:07:14 [http-nio-8081-exec-1] DEBUG o.s.security.web.FilterChainProxy - Securing GET /api/locations?level=2&size=1000
2026-07-02 17:07:14 [http-nio-8081-exec-2] DEBUG o.s.security.web.FilterChainProxy - Securing GET /users/me
2026-07-02 17:07:14 [http-nio-8081-exec-2] DEBUG o.s.security.web.FilterChainProxy - Secured GET /users/me
2026-07-02 17:07:14 [http-nio-8081-exec-1] DEBUG o.s.security.web.FilterChainProxy - Secured GET /api/locations?level=2&size=1000
2026-07-02 17:07:14 [http-nio-8081-exec-3] DEBUG o.s.security.web.FilterChainProxy - Securing GET /api/v1/notifications/unread-count
2026-07-02 17:07:14 [http-nio-8081-exec-3] DEBUG o.s.security.web.FilterChainProxy - Secured GET /api/v1/notifications/unread-count
2026-07-02 17:07:14 [http-nio-8081-exec-4] DEBUG o.s.security.web.FilterChainProxy - Securing GET /api/v1/notifications/stream?token=eyJhbGciOiJIUzI1NiJ9.eyJzdWIiOiJ0ZXN0dXNlcjEiLCJwZXJtaXNzaW9ucyI6WyJST0xFX1VTRVIiXSwiaXNzIjoiZGV2dGVyaWEuY29tIiwiZXhwIjoxNzgyOTkzODkzLCJpYXQiOjE3ODI5ODY2OTMsInVzZXJJZCI6IjUwNjljYTU0LWE4ODktNDg4MS04Yzk5LWM0MGU4MjViZmY0NiJ9.X_V1eiHf0OpuozXQIOQLL_ReRc8R8W0IZYdX7wZdol4
2026-07-02 17:07:14 [http-nio-8081-exec-4] DEBUG o.s.security.web.FilterChainProxy - Secured GET /api/v1/notifications/stream?token=eyJhbGciOiJIUzI1NiJ9.eyJzdWIiOiJ0ZXN0dXNlcjEiLCJwZXJtaXNzaW9ucyI6WyJST0xFX1VTRVIiXSwiaXNzIjoiZGV2dGVyaWEuY29tIiwiZXhwIjoxNzgyOTkzODkzLCJpYXQiOjE3ODI5ODY2OTMsInVzZXJJZCI6IjUwNjljYTU0LWE4ODktNDg4MS04Yzk5LWM0MGU4MjViZmY0NiJ9.X_V1eiHf0OpuozXQIOQLL_ReRc8R8W0IZYdX7wZdol4
2026-07-02 17:07:14 [http-nio-8081-exec-5] DEBUG o.s.security.web.FilterChainProxy - Securing GET /chat/conversations
2026-07-02 17:07:14 [http-nio-8081-exec-5] DEBUG o.s.security.web.FilterChainProxy - Secured GET /chat/conversations
2026-07-02 17:07:14 [http-nio-8081-exec-7] DEBUG o.s.security.web.FilterChainProxy - Securing GET /api/v1/notifications/unread-count
2026-07-02 17:07:14 [http-nio-8081-exec-7] DEBUG o.s.security.web.FilterChainProxy - Secured GET /api/v1/notifications/unread-count
2026-07-02 17:07:14 [http-nio-8081-exec-10] DEBUG o.s.security.web.FilterChainProxy - Securing GET /chat/conversations
2026-07-02 17:07:14 [http-nio-8081-exec-10] DEBUG o.s.security.web.FilterChainProxy - Secured GET /chat/conversations
2026-07-02 17:07:43 [http-nio-8081-exec-2] DEBUG o.s.security.web.FilterChainProxy - Securing GET /api/v1/notifications/unread-count
2026-07-02 17:07:43 [http-nio-8081-exec-2] DEBUG o.s.security.web.FilterChainProxy - Secured GET /api/v1/notifications/unread-count
2026-07-02 17:09:35 [http-nio-8081-exec-10] DEBUG o.s.security.web.FilterChainProxy - Securing GET /api/v1/posts/getAll?size=20&page=0
2026-07-02 17:09:35 [http-nio-8081-exec-1] DEBUG o.s.security.web.FilterChainProxy - Securing GET /users/getall?size=50
2026-07-02 17:09:35 [http-nio-8081-exec-10] DEBUG o.s.security.web.FilterChainProxy - Secured GET /api/v1/posts/getAll?size=20&page=0
2026-07-02 17:09:35 [http-nio-8081-exec-9] DEBUG o.s.security.web.FilterChainProxy - Securing GET /users/me
2026-07-02 17:09:35 [http-nio-8081-exec-1] DEBUG o.s.security.web.FilterChainProxy - Secured GET /users/getall?size=50
2026-07-02 17:09:35 [http-nio-8081-exec-9] DEBUG o.s.security.web.FilterChainProxy - Secured GET /users/me
2026-07-02 17:09:35 [http-nio-8081-exec-8] DEBUG o.s.security.web.FilterChainProxy - Securing GET /api/locations?size=10000
2026-07-02 17:09:35 [http-nio-8081-exec-8] DEBUG o.s.security.web.FilterChainProxy - Secured GET /api/locations?size=10000
2026-07-02 17:09:35 [http-nio-8081-exec-4] DEBUG o.s.security.web.FilterChainProxy - Securing GET /api/v1/notifications/unread-count
2026-07-02 17:09:35 [http-nio-8081-exec-4] DEBUG o.s.security.web.FilterChainProxy - Secured GET /api/v1/notifications/unread-count
2026-07-02 17:09:35 [http-nio-8081-exec-7] DEBUG o.s.security.web.FilterChainProxy - Securing GET /api/v1/posts/getAll?size=20&page=0&viewerId=5069ca54-a889-4881-8c99-c40e825bff46
2026-07-02 17:09:35 [http-nio-8081-exec-7] DEBUG o.s.security.web.FilterChainProxy - Secured GET /api/v1/posts/getAll?size=20&page=0&viewerId=5069ca54-a889-4881-8c99-c40e825bff46
2026-07-02 17:09:35 [http-nio-8081-exec-5] DEBUG o.s.security.web.FilterChainProxy - Securing GET /api/v1/notifications/unread-count
2026-07-02 17:09:35 [http-nio-8081-exec-2] DEBUG o.s.security.web.FilterChainProxy - Securing GET /api/v1/notifications/stream?token=eyJhbGciOiJIUzI1NiJ9.eyJzdWIiOiJ0ZXN0dXNlcjEiLCJwZXJtaXNzaW9ucyI6WyJST0xFX1VTRVIiXSwiaXNzIjoiZGV2dGVyaWEuY29tIiwiZXhwIjoxNzgyOTkzODkzLCJpYXQiOjE3ODI5ODY2OTMsInVzZXJJZCI6IjUwNjljYTU0LWE4ODktNDg4MS04Yzk5LWM0MGU4MjViZmY0NiJ9.X_V1eiHf0OpuozXQIOQLL_ReRc8R8W0IZYdX7wZdol4
2026-07-02 17:09:35 [http-nio-8081-exec-5] DEBUG o.s.security.web.FilterChainProxy - Secured GET /api/v1/notifications/unread-count
2026-07-02 17:09:35 [http-nio-8081-exec-2] DEBUG o.s.security.web.FilterChainProxy - Secured GET /api/v1/notifications/stream?token=eyJhbGciOiJIUzI1NiJ9.eyJzdWIiOiJ0ZXN0dXNlcjEiLCJwZXJtaXNzaW9ucyI6WyJST0xFX1VTRVIiXSwiaXNzIjoiZGV2dGVyaWEuY29tIiwiZXhwIjoxNzgyOTkzODkzLCJpYXQiOjE3ODI5ODY2OTMsInVzZXJJZCI6IjUwNjljYTU0LWE4ODktNDg4MS04Yzk5LWM0MGU4MjViZmY0NiJ9.X_V1eiHf0OpuozXQIOQLL_ReRc8R8W0IZYdX7wZdol4
2026-07-02 17:09:35 [http-nio-8081-exec-3] DEBUG o.s.security.web.FilterChainProxy - Securing GET /chat/conversations
2026-07-02 17:09:35 [http-nio-8081-exec-3] DEBUG o.s.security.web.FilterChainProxy - Secured GET /chat/conversations
2026-07-02 17:09:35 [http-nio-8081-exec-4] DEBUG o.s.security.web.FilterChainProxy - Securing GET /chat/conversations
2026-07-02 17:09:35 [http-nio-8081-exec-4] DEBUG o.s.security.web.FilterChainProxy - Secured GET /chat/conversations
2026-07-02 17:09:36 [http-nio-8081-exec-2] DEBUG o.s.security.web.FilterChainProxy - Securing GET /api/locations?size=10000
2026-07-02 17:09:36 [http-nio-8081-exec-2] DEBUG o.s.security.web.FilterChainProxy - Secured GET /api/locations?size=10000
2026-07-02 17:09:36 [http-nio-8081-exec-5] DEBUG o.s.security.web.FilterChainProxy - Securing GET /users/getall?size=50
2026-07-02 17:09:36 [http-nio-8081-exec-5] DEBUG o.s.security.web.FilterChainProxy - Secured GET /users/getall?size=50
2026-07-02 17:09:36 [http-nio-8081-exec-6] DEBUG o.s.security.web.FilterChainProxy - Securing GET /api/v1/follow/following-ids/5069ca54-a889-4881-8c99-c40e825bff46
2026-07-02 17:09:36 [http-nio-8081-exec-6] DEBUG o.s.security.web.FilterChainProxy - Secured GET /api/v1/follow/following-ids/5069ca54-a889-4881-8c99-c40e825bff46
2026-07-02 17:10:02 [http-nio-8081-exec-10] DEBUG o.s.security.web.FilterChainProxy - Securing GET /api/v1/posts/9bd7c731-54c2-4f20-bd19-6c2ef654ba38?viewerId=5069ca54-a889-4881-8c99-c40e825bff46
2026-07-02 17:10:02 [http-nio-8081-exec-1] DEBUG o.s.security.web.FilterChainProxy - Securing GET /api/v1/comments/post/9bd7c731-54c2-4f20-bd19-6c2ef654ba38
2026-07-02 17:10:02 [http-nio-8081-exec-10] DEBUG o.s.security.web.FilterChainProxy - Secured GET /api/v1/posts/9bd7c731-54c2-4f20-bd19-6c2ef654ba38?viewerId=5069ca54-a889-4881-8c99-c40e825bff46
2026-07-02 17:10:02 [http-nio-8081-exec-1] DEBUG o.s.security.web.FilterChainProxy - Secured GET /api/v1/comments/post/9bd7c731-54c2-4f20-bd19-6c2ef654ba38
2026-07-02 17:10:02 [http-nio-8081-exec-8] DEBUG o.s.security.web.FilterChainProxy - Securing GET /api/v1/comments/post/9bd7c731-54c2-4f20-bd19-6c2ef654ba38
2026-07-02 17:10:02 [http-nio-8081-exec-8] DEBUG o.s.security.web.FilterChainProxy - Secured GET /api/v1/comments/post/9bd7c731-54c2-4f20-bd19-6c2ef654ba38
2026-07-02 17:10:02 [http-nio-8081-exec-2] DEBUG o.s.security.web.FilterChainProxy - Securing GET /api/v1/posts/9bd7c731-54c2-4f20-bd19-6c2ef654ba38?viewerId=5069ca54-a889-4881-8c99-c40e825bff46
2026-07-02 17:10:02 [http-nio-8081-exec-2] DEBUG o.s.security.web.FilterChainProxy - Secured GET /api/v1/posts/9bd7c731-54c2-4f20-bd19-6c2ef654ba38?viewerId=5069ca54-a889-4881-8c99-c40e825bff46
2026-07-02 17:10:02 [http-nio-8081-exec-7] DEBUG o.s.security.web.FilterChainProxy - Securing GET /api/v1/follow/status?followerId=5069ca54-a889-4881-8c99-c40e825bff46&followingId=0fb7edf3-c49a-4549-88c5-4999314a331e
2026-07-02 17:10:02 [http-nio-8081-exec-7] DEBUG o.s.security.web.FilterChainProxy - Secured GET /api/v1/follow/status?followerId=5069ca54-a889-4881-8c99-c40e825bff46&followingId=0fb7edf3-c49a-4549-88c5-4999314a331e
2026-07-02 17:10:02 [http-nio-8081-exec-9] DEBUG o.s.security.web.FilterChainProxy - Securing GET /api/v1/follow/status?followerId=5069ca54-a889-4881-8c99-c40e825bff46&followingId=0fb7edf3-c49a-4549-88c5-4999314a331e
2026-07-02 17:10:02 [http-nio-8081-exec-9] DEBUG o.s.security.web.FilterChainProxy - Secured GET /api/v1/follow/status?followerId=5069ca54-a889-4881-8c99-c40e825bff46&followingId=0fb7edf3-c49a-4549-88c5-4999314a331e
2026-07-02 17:10:11 [http-nio-8081-exec-8] DEBUG o.s.security.web.FilterChainProxy - Securing GET /users/me
2026-07-02 17:10:11 [http-nio-8081-exec-1] DEBUG o.s.security.web.FilterChainProxy - Securing GET /api/v1/posts/9bd7c731-54c2-4f20-bd19-6c2ef654ba38
2026-07-02 17:10:11 [http-nio-8081-exec-10] DEBUG o.s.security.web.FilterChainProxy - Securing GET /api/v1/comments/post/9bd7c731-54c2-4f20-bd19-6c2ef654ba38
2026-07-02 17:10:11 [http-nio-8081-exec-8] DEBUG o.s.security.web.FilterChainProxy - Secured GET /users/me
2026-07-02 17:10:11 [http-nio-8081-exec-1] DEBUG o.s.security.web.FilterChainProxy - Secured GET /api/v1/posts/9bd7c731-54c2-4f20-bd19-6c2ef654ba38
2026-07-02 17:10:11 [http-nio-8081-exec-10] DEBUG o.s.security.web.FilterChainProxy - Secured GET /api/v1/comments/post/9bd7c731-54c2-4f20-bd19-6c2ef654ba38
2026-07-02 17:10:11 [http-nio-8081-exec-5] DEBUG o.s.security.web.FilterChainProxy - Securing GET /api/v1/notifications/unread-count
2026-07-02 17:10:11 [http-nio-8081-exec-5] DEBUG o.s.security.web.FilterChainProxy - Secured GET /api/v1/notifications/unread-count
2026-07-02 17:10:11 [http-nio-8081-exec-7] DEBUG o.s.security.web.FilterChainProxy - Securing GET /api/v1/notifications/unread-count
2026-07-02 17:10:11 [http-nio-8081-exec-7] DEBUG o.s.security.web.FilterChainProxy - Secured GET /api/v1/notifications/unread-count
2026-07-02 17:10:11 [http-nio-8081-exec-6] DEBUG o.s.security.web.FilterChainProxy - Securing GET /api/v1/follow/status?followerId=5069ca54-a889-4881-8c99-c40e825bff46&followingId=0fb7edf3-c49a-4549-88c5-4999314a331e
2026-07-02 17:10:11 [http-nio-8081-exec-6] DEBUG o.s.security.web.FilterChainProxy - Secured GET /api/v1/follow/status?followerId=5069ca54-a889-4881-8c99-c40e825bff46&followingId=0fb7edf3-c49a-4549-88c5-4999314a331e
2026-07-02 17:10:11 [http-nio-8081-exec-4] DEBUG o.s.security.web.FilterChainProxy - Securing GET /api/v1/posts/9bd7c731-54c2-4f20-bd19-6c2ef654ba38?viewerId=5069ca54-a889-4881-8c99-c40e825bff46
2026-07-02 17:10:11 [http-nio-8081-exec-4] DEBUG o.s.security.web.FilterChainProxy - Secured GET /api/v1/posts/9bd7c731-54c2-4f20-bd19-6c2ef654ba38?viewerId=5069ca54-a889-4881-8c99-c40e825bff46
2026-07-02 17:10:11 [http-nio-8081-exec-10] DEBUG o.s.security.web.FilterChainProxy - Securing GET /api/v1/follow/status?followerId=5069ca54-a889-4881-8c99-c40e825bff46&followingId=0fb7edf3-c49a-4549-88c5-4999314a331e
2026-07-02 17:10:11 [http-nio-8081-exec-10] DEBUG o.s.security.web.FilterChainProxy - Secured GET /api/v1/follow/status?followerId=5069ca54-a889-4881-8c99-c40e825bff46&followingId=0fb7edf3-c49a-4549-88c5-4999314a331e
2026-07-02 17:10:11 [http-nio-8081-exec-8] DEBUG o.s.security.web.FilterChainProxy - Securing GET /api/v1/notifications/stream?token=eyJhbGciOiJIUzI1NiJ9.eyJzdWIiOiJ0ZXN0dXNlcjEiLCJwZXJtaXNzaW9ucyI6WyJST0xFX1VTRVIiXSwiaXNzIjoiZGV2dGVyaWEuY29tIiwiZXhwIjoxNzgyOTkzODkzLCJpYXQiOjE3ODI5ODY2OTMsInVzZXJJZCI6IjUwNjljYTU0LWE4ODktNDg4MS04Yzk5LWM0MGU4MjViZmY0NiJ9.X_V1eiHf0OpuozXQIOQLL_ReRc8R8W0IZYdX7wZdol4
2026-07-02 17:10:11 [http-nio-8081-exec-8] DEBUG o.s.security.web.FilterChainProxy - Secured GET /api/v1/notifications/stream?token=eyJhbGciOiJIUzI1NiJ9.eyJzdWIiOiJ0ZXN0dXNlcjEiLCJwZXJtaXNzaW9ucyI6WyJST0xFX1VTRVIiXSwiaXNzIjoiZGV2dGVyaWEuY29tIiwiZXhwIjoxNzgyOTkzODkzLCJpYXQiOjE3ODI5ODY2OTMsInVzZXJJZCI6IjUwNjljYTU0LWE4ODktNDg4MS04Yzk5LWM0MGU4MjViZmY0NiJ9.X_V1eiHf0OpuozXQIOQLL_ReRc8R8W0IZYdX7wZdol4
2026-07-02 17:10:11 [http-nio-8081-exec-5] DEBUG o.s.security.web.FilterChainProxy - Securing GET /chat/conversations
2026-07-02 17:10:11 [http-nio-8081-exec-5] DEBUG o.s.security.web.FilterChainProxy - Secured GET /chat/conversations
2026-07-02 17:10:11 [http-nio-8081-exec-9] DEBUG o.s.security.web.FilterChainProxy - Securing GET /chat/conversations
2026-07-02 17:10:11 [http-nio-8081-exec-9] DEBUG o.s.security.web.FilterChainProxy - Secured GET /chat/conversations
2026-07-02 17:10:11 [http-nio-8081-exec-7] DEBUG o.s.security.web.FilterChainProxy - Securing GET /api/v1/follow/status?followerId=5069ca54-a889-4881-8c99-c40e825bff46&followingId=0fb7edf3-c49a-4549-88c5-4999314a331e
2026-07-02 17:10:11 [http-nio-8081-exec-7] DEBUG o.s.security.web.FilterChainProxy - Secured GET /api/v1/follow/status?followerId=5069ca54-a889-4881-8c99-c40e825bff46&followingId=0fb7edf3-c49a-4549-88c5-4999314a331e
2026-07-02 17:10:11 [http-nio-8081-exec-6] DEBUG o.s.security.web.FilterChainProxy - Securing GET /api/v1/follow/status?followerId=5069ca54-a889-4881-8c99-c40e825bff46&followingId=0fb7edf3-c49a-4549-88c5-4999314a331e
2026-07-02 17:10:11 [http-nio-8081-exec-6] DEBUG o.s.security.web.FilterChainProxy - Secured GET /api/v1/follow/status?followerId=5069ca54-a889-4881-8c99-c40e825bff46&followingId=0fb7edf3-c49a-4549-88c5-4999314a331e
2026-07-02 17:10:21 [http-nio-8081-exec-8] DEBUG o.s.security.web.FilterChainProxy - Securing GET /api/v1/comments/post/9bd7c731-54c2-4f20-bd19-6c2ef654ba38
2026-07-02 17:10:21 [http-nio-8081-exec-8] DEBUG o.s.security.web.FilterChainProxy - Secured GET /api/v1/comments/post/9bd7c731-54c2-4f20-bd19-6c2ef654ba38
2026-07-02 17:10:31 [http-nio-8081-exec-2] DEBUG o.s.security.web.FilterChainProxy - Securing GET /api/v1/comments/post/9bd7c731-54c2-4f20-bd19-6c2ef654ba38
2026-07-02 17:10:31 [http-nio-8081-exec-2] DEBUG o.s.security.web.FilterChainProxy - Secured GET /api/v1/comments/post/9bd7c731-54c2-4f20-bd19-6c2ef654ba38
2026-07-02 17:10:41 [http-nio-8081-exec-5] DEBUG o.s.security.web.FilterChainProxy - Securing GET /api/v1/comments/post/9bd7c731-54c2-4f20-bd19-6c2ef654ba38
2026-07-02 17:10:41 [http-nio-8081-exec-5] DEBUG o.s.security.web.FilterChainProxy - Secured GET /api/v1/comments/post/9bd7c731-54c2-4f20-bd19-6c2ef654ba38
2026-07-02 17:10:51 [http-nio-8081-exec-4] DEBUG o.s.security.web.FilterChainProxy - Securing GET /api/v1/comments/post/9bd7c731-54c2-4f20-bd19-6c2ef654ba38
2026-07-02 17:10:51 [http-nio-8081-exec-4] DEBUG o.s.security.web.FilterChainProxy - Secured GET /api/v1/comments/post/9bd7c731-54c2-4f20-bd19-6c2ef654ba38
2026-07-02 17:11:01 [http-nio-8081-exec-6] DEBUG o.s.security.web.FilterChainProxy - Securing GET /api/v1/comments/post/9bd7c731-54c2-4f20-bd19-6c2ef654ba38
2026-07-02 17:11:01 [http-nio-8081-exec-6] DEBUG o.s.security.web.FilterChainProxy - Secured GET /api/v1/comments/post/9bd7c731-54c2-4f20-bd19-6c2ef654ba38
2026-07-02 17:11:11 [http-nio-8081-exec-8] DEBUG o.s.security.web.FilterChainProxy - Securing GET /api/v1/comments/post/9bd7c731-54c2-4f20-bd19-6c2ef654ba38
2026-07-02 17:11:11 [http-nio-8081-exec-8] DEBUG o.s.security.web.FilterChainProxy - Secured GET /api/v1/comments/post/9bd7c731-54c2-4f20-bd19-6c2ef654ba38
2026-07-02 17:11:21 [http-nio-8081-exec-9] DEBUG o.s.security.web.FilterChainProxy - Securing GET /api/v1/comments/post/9bd7c731-54c2-4f20-bd19-6c2ef654ba38
2026-07-02 17:11:21 [http-nio-8081-exec-9] DEBUG o.s.security.web.FilterChainProxy - Secured GET /api/v1/comments/post/9bd7c731-54c2-4f20-bd19-6c2ef654ba38
2026-07-02 17:11:31 [http-nio-8081-exec-7] DEBUG o.s.security.web.FilterChainProxy - Securing GET /api/v1/comments/post/9bd7c731-54c2-4f20-bd19-6c2ef654ba38
2026-07-02 17:11:31 [http-nio-8081-exec-7] DEBUG o.s.security.web.FilterChainProxy - Secured GET /api/v1/comments/post/9bd7c731-54c2-4f20-bd19-6c2ef654ba38
2026-07-02 17:11:41 [http-nio-8081-exec-3] DEBUG o.s.security.web.FilterChainProxy - Securing GET /api/v1/comments/post/9bd7c731-54c2-4f20-bd19-6c2ef654ba38
2026-07-02 17:11:41 [http-nio-8081-exec-3] DEBUG o.s.security.web.FilterChainProxy - Secured GET /api/v1/comments/post/9bd7c731-54c2-4f20-bd19-6c2ef654ba38
2026-07-02 17:11:51 [http-nio-8081-exec-1] DEBUG o.s.security.web.FilterChainProxy - Securing GET /api/v1/comments/post/9bd7c731-54c2-4f20-bd19-6c2ef654ba38
2026-07-02 17:11:51 [http-nio-8081-exec-1] DEBUG o.s.security.web.FilterChainProxy - Secured GET /api/v1/comments/post/9bd7c731-54c2-4f20-bd19-6c2ef654ba38
2026-07-02 17:12:01 [http-nio-8081-exec-2] DEBUG o.s.security.web.FilterChainProxy - Securing GET /api/v1/comments/post/9bd7c731-54c2-4f20-bd19-6c2ef654ba38
2026-07-02 17:12:01 [http-nio-8081-exec-2] DEBUG o.s.security.web.FilterChainProxy - Secured GET /api/v1/comments/post/9bd7c731-54c2-4f20-bd19-6c2ef654ba38
2026-07-02 17:12:11 [http-nio-8081-exec-9] DEBUG o.s.security.web.FilterChainProxy - Securing GET /api/v1/comments/post/9bd7c731-54c2-4f20-bd19-6c2ef654ba38
2026-07-02 17:12:11 [http-nio-8081-exec-9] DEBUG o.s.security.web.FilterChainProxy - Secured GET /api/v1/comments/post/9bd7c731-54c2-4f20-bd19-6c2ef654ba38
2026-07-02 17:12:21 [http-nio-8081-exec-7] DEBUG o.s.security.web.FilterChainProxy - Securing GET /api/v1/comments/post/9bd7c731-54c2-4f20-bd19-6c2ef654ba38
2026-07-02 17:12:21 [http-nio-8081-exec-7] DEBUG o.s.security.web.FilterChainProxy - Secured GET /api/v1/comments/post/9bd7c731-54c2-4f20-bd19-6c2ef654ba38
2026-07-02 17:12:31 [http-nio-8081-exec-3] DEBUG o.s.security.web.FilterChainProxy - Securing GET /api/v1/comments/post/9bd7c731-54c2-4f20-bd19-6c2ef654ba38
2026-07-02 17:12:31 [http-nio-8081-exec-3] DEBUG o.s.security.web.FilterChainProxy - Secured GET /api/v1/comments/post/9bd7c731-54c2-4f20-bd19-6c2ef654ba38
2026-07-02 17:12:41 [http-nio-8081-exec-1] DEBUG o.s.security.web.FilterChainProxy - Securing GET /api/v1/comments/post/9bd7c731-54c2-4f20-bd19-6c2ef654ba38
2026-07-02 17:12:41 [http-nio-8081-exec-1] DEBUG o.s.security.web.FilterChainProxy - Secured GET /api/v1/comments/post/9bd7c731-54c2-4f20-bd19-6c2ef654ba38
2026-07-02 17:12:43 [http-nio-8081-exec-2] DEBUG o.s.security.web.FilterChainProxy - Securing GET /api/v1/notifications/unread-count
2026-07-02 17:12:43 [http-nio-8081-exec-2] DEBUG o.s.security.web.FilterChainProxy - Secured GET /api/v1/notifications/unread-count
2026-07-02 17:12:51 [http-nio-8081-exec-9] DEBUG o.s.security.web.FilterChainProxy - Securing GET /api/v1/comments/post/9bd7c731-54c2-4f20-bd19-6c2ef654ba38
2026-07-02 17:12:51 [http-nio-8081-exec-9] DEBUG o.s.security.web.FilterChainProxy - Secured GET /api/v1/comments/post/9bd7c731-54c2-4f20-bd19-6c2ef654ba38
2026-07-02 17:13:01 [http-nio-8081-exec-7] DEBUG o.s.security.web.FilterChainProxy - Securing GET /api/v1/comments/post/9bd7c731-54c2-4f20-bd19-6c2ef654ba38
2026-07-02 17:13:01 [http-nio-8081-exec-7] DEBUG o.s.security.web.FilterChainProxy - Secured GET /api/v1/comments/post/9bd7c731-54c2-4f20-bd19-6c2ef654ba38
2026-07-02 17:13:11 [http-nio-8081-exec-3] DEBUG o.s.security.web.FilterChainProxy - Securing GET /api/v1/comments/post/9bd7c731-54c2-4f20-bd19-6c2ef654ba38
2026-07-02 17:13:11 [http-nio-8081-exec-3] DEBUG o.s.security.web.FilterChainProxy - Secured GET /api/v1/comments/post/9bd7c731-54c2-4f20-bd19-6c2ef654ba38
2026-07-02 17:13:22 [http-nio-8081-exec-1] DEBUG o.s.security.web.FilterChainProxy - Securing GET /api/v1/comments/post/9bd7c731-54c2-4f20-bd19-6c2ef654ba38
2026-07-02 17:13:22 [http-nio-8081-exec-1] DEBUG o.s.security.web.FilterChainProxy - Secured GET /api/v1/comments/post/9bd7c731-54c2-4f20-bd19-6c2ef654ba38
2026-07-02 17:13:26 [SpringApplicationShutdownHook] INFO  o.s.boot.tomcat.GracefulShutdown - Commencing graceful shutdown. Waiting for active requests to complete
2026-07-02 17:13:56 [SpringApplicationShutdownHook] INFO  o.s.c.s.DefaultLifecycleProcessor - Shutdown phase 2147482623 ends with 1 bean still running after timeout of 30000ms: [webServerGracefulShutdown]
2026-07-02 17:13:56 [tomcat-shutdown] INFO  o.s.boot.tomcat.GracefulShutdown - Graceful shutdown aborted with one or more requests still active
2026-07-02 17:13:56 [http-nio-8081-exec-5] DEBUG o.s.security.web.FilterChainProxy - Securing GET /api/v1/notifications/stream?token=eyJhbGciOiJIUzI1NiJ9.eyJzdWIiOiJUdW5hLWFkbWluIiwicGVybWlzc2lvbnMiOlsiUk9MRV9BRE1JTiJdLCJpc3MiOiJkZXZ0ZXJpYS5jb20iLCJleHAiOjE3Nzk1MjAyNzUsImlhdCI6MTc3OTUxMzA3NSwidXNlcklkIjoiMGZiN2VkZjMtYzQ5YS00NTQ5LTg4YzUtNDk5OTMxNGEzMzFlIn0.bJu3f8N3VUhzhAlzxn07v98jJkgoo3H20isKAEyAScU
2026-07-02 17:13:56 [http-nio-8081-exec-1] DEBUG o.s.security.web.FilterChainProxy - Securing GET /api/v1/notifications/stream?token=eyJhbGciOiJIUzI1NiJ9.eyJzdWIiOiJ0ZXN0dXNlcjEiLCJwZXJtaXNzaW9ucyI6WyJST0xFX1VTRVIiXSwiaXNzIjoiZGV2dGVyaWEuY29tIiwiZXhwIjoxNzgyOTkzODkzLCJpYXQiOjE3ODI5ODY2OTMsInVzZXJJZCI6IjUwNjljYTU0LWE4ODktNDg4MS04Yzk5LWM0MGU4MjViZmY0NiJ9.X_V1eiHf0OpuozXQIOQLL_ReRc8R8W0IZYdX7wZdol4
2026-07-02 17:13:56 [http-nio-8081-exec-3] DEBUG o.s.security.web.FilterChainProxy - Securing GET /api/v1/notifications/stream?token=eyJhbGciOiJIUzI1NiJ9.eyJzdWIiOiJUdW5hLWFkbWluIiwicGVybWlzc2lvbnMiOlsiUk9MRV9BRE1JTiJdLCJpc3MiOiJkZXZ0ZXJpYS5jb20iLCJleHAiOjE3Nzk1MjAyNzUsImlhdCI6MTc3OTUxMzA3NSwidXNlcklkIjoiMGZiN2VkZjMtYzQ5YS00NTQ5LTg4YzUtNDk5OTMxNGEzMzFlIn0.bJu3f8N3VUhzhAlzxn07v98jJkgoo3H20isKAEyAScU
2026-07-02 17:13:56 [http-nio-8081-exec-7] DEBUG o.s.security.web.FilterChainProxy - Securing GET /api/v1/notifications/stream?token=eyJhbGciOiJIUzI1NiJ9.eyJzdWIiOiJ0ZXN0dXNlcjEiLCJwZXJtaXNzaW9ucyI6WyJST0xFX1VTRVIiXSwiaXNzIjoiZGV2dGVyaWEuY29tIiwiZXhwIjoxNzgyOTkzODkzLCJpYXQiOjE3ODI5ODY2OTMsInVzZXJJZCI6IjUwNjljYTU0LWE4ODktNDg4MS04Yzk5LWM0MGU4MjViZmY0NiJ9.X_V1eiHf0OpuozXQIOQLL_ReRc8R8W0IZYdX7wZdol4
2026-07-02 17:13:56 [http-nio-8081-exec-9] DEBUG o.s.security.web.FilterChainProxy - Securing GET /api/v1/notifications/stream?token=eyJhbGciOiJIUzI1NiJ9.eyJzdWIiOiJUdW5hLWFkbWluIiwicGVybWlzc2lvbnMiOlsiUk9MRV9BRE1JTiJdLCJpc3MiOiJkZXZ0ZXJpYS5jb20iLCJleHAiOjE3Nzk1MjAyNzUsImlhdCI6MTc3OTUxMzA3NSwidXNlcklkIjoiMGZiN2VkZjMtYzQ5YS00NTQ5LTg4YzUtNDk5OTMxNGEzMzFlIn0.bJu3f8N3VUhzhAlzxn07v98jJkgoo3H20isKAEyAScU
2026-07-02 17:13:56 [http-nio-8081-exec-4] DEBUG o.s.security.web.FilterChainProxy - Securing GET /api/v1/notifications/stream?token=eyJhbGciOiJIUzI1NiJ9.eyJzdWIiOiJ0ZXN0dXNlcjEiLCJwZXJtaXNzaW9ucyI6WyJST0xFX1VTRVIiXSwiaXNzIjoiZGV2dGVyaWEuY29tIiwiZXhwIjoxNzgyOTkzODkzLCJpYXQiOjE3ODI5ODY2OTMsInVzZXJJZCI6IjUwNjljYTU0LWE4ODktNDg4MS04Yzk5LWM0MGU4MjViZmY0NiJ9.X_V1eiHf0OpuozXQIOQLL_ReRc8R8W0IZYdX7wZdol4
2026-07-02 17:13:56 [http-nio-8081-exec-8] DEBUG o.s.security.web.FilterChainProxy - Securing GET /api/v1/notifications/stream?token=eyJhbGciOiJIUzI1NiJ9.eyJzdWIiOiJ0ZXN0dXNlcjEiLCJwZXJtaXNzaW9ucyI6WyJST0xFX1VTRVIiXSwiaXNzIjoiZGV2dGVyaWEuY29tIiwiZXhwIjoxNzgyOTkzODkzLCJpYXQiOjE3ODI5ODY2OTMsInVzZXJJZCI6IjUwNjljYTU0LWE4ODktNDg4MS04Yzk5LWM0MGU4MjViZmY0NiJ9.X_V1eiHf0OpuozXQIOQLL_ReRc8R8W0IZYdX7wZdol4
2026-07-02 17:13:56 [http-nio-8081-exec-2] DEBUG o.s.security.web.FilterChainProxy - Securing GET /api/v1/notifications/stream?token=eyJhbGciOiJIUzI1NiJ9.eyJzdWIiOiJ0ZXN0dXNlcjEiLCJwZXJtaXNzaW9ucyI6WyJST0xFX1VTRVIiXSwiaXNzIjoiZGV2dGVyaWEuY29tIiwiZXhwIjoxNzgyOTkzODkzLCJpYXQiOjE3ODI5ODY2OTMsInVzZXJJZCI6IjUwNjljYTU0LWE4ODktNDg4MS04Yzk5LWM0MGU4MjViZmY0NiJ9.X_V1eiHf0OpuozXQIOQLL_ReRc8R8W0IZYdX7wZdol4
2026-07-02 17:13:56 [http-nio-8081-exec-10] DEBUG o.s.security.web.FilterChainProxy - Securing GET /api/v1/notifications/stream?token=eyJhbGciOiJIUzI1NiJ9.eyJzdWIiOiJ0ZXN0dXNlcjEiLCJwZXJtaXNzaW9ucyI6WyJST0xFX1VTRVIiXSwiaXNzIjoiZGV2dGVyaWEuY29tIiwiZXhwIjoxNzgyOTkzODkzLCJpYXQiOjE3ODI5ODY2OTMsInVzZXJJZCI6IjUwNjljYTU0LWE4ODktNDg4MS04Yzk5LWM0MGU4MjViZmY0NiJ9.X_V1eiHf0OpuozXQIOQLL_ReRc8R8W0IZYdX7wZdol4
2026-07-02 17:13:56 [http-nio-8081-exec-6] DEBUG o.s.security.web.FilterChainProxy - Securing GET /api/v1/notifications/stream?token=eyJhbGciOiJIUzI1NiJ9.eyJzdWIiOiJ0ZXN0dXNlcjEiLCJwZXJtaXNzaW9ucyI6WyJST0xFX1VTRVIiXSwiaXNzIjoiZGV2dGVyaWEuY29tIiwiZXhwIjoxNzgyOTkzODkzLCJpYXQiOjE3ODI5ODY2OTMsInVzZXJJZCI6IjUwNjljYTU0LWE4ODktNDg4MS04Yzk5LWM0MGU4MjViZmY0NiJ9.X_V1eiHf0OpuozXQIOQLL_ReRc8R8W0IZYdX7wZdol4
2026-07-02 17:13:56 [http-nio-8081-exec-1] DEBUG o.s.security.web.FilterChainProxy - Secured GET /api/v1/notifications/stream?token=eyJhbGciOiJIUzI1NiJ9.eyJzdWIiOiJ0ZXN0dXNlcjEiLCJwZXJtaXNzaW9ucyI6WyJST0xFX1VTRVIiXSwiaXNzIjoiZGV2dGVyaWEuY29tIiwiZXhwIjoxNzgyOTkzODkzLCJpYXQiOjE3ODI5ODY2OTMsInVzZXJJZCI6IjUwNjljYTU0LWE4ODktNDg4MS04Yzk5LWM0MGU4MjViZmY0NiJ9.X_V1eiHf0OpuozXQIOQLL_ReRc8R8W0IZYdX7wZdol4
2026-07-02 17:13:56 [http-nio-8081-exec-5] DEBUG o.s.security.web.FilterChainProxy - Secured GET /api/v1/notifications/stream?token=eyJhbGciOiJIUzI1NiJ9.eyJzdWIiOiJUdW5hLWFkbWluIiwicGVybWlzc2lvbnMiOlsiUk9MRV9BRE1JTiJdLCJpc3MiOiJkZXZ0ZXJpYS5jb20iLCJleHAiOjE3Nzk1MjAyNzUsImlhdCI6MTc3OTUxMzA3NSwidXNlcklkIjoiMGZiN2VkZjMtYzQ5YS00NTQ5LTg4YzUtNDk5OTMxNGEzMzFlIn0.bJu3f8N3VUhzhAlzxn07v98jJkgoo3H20isKAEyAScU
2026-07-02 17:13:56 [http-nio-8081-exec-7] DEBUG o.s.security.web.FilterChainProxy - Secured GET /api/v1/notifications/stream?token=eyJhbGciOiJIUzI1NiJ9.eyJzdWIiOiJ0ZXN0dXNlcjEiLCJwZXJtaXNzaW9ucyI6WyJST0xFX1VTRVIiXSwiaXNzIjoiZGV2dGVyaWEuY29tIiwiZXhwIjoxNzgyOTkzODkzLCJpYXQiOjE3ODI5ODY2OTMsInVzZXJJZCI6IjUwNjljYTU0LWE4ODktNDg4MS04Yzk5LWM0MGU4MjViZmY0NiJ9.X_V1eiHf0OpuozXQIOQLL_ReRc8R8W0IZYdX7wZdol4
2026-07-02 17:13:56 [http-nio-8081-exec-4] DEBUG o.s.security.web.FilterChainProxy - Secured GET /api/v1/notifications/stream?token=eyJhbGciOiJIUzI1NiJ9.eyJzdWIiOiJ0ZXN0dXNlcjEiLCJwZXJtaXNzaW9ucyI6WyJST0xFX1VTRVIiXSwiaXNzIjoiZGV2dGVyaWEuY29tIiwiZXhwIjoxNzgyOTkzODkzLCJpYXQiOjE3ODI5ODY2OTMsInVzZXJJZCI6IjUwNjljYTU0LWE4ODktNDg4MS04Yzk5LWM0MGU4MjViZmY0NiJ9.X_V1eiHf0OpuozXQIOQLL_ReRc8R8W0IZYdX7wZdol4
2026-07-02 17:13:56 [http-nio-8081-exec-6] DEBUG o.s.security.web.FilterChainProxy - Secured GET /api/v1/notifications/stream?token=eyJhbGciOiJIUzI1NiJ9.eyJzdWIiOiJ0ZXN0dXNlcjEiLCJwZXJtaXNzaW9ucyI6WyJST0xFX1VTRVIiXSwiaXNzIjoiZGV2dGVyaWEuY29tIiwiZXhwIjoxNzgyOTkzODkzLCJpYXQiOjE3ODI5ODY2OTMsInVzZXJJZCI6IjUwNjljYTU0LWE4ODktNDg4MS04Yzk5LWM0MGU4MjViZmY0NiJ9.X_V1eiHf0OpuozXQIOQLL_ReRc8R8W0IZYdX7wZdol4
2026-07-02 17:13:56 [http-nio-8081-exec-3] DEBUG o.s.security.web.FilterChainProxy - Secured GET /api/v1/notifications/stream?token=eyJhbGciOiJIUzI1NiJ9.eyJzdWIiOiJUdW5hLWFkbWluIiwicGVybWlzc2lvbnMiOlsiUk9MRV9BRE1JTiJdLCJpc3MiOiJkZXZ0ZXJpYS5jb20iLCJleHAiOjE3Nzk1MjAyNzUsImlhdCI6MTc3OTUxMzA3NSwidXNlcklkIjoiMGZiN2VkZjMtYzQ5YS00NTQ5LTg4YzUtNDk5OTMxNGEzMzFlIn0.bJu3f8N3VUhzhAlzxn07v98jJkgoo3H20isKAEyAScU
2026-07-02 17:13:56 [http-nio-8081-exec-2] DEBUG o.s.security.web.FilterChainProxy - Secured GET /api/v1/notifications/stream?token=eyJhbGciOiJIUzI1NiJ9.eyJzdWIiOiJ0ZXN0dXNlcjEiLCJwZXJtaXNzaW9ucyI6WyJST0xFX1VTRVIiXSwiaXNzIjoiZGV2dGVyaWEuY29tIiwiZXhwIjoxNzgyOTkzODkzLCJpYXQiOjE3ODI5ODY2OTMsInVzZXJJZCI6IjUwNjljYTU0LWE4ODktNDg4MS04Yzk5LWM0MGU4MjViZmY0NiJ9.X_V1eiHf0OpuozXQIOQLL_ReRc8R8W0IZYdX7wZdol4
2026-07-02 17:13:56 [http-nio-8081-exec-10] DEBUG o.s.security.web.FilterChainProxy - Secured GET /api/v1/notifications/stream?token=eyJhbGciOiJIUzI1NiJ9.eyJzdWIiOiJ0ZXN0dXNlcjEiLCJwZXJtaXNzaW9ucyI6WyJST0xFX1VTRVIiXSwiaXNzIjoiZGV2dGVyaWEuY29tIiwiZXhwIjoxNzgyOTkzODkzLCJpYXQiOjE3ODI5ODY2OTMsInVzZXJJZCI6IjUwNjljYTU0LWE4ODktNDg4MS04Yzk5LWM0MGU4MjViZmY0NiJ9.X_V1eiHf0OpuozXQIOQLL_ReRc8R8W0IZYdX7wZdol4
2026-07-02 17:13:56 [http-nio-8081-exec-9] DEBUG o.s.security.web.FilterChainProxy - Secured GET /api/v1/notifications/stream?token=eyJhbGciOiJIUzI1NiJ9.eyJzdWIiOiJUdW5hLWFkbWluIiwicGVybWlzc2lvbnMiOlsiUk9MRV9BRE1JTiJdLCJpc3MiOiJkZXZ0ZXJpYS5jb20iLCJleHAiOjE3Nzk1MjAyNzUsImlhdCI6MTc3OTUxMzA3NSwidXNlcklkIjoiMGZiN2VkZjMtYzQ5YS00NTQ5LTg4YzUtNDk5OTMxNGEzMzFlIn0.bJu3f8N3VUhzhAlzxn07v98jJkgoo3H20isKAEyAScU
2026-07-02 17:13:56 [http-nio-8081-exec-8] DEBUG o.s.security.web.FilterChainProxy - Secured GET /api/v1/notifications/stream?token=eyJhbGciOiJIUzI1NiJ9.eyJzdWIiOiJ0ZXN0dXNlcjEiLCJwZXJtaXNzaW9ucyI6WyJST0xFX1VTRVIiXSwiaXNzIjoiZGV2dGVyaWEuY29tIiwiZXhwIjoxNzgyOTkzODkzLCJpYXQiOjE3ODI5ODY2OTMsInVzZXJJZCI6IjUwNjljYTU0LWE4ODktNDg4MS04Yzk5LWM0MGU4MjViZmY0NiJ9.X_V1eiHf0OpuozXQIOQLL_ReRc8R8W0IZYdX7wZdol4
2026-07-02 17:13:56 [http-nio-8081-exec-6] ERROR c.e.b.e.GlobalExceptionHandler - Unhandled Exception: 
org.springframework.web.context.request.async.AsyncRequestTimeoutException
	at org.springframework.web.context.request.async.TimeoutDeferredResultProcessingInterceptor.handleTimeout(TimeoutDeferredResultProcessingInterceptor.java:42)
	at org.springframework.web.context.request.async.DeferredResultInterceptorChain.triggerAfterTimeout(DeferredResultInterceptorChain.java:80)
	at org.springframework.web.context.request.async.WebAsyncManager.lambda$startDeferredResultProcessing$0(WebAsyncManager.java:426)
	at java.base/java.util.ArrayList.forEach(ArrayList.java:1511)
	at org.springframework.web.context.request.async.StandardServletAsyncWebRequest.onTimeout(StandardServletAsyncWebRequest.java:184)
	at org.apache.catalina.core.AsyncListenerWrapper.fireOnTimeout(AsyncListenerWrapper.java:44)
	at org.apache.catalina.core.AsyncContextImpl.timeout(AsyncContextImpl.java:136)
	at org.apache.catalina.connector.CoyoteAdapter.asyncDispatch(CoyoteAdapter.java:134)
	at org.apache.coyote.AbstractProcessor.dispatch(AbstractProcessor.java:242)
	at org.apache.coyote.AbstractProcessorLight.process(AbstractProcessorLight.java:57)
	at org.apache.coyote.AbstractProtocol$ConnectionHandler.process(AbstractProtocol.java:903)
	at org.apache.tomcat.util.net.NioEndpoint$SocketProcessor.doRun(NioEndpoint.java:1779)
	at org.apache.tomcat.util.net.SocketProcessorBase.run(SocketProcessorBase.java:52)
	at org.apache.tomcat.util.threads.ThreadPoolExecutor.runWorker(ThreadPoolExecutor.java:946)
	at org.apache.tomcat.util.threads.ThreadPoolExecutor$Worker.run(ThreadPoolExecutor.java:480)
	at org.apache.tomcat.util.threads.TaskThread$WrappingRunnable.run(TaskThread.java:57)
	at java.base/java.lang.Thread.run(Thread.java:840)
2026-07-02 17:13:56 [http-nio-8081-exec-3] ERROR c.e.b.e.GlobalExceptionHandler - Unhandled Exception: 
org.springframework.web.context.request.async.AsyncRequestTimeoutException
	at org.springframework.web.context.request.async.TimeoutDeferredResultProcessingInterceptor.handleTimeout(TimeoutDeferredResultProcessingInterceptor.java:42)
	at org.springframework.web.context.request.async.DeferredResultInterceptorChain.triggerAfterTimeout(DeferredResultInterceptorChain.java:80)
	at org.springframework.web.context.request.async.WebAsyncManager.lambda$startDeferredResultProcessing$0(WebAsyncManager.java:426)
	at java.base/java.util.ArrayList.forEach(ArrayList.java:1511)
	at org.springframework.web.context.request.async.StandardServletAsyncWebRequest.onTimeout(StandardServletAsyncWebRequest.java:184)
	at org.apache.catalina.core.AsyncListenerWrapper.fireOnTimeout(AsyncListenerWrapper.java:44)
	at org.apache.catalina.core.AsyncContextImpl.timeout(AsyncContextImpl.java:136)
	at org.apache.catalina.connector.CoyoteAdapter.asyncDispatch(CoyoteAdapter.java:134)
	at org.apache.coyote.AbstractProcessor.dispatch(AbstractProcessor.java:242)
	at org.apache.coyote.AbstractProcessorLight.process(AbstractProcessorLight.java:57)
	at org.apache.coyote.AbstractProtocol$ConnectionHandler.process(AbstractProtocol.java:903)
	at org.apache.tomcat.util.net.NioEndpoint$SocketProcessor.doRun(NioEndpoint.java:1779)
	at org.apache.tomcat.util.net.SocketProcessorBase.run(SocketProcessorBase.java:52)
	at org.apache.tomcat.util.threads.ThreadPoolExecutor.runWorker(ThreadPoolExecutor.java:946)
	at org.apache.tomcat.util.threads.ThreadPoolExecutor$Worker.run(ThreadPoolExecutor.java:480)
	at org.apache.tomcat.util.threads.TaskThread$WrappingRunnable.run(TaskThread.java:57)
	at java.base/java.lang.Thread.run(Thread.java:840)
2026-07-02 17:13:56 [http-nio-8081-exec-4] ERROR c.e.b.e.GlobalExceptionHandler - Unhandled Exception: 
org.springframework.web.context.request.async.AsyncRequestTimeoutException
	at org.springframework.web.context.request.async.TimeoutDeferredResultProcessingInterceptor.handleTimeout(TimeoutDeferredResultProcessingInterceptor.java:42)
	at org.springframework.web.context.request.async.DeferredResultInterceptorChain.triggerAfterTimeout(DeferredResultInterceptorChain.java:80)
	at org.springframework.web.context.request.async.WebAsyncManager.lambda$startDeferredResultProcessing$0(WebAsyncManager.java:426)
	at java.base/java.util.ArrayList.forEach(ArrayList.java:1511)
	at org.springframework.web.context.request.async.StandardServletAsyncWebRequest.onTimeout(StandardServletAsyncWebRequest.java:184)
	at org.apache.catalina.core.AsyncListenerWrapper.fireOnTimeout(AsyncListenerWrapper.java:44)
	at org.apache.catalina.core.AsyncContextImpl.timeout(AsyncContextImpl.java:136)
	at org.apache.catalina.connector.CoyoteAdapter.asyncDispatch(CoyoteAdapter.java:134)
	at org.apache.coyote.AbstractProcessor.dispatch(AbstractProcessor.java:242)
	at org.apache.coyote.AbstractProcessorLight.process(AbstractProcessorLight.java:57)
	at org.apache.coyote.AbstractProtocol$ConnectionHandler.process(AbstractProtocol.java:903)
	at org.apache.tomcat.util.net.NioEndpoint$SocketProcessor.doRun(NioEndpoint.java:1779)
	at org.apache.tomcat.util.net.SocketProcessorBase.run(SocketProcessorBase.java:52)
	at org.apache.tomcat.util.threads.ThreadPoolExecutor.runWorker(ThreadPoolExecutor.java:946)
	at org.apache.tomcat.util.threads.ThreadPoolExecutor$Worker.run(ThreadPoolExecutor.java:480)
	at org.apache.tomcat.util.threads.TaskThread$WrappingRunnable.run(TaskThread.java:57)
	at java.base/java.lang.Thread.run(Thread.java:840)
2026-07-02 17:13:56 [http-nio-8081-exec-5] ERROR c.e.b.e.GlobalExceptionHandler - Unhandled Exception: 
org.springframework.web.context.request.async.AsyncRequestTimeoutException
	at org.springframework.web.context.request.async.TimeoutDeferredResultProcessingInterceptor.handleTimeout(TimeoutDeferredResultProcessingInterceptor.java:42)
	at org.springframework.web.context.request.async.DeferredResultInterceptorChain.triggerAfterTimeout(DeferredResultInterceptorChain.java:80)
	at org.springframework.web.context.request.async.WebAsyncManager.lambda$startDeferredResultProcessing$0(WebAsyncManager.java:426)
	at java.base/java.util.ArrayList.forEach(ArrayList.java:1511)
	at org.springframework.web.context.request.async.StandardServletAsyncWebRequest.onTimeout(StandardServletAsyncWebRequest.java:184)
	at org.apache.catalina.core.AsyncListenerWrapper.fireOnTimeout(AsyncListenerWrapper.java:44)
	at org.apache.catalina.core.AsyncContextImpl.timeout(AsyncContextImpl.java:136)
	at org.apache.catalina.connector.CoyoteAdapter.asyncDispatch(CoyoteAdapter.java:134)
	at org.apache.coyote.AbstractProcessor.dispatch(AbstractProcessor.java:242)
	at org.apache.coyote.AbstractProcessorLight.process(AbstractProcessorLight.java:57)
	at org.apache.coyote.AbstractProtocol$ConnectionHandler.process(AbstractProtocol.java:903)
	at org.apache.tomcat.util.net.NioEndpoint$SocketProcessor.doRun(NioEndpoint.java:1779)
	at org.apache.tomcat.util.net.SocketProcessorBase.run(SocketProcessorBase.java:52)
	at org.apache.tomcat.util.threads.ThreadPoolExecutor.runWorker(ThreadPoolExecutor.java:946)
	at org.apache.tomcat.util.threads.ThreadPoolExecutor$Worker.run(ThreadPoolExecutor.java:480)
	at org.apache.tomcat.util.threads.TaskThread$WrappingRunnable.run(TaskThread.java:57)
	at java.base/java.lang.Thread.run(Thread.java:840)
2026-07-02 17:13:56 [http-nio-8081-exec-8] ERROR c.e.b.e.GlobalExceptionHandler - Unhandled Exception: 
org.springframework.web.context.request.async.AsyncRequestTimeoutException
	at org.springframework.web.context.request.async.TimeoutDeferredResultProcessingInterceptor.handleTimeout(TimeoutDeferredResultProcessingInterceptor.java:42)
	at org.springframework.web.context.request.async.DeferredResultInterceptorChain.triggerAfterTimeout(DeferredResultInterceptorChain.java:80)
	at org.springframework.web.context.request.async.WebAsyncManager.lambda$startDeferredResultProcessing$0(WebAsyncManager.java:426)
	at java.base/java.util.ArrayList.forEach(ArrayList.java:1511)
	at org.springframework.web.context.request.async.StandardServletAsyncWebRequest.onTimeout(StandardServletAsyncWebRequest.java:184)
	at org.apache.catalina.core.AsyncListenerWrapper.fireOnTimeout(AsyncListenerWrapper.java:44)
	at org.apache.catalina.core.AsyncContextImpl.timeout(AsyncContextImpl.java:136)
	at org.apache.catalina.connector.CoyoteAdapter.asyncDispatch(CoyoteAdapter.java:134)
	at org.apache.coyote.AbstractProcessor.dispatch(AbstractProcessor.java:242)
	at org.apache.coyote.AbstractProcessorLight.process(AbstractProcessorLight.java:57)
	at org.apache.coyote.AbstractProtocol$ConnectionHandler.process(AbstractProtocol.java:903)
	at org.apache.tomcat.util.net.NioEndpoint$SocketProcessor.doRun(NioEndpoint.java:1779)
	at org.apache.tomcat.util.net.SocketProcessorBase.run(SocketProcessorBase.java:52)
	at org.apache.tomcat.util.threads.ThreadPoolExecutor.runWorker(ThreadPoolExecutor.java:946)
	at org.apache.tomcat.util.threads.ThreadPoolExecutor$Worker.run(ThreadPoolExecutor.java:480)
	at org.apache.tomcat.util.threads.TaskThread$WrappingRunnable.run(TaskThread.java:57)
	at java.base/java.lang.Thread.run(Thread.java:840)
2026-07-02 17:13:56 [http-nio-8081-exec-10] ERROR c.e.b.e.GlobalExceptionHandler - Unhandled Exception: 
org.springframework.web.context.request.async.AsyncRequestTimeoutException
	at org.springframework.web.context.request.async.TimeoutDeferredResultProcessingInterceptor.handleTimeout(TimeoutDeferredResultProcessingInterceptor.java:42)
	at org.springframework.web.context.request.async.DeferredResultInterceptorChain.triggerAfterTimeout(DeferredResultInterceptorChain.java:80)
	at org.springframework.web.context.request.async.WebAsyncManager.lambda$startDeferredResultProcessing$0(WebAsyncManager.java:426)
	at java.base/java.util.ArrayList.forEach(ArrayList.java:1511)
	at org.springframework.web.context.request.async.StandardServletAsyncWebRequest.onTimeout(StandardServletAsyncWebRequest.java:184)
	at org.apache.catalina.core.AsyncListenerWrapper.fireOnTimeout(AsyncListenerWrapper.java:44)
	at org.apache.catalina.core.AsyncContextImpl.timeout(AsyncContextImpl.java:136)
	at org.apache.catalina.connector.CoyoteAdapter.asyncDispatch(CoyoteAdapter.java:134)
	at org.apache.coyote.AbstractProcessor.dispatch(AbstractProcessor.java:242)
	at org.apache.coyote.AbstractProcessorLight.process(AbstractProcessorLight.java:57)
	at org.apache.coyote.AbstractProtocol$ConnectionHandler.process(AbstractProtocol.java:903)
	at org.apache.tomcat.util.net.NioEndpoint$SocketProcessor.doRun(NioEndpoint.java:1779)
	at org.apache.tomcat.util.net.SocketProcessorBase.run(SocketProcessorBase.java:52)
	at org.apache.tomcat.util.threads.ThreadPoolExecutor.runWorker(ThreadPoolExecutor.java:946)
	at org.apache.tomcat.util.threads.ThreadPoolExecutor$Worker.run(ThreadPoolExecutor.java:480)
	at org.apache.tomcat.util.threads.TaskThread$WrappingRunnable.run(TaskThread.java:57)
	at java.base/java.lang.Thread.run(Thread.java:840)
2026-07-02 17:13:56 [http-nio-8081-exec-7] ERROR c.e.b.e.GlobalExceptionHandler - Unhandled Exception: 
org.springframework.web.context.request.async.AsyncRequestTimeoutException
	at org.springframework.web.context.request.async.TimeoutDeferredResultProcessingInterceptor.handleTimeout(TimeoutDeferredResultProcessingInterceptor.java:42)
	at org.springframework.web.context.request.async.DeferredResultInterceptorChain.triggerAfterTimeout(DeferredResultInterceptorChain.java:80)
	at org.springframework.web.context.request.async.WebAsyncManager.lambda$startDeferredResultProcessing$0(WebAsyncManager.java:426)
	at java.base/java.util.ArrayList.forEach(ArrayList.java:1511)
	at org.springframework.web.context.request.async.StandardServletAsyncWebRequest.onTimeout(StandardServletAsyncWebRequest.java:184)
	at org.apache.catalina.core.AsyncListenerWrapper.fireOnTimeout(AsyncListenerWrapper.java:44)
	at org.apache.catalina.core.AsyncContextImpl.timeout(AsyncContextImpl.java:136)
	at org.apache.catalina.connector.CoyoteAdapter.asyncDispatch(CoyoteAdapter.java:134)
	at org.apache.coyote.AbstractProcessor.dispatch(AbstractProcessor.java:242)
	at org.apache.coyote.AbstractProcessorLight.process(AbstractProcessorLight.java:57)
	at org.apache.coyote.AbstractProtocol$ConnectionHandler.process(AbstractProtocol.java:903)
	at org.apache.tomcat.util.net.NioEndpoint$SocketProcessor.doRun(NioEndpoint.java:1779)
	at org.apache.tomcat.util.net.SocketProcessorBase.run(SocketProcessorBase.java:52)
	at org.apache.tomcat.util.threads.ThreadPoolExecutor.runWorker(ThreadPoolExecutor.java:946)
	at org.apache.tomcat.util.threads.ThreadPoolExecutor$Worker.run(ThreadPoolExecutor.java:480)
	at org.apache.tomcat.util.threads.TaskThread$WrappingRunnable.run(TaskThread.java:57)
	at java.base/java.lang.Thread.run(Thread.java:840)
2026-07-02 17:13:56 [http-nio-8081-exec-1] ERROR c.e.b.e.GlobalExceptionHandler - Unhandled Exception: 
org.springframework.web.context.request.async.AsyncRequestTimeoutException
	at org.springframework.web.context.request.async.TimeoutDeferredResultProcessingInterceptor.handleTimeout(TimeoutDeferredResultProcessingInterceptor.java:42)
	at org.springframework.web.context.request.async.DeferredResultInterceptorChain.triggerAfterTimeout(DeferredResultInterceptorChain.java:80)
	at org.springframework.web.context.request.async.WebAsyncManager.lambda$startDeferredResultProcessing$0(WebAsyncManager.java:426)
	at java.base/java.util.ArrayList.forEach(ArrayList.java:1511)
	at org.springframework.web.context.request.async.StandardServletAsyncWebRequest.onTimeout(StandardServletAsyncWebRequest.java:184)
	at org.apache.catalina.core.AsyncListenerWrapper.fireOnTimeout(AsyncListenerWrapper.java:44)
	at org.apache.catalina.core.AsyncContextImpl.timeout(AsyncContextImpl.java:136)
	at org.apache.catalina.connector.CoyoteAdapter.asyncDispatch(CoyoteAdapter.java:134)
	at org.apache.coyote.AbstractProcessor.dispatch(AbstractProcessor.java:242)
	at org.apache.coyote.AbstractProcessorLight.process(AbstractProcessorLight.java:57)
	at org.apache.coyote.AbstractProtocol$ConnectionHandler.process(AbstractProtocol.java:903)
	at org.apache.tomcat.util.net.NioEndpoint$SocketProcessor.doRun(NioEndpoint.java:1779)
	at org.apache.tomcat.util.net.SocketProcessorBase.run(SocketProcessorBase.java:52)
	at org.apache.tomcat.util.threads.ThreadPoolExecutor.runWorker(ThreadPoolExecutor.java:946)
	at org.apache.tomcat.util.threads.ThreadPoolExecutor$Worker.run(ThreadPoolExecutor.java:480)
	at org.apache.tomcat.util.threads.TaskThread$WrappingRunnable.run(TaskThread.java:57)
	at java.base/java.lang.Thread.run(Thread.java:840)
2026-07-02 17:13:56 [http-nio-8081-exec-2] ERROR c.e.b.e.GlobalExceptionHandler - Unhandled Exception: 
org.springframework.web.context.request.async.AsyncRequestTimeoutException
	at org.springframework.web.context.request.async.TimeoutDeferredResultProcessingInterceptor.handleTimeout(TimeoutDeferredResultProcessingInterceptor.java:42)
	at org.springframework.web.context.request.async.DeferredResultInterceptorChain.triggerAfterTimeout(DeferredResultInterceptorChain.java:80)
	at org.springframework.web.context.request.async.WebAsyncManager.lambda$startDeferredResultProcessing$0(WebAsyncManager.java:426)
	at java.base/java.util.ArrayList.forEach(ArrayList.java:1511)
	at org.springframework.web.context.request.async.StandardServletAsyncWebRequest.onTimeout(StandardServletAsyncWebRequest.java:184)
	at org.apache.catalina.core.AsyncListenerWrapper.fireOnTimeout(AsyncListenerWrapper.java:44)
	at org.apache.catalina.core.AsyncContextImpl.timeout(AsyncContextImpl.java:136)
	at org.apache.catalina.connector.CoyoteAdapter.asyncDispatch(CoyoteAdapter.java:134)
	at org.apache.coyote.AbstractProcessor.dispatch(AbstractProcessor.java:242)
	at org.apache.coyote.AbstractProcessorLight.process(AbstractProcessorLight.java:57)
	at org.apache.coyote.AbstractProtocol$ConnectionHandler.process(AbstractProtocol.java:903)
	at org.apache.tomcat.util.net.NioEndpoint$SocketProcessor.doRun(NioEndpoint.java:1779)
	at org.apache.tomcat.util.net.SocketProcessorBase.run(SocketProcessorBase.java:52)
	at org.apache.tomcat.util.threads.ThreadPoolExecutor.runWorker(ThreadPoolExecutor.java:946)
	at org.apache.tomcat.util.threads.ThreadPoolExecutor$Worker.run(ThreadPoolExecutor.java:480)
	at org.apache.tomcat.util.threads.TaskThread$WrappingRunnable.run(TaskThread.java:57)
	at java.base/java.lang.Thread.run(Thread.java:840)
2026-07-02 17:13:56 [http-nio-8081-exec-9] ERROR c.e.b.e.GlobalExceptionHandler - Unhandled Exception: 
org.springframework.web.context.request.async.AsyncRequestTimeoutException
	at org.springframework.web.context.request.async.TimeoutDeferredResultProcessingInterceptor.handleTimeout(TimeoutDeferredResultProcessingInterceptor.java:42)
	at org.springframework.web.context.request.async.DeferredResultInterceptorChain.triggerAfterTimeout(DeferredResultInterceptorChain.java:80)
	at org.springframework.web.context.request.async.WebAsyncManager.lambda$startDeferredResultProcessing$0(WebAsyncManager.java:426)
	at java.base/java.util.ArrayList.forEach(ArrayList.java:1511)
	at org.springframework.web.context.request.async.StandardServletAsyncWebRequest.onTimeout(StandardServletAsyncWebRequest.java:184)
	at org.apache.catalina.core.AsyncListenerWrapper.fireOnTimeout(AsyncListenerWrapper.java:44)
	at org.apache.catalina.core.AsyncContextImpl.timeout(AsyncContextImpl.java:136)
	at org.apache.catalina.connector.CoyoteAdapter.asyncDispatch(CoyoteAdapter.java:134)
	at org.apache.coyote.AbstractProcessor.dispatch(AbstractProcessor.java:242)
	at org.apache.coyote.AbstractProcessorLight.process(AbstractProcessorLight.java:57)
	at org.apache.coyote.AbstractProtocol$ConnectionHandler.process(AbstractProtocol.java:903)
	at org.apache.tomcat.util.net.NioEndpoint$SocketProcessor.doRun(NioEndpoint.java:1779)
	at org.apache.tomcat.util.net.SocketProcessorBase.run(SocketProcessorBase.java:52)
	at org.apache.tomcat.util.threads.ThreadPoolExecutor.runWorker(ThreadPoolExecutor.java:946)
	at org.apache.tomcat.util.threads.ThreadPoolExecutor$Worker.run(ThreadPoolExecutor.java:480)
	at org.apache.tomcat.util.threads.TaskThread$WrappingRunnable.run(TaskThread.java:57)
	at java.base/java.lang.Thread.run(Thread.java:840)
2026-07-02 17:13:56 [http-nio-8081-exec-3] WARN  o.s.w.s.m.m.a.ExceptionHandlerExceptionResolver - Failure in @ExceptionHandler com.example.backend.exception.GlobalExceptionHandler#handleException(Exception)
org.springframework.http.converter.HttpMessageNotWritableException: No converter for [class com.example.backend.dto.response.ApiResponse] with preset Content-Type 'text/event-stream'
	at org.springframework.web.servlet.mvc.method.annotation.AbstractMessageConverterMethodProcessor.writeWithMessageConverters(AbstractMessageConverterMethodProcessor.java:364)
	at org.springframework.web.servlet.mvc.method.annotation.HttpEntityMethodProcessor.handleReturnValue(HttpEntityMethodProcessor.java:261)
	at org.springframework.web.method.support.HandlerMethodReturnValueHandlerComposite.handleReturnValue(HandlerMethodReturnValueHandlerComposite.java:78)
	at org.springframework.web.servlet.mvc.method.annotation.ServletInvocableHandlerMethod.invokeAndHandle(ServletInvocableHandlerMethod.java:135)
	at org.springframework.web.servlet.mvc.method.annotation.ExceptionHandlerExceptionResolver.doResolveHandlerMethodException(ExceptionHandlerExceptionResolver.java:460)
	at org.springframework.web.servlet.handler.AbstractHandlerMethodExceptionResolver.doResolveException(AbstractHandlerMethodExceptionResolver.java:72)
	at org.springframework.web.servlet.handler.AbstractHandlerExceptionResolver.resolveException(AbstractHandlerExceptionResolver.java:176)
	at org.springframework.web.servlet.handler.HandlerExceptionResolverComposite.resolveException(HandlerExceptionResolverComposite.java:78)
	at org.springframework.web.servlet.DispatcherServlet.processHandlerException(DispatcherServlet.java:1227)
	at org.springframework.web.servlet.DispatcherServlet.processDispatchResult(DispatcherServlet.java:1035)
	at org.springframework.web.servlet.DispatcherServlet.doDispatch(DispatcherServlet.java:980)
	at org.springframework.web.servlet.DispatcherServlet.doService(DispatcherServlet.java:866)
	at org.springframework.web.servlet.FrameworkServlet.processRequest(FrameworkServlet.java:1000)
	at org.springframework.web.servlet.FrameworkServlet.doGet(FrameworkServlet.java:892)
	at jakarta.servlet.http.HttpServlet.service(HttpServlet.java:622)
	at org.springframework.web.servlet.FrameworkServlet.service(FrameworkServlet.java:874)
	at jakarta.servlet.http.HttpServlet.service(HttpServlet.java:710)
	at org.apache.catalina.core.ApplicationFilterChain.doFilter(ApplicationFilterChain.java:128)
	at org.springframework.web.filter.OncePerRequestFilter.doFilter(OncePerRequestFilter.java:101)
	at org.apache.catalina.core.ApplicationFilterChain.doFilter(ApplicationFilterChain.java:107)
	at org.springframework.web.filter.CompositeFilter$VirtualFilterChain.doFilter(CompositeFilter.java:108)
	at org.springframework.security.web.FilterChainProxy.lambda$doFilterInternal$3(FilterChainProxy.java:235)
	at org.springframework.security.web.FilterChainProxy$VirtualFilterChain.doFilter(FilterChainProxy.java:371)
	at org.springframework.security.web.access.intercept.AuthorizationFilter.doFilter(AuthorizationFilter.java:101)
	at org.springframework.security.web.FilterChainProxy$VirtualFilterChain.doFilter(FilterChainProxy.java:380)
	at org.springframework.security.web.access.ExceptionTranslationFilter.doFilter(ExceptionTranslationFilter.java:126)
	at org.springframework.security.web.access.ExceptionTranslationFilter.doFilter(ExceptionTranslationFilter.java:120)
	at org.springframework.security.web.FilterChainProxy$VirtualFilterChain.doFilter(FilterChainProxy.java:380)
	at org.springframework.security.web.authentication.AnonymousAuthenticationFilter.doFilter(AnonymousAuthenticationFilter.java:100)
	at org.springframework.security.web.FilterChainProxy$VirtualFilterChain.doFilter(FilterChainProxy.java:380)
	at org.springframework.security.web.servletapi.SecurityContextHolderAwareRequestFilter.doFilter(SecurityContextHolderAwareRequestFilter.java:181)
	at org.springframework.security.web.FilterChainProxy$VirtualFilterChain.doFilter(FilterChainProxy.java:380)
	at org.springframework.security.web.savedrequest.RequestCacheAwareFilter.doFilter(RequestCacheAwareFilter.java:63)
	at org.springframework.security.web.FilterChainProxy$VirtualFilterChain.doFilter(FilterChainProxy.java:380)
	at org.springframework.web.filter.OncePerRequestFilter.doFilter(OncePerRequestFilter.java:101)
	at org.springframework.security.web.FilterChainProxy$VirtualFilterChain.doFilter(FilterChainProxy.java:380)
	at org.springframework.security.web.authentication.logout.LogoutFilter.doFilter(LogoutFilter.java:110)
	at org.springframework.security.web.authentication.logout.LogoutFilter.doFilter(LogoutFilter.java:96)
	at org.springframework.security.web.FilterChainProxy$VirtualFilterChain.doFilter(FilterChainProxy.java:380)
	at org.springframework.web.filter.OncePerRequestFilter.doFilter(OncePerRequestFilter.java:101)
	at org.springframework.security.web.FilterChainProxy$VirtualFilterChain.doFilter(FilterChainProxy.java:380)
	at org.springframework.web.filter.OncePerRequestFilter.doFilter(OncePerRequestFilter.java:101)
	at org.springframework.security.web.FilterChainProxy$VirtualFilterChain.doFilter(FilterChainProxy.java:380)
	at org.springframework.security.web.context.SecurityContextHolderFilter.doFilter(SecurityContextHolderFilter.java:82)
	at org.springframework.security.web.context.SecurityContextHolderFilter.doFilter(SecurityContextHolderFilter.java:69)
	at org.springframework.security.web.FilterChainProxy$VirtualFilterChain.doFilter(FilterChainProxy.java:380)
	at org.springframework.web.filter.OncePerRequestFilter.doFilter(OncePerRequestFilter.java:101)
	at org.springframework.security.web.FilterChainProxy$VirtualFilterChain.doFilter(FilterChainProxy.java:380)
	at org.springframework.web.filter.OncePerRequestFilter.doFilter(OncePerRequestFilter.java:101)
	at org.springframework.security.web.FilterChainProxy$VirtualFilterChain.doFilter(FilterChainProxy.java:380)
	at org.springframework.security.web.FilterChainProxy.doFilterInternal(FilterChainProxy.java:237)
	at org.springframework.security.web.FilterChainProxy.doFilter(FilterChainProxy.java:195)
	at org.springframework.web.filter.CompositeFilter$VirtualFilterChain.doFilter(CompositeFilter.java:113)
	at org.springframework.web.filter.ServletRequestPathFilter.doFilter(ServletRequestPathFilter.java:52)
	at org.springframework.web.filter.CompositeFilter$VirtualFilterChain.doFilter(CompositeFilter.java:113)
	at org.springframework.web.filter.CompositeFilter.doFilter(CompositeFilter.java:74)
	at org.springframework.security.config.annotation.web.configuration.WebSecurityConfiguration$CompositeFilterChainProxy.doFilter(WebSecurityConfiguration.java:317)
	at org.springframework.web.filter.DelegatingFilterProxy.invokeDelegate(DelegatingFilterProxy.java:355)
	at org.springframework.web.filter.DelegatingFilterProxy.doFilter(DelegatingFilterProxy.java:272)
	at org.apache.catalina.core.ApplicationFilterChain.doFilter(ApplicationFilterChain.java:107)
	at org.springframework.web.filter.RequestContextFilter.doFilterInternal(RequestContextFilter.java:100)
	at org.springframework.web.filter.OncePerRequestFilter.doFilter(OncePerRequestFilter.java:116)
	at org.apache.catalina.core.ApplicationFilterChain.doFilter(ApplicationFilterChain.java:107)
	at org.springframework.web.filter.OncePerRequestFilter.doFilter(OncePerRequestFilter.java:101)
	at org.apache.catalina.core.ApplicationFilterChain.doFilter(ApplicationFilterChain.java:107)
	at org.springframework.web.filter.OncePerRequestFilter.doFilter(OncePerRequestFilter.java:101)
	at org.apache.catalina.core.ApplicationFilterChain.doFilter(ApplicationFilterChain.java:107)
	at org.springframework.web.filter.OncePerRequestFilter.doFilter(OncePerRequestFilter.java:101)
	at org.apache.catalina.core.ApplicationFilterChain.doFilter(ApplicationFilterChain.java:107)
	at org.apache.catalina.core.ApplicationDispatcher.invoke(ApplicationDispatcher.java:513)
	at org.apache.catalina.core.ApplicationDispatcher.dispatch(ApplicationDispatcher.java:441)
	at org.apache.catalina.core.AsyncContextImpl$AsyncRunnable.run(AsyncContextImpl.java:585)
	at org.apache.catalina.core.AsyncContextImpl.doInternalDispatch(AsyncContextImpl.java:340)
	at org.apache.catalina.core.StandardWrapperValve.invoke(StandardWrapperValve.java:163)
	at org.apache.catalina.core.StandardContextValve.invoke(StandardContextValve.java:77)
	at org.apache.catalina.authenticator.AuthenticatorBase.invoke(AuthenticatorBase.java:492)
	at org.apache.catalina.core.StandardHostValve.invoke(StandardHostValve.java:113)
	at org.apache.catalina.valves.ErrorReportValve.invoke(ErrorReportValve.java:83)
	at org.apache.catalina.core.StandardEngineValve.invoke(StandardEngineValve.java:72)
	at org.apache.catalina.connector.CoyoteAdapter.asyncDispatch(CoyoteAdapter.java:238)
	at org.apache.coyote.AbstractProcessor.dispatch(AbstractProcessor.java:242)
	at org.apache.coyote.AbstractProcessorLight.process(AbstractProcessorLight.java:57)
	at org.apache.coyote.AbstractProtocol$ConnectionHandler.process(AbstractProtocol.java:903)
	at org.apache.tomcat.util.net.NioEndpoint$SocketProcessor.doRun(NioEndpoint.java:1779)
	at org.apache.tomcat.util.net.SocketProcessorBase.run(SocketProcessorBase.java:52)
	at org.apache.tomcat.util.threads.ThreadPoolExecutor.runWorker(ThreadPoolExecutor.java:946)
	at org.apache.tomcat.util.threads.ThreadPoolExecutor$Worker.run(ThreadPoolExecutor.java:480)
	at org.apache.tomcat.util.threads.TaskThread$WrappingRunnable.run(TaskThread.java:57)
	at java.base/java.lang.Thread.run(Thread.java:840)
2026-07-02 17:13:56 [http-nio-8081-exec-8] WARN  o.s.w.s.m.m.a.ExceptionHandlerExceptionResolver - Failure in @ExceptionHandler com.example.backend.exception.GlobalExceptionHandler#handleException(Exception)
org.springframework.http.converter.HttpMessageNotWritableException: No converter for [class com.example.backend.dto.response.ApiResponse] with preset Content-Type 'text/event-stream'
	at org.springframework.web.servlet.mvc.method.annotation.AbstractMessageConverterMethodProcessor.writeWithMessageConverters(AbstractMessageConverterMethodProcessor.java:364)
	at org.springframework.web.servlet.mvc.method.annotation.HttpEntityMethodProcessor.handleReturnValue(HttpEntityMethodProcessor.java:261)
	at org.springframework.web.method.support.HandlerMethodReturnValueHandlerComposite.handleReturnValue(HandlerMethodReturnValueHandlerComposite.java:78)
	at org.springframework.web.servlet.mvc.method.annotation.ServletInvocableHandlerMethod.invokeAndHandle(ServletInvocableHandlerMethod.java:135)
	at org.springframework.web.servlet.mvc.method.annotation.ExceptionHandlerExceptionResolver.doResolveHandlerMethodException(ExceptionHandlerExceptionResolver.java:460)
	at org.springframework.web.servlet.handler.AbstractHandlerMethodExceptionResolver.doResolveException(AbstractHandlerMethodExceptionResolver.java:72)
	at org.springframework.web.servlet.handler.AbstractHandlerExceptionResolver.resolveException(AbstractHandlerExceptionResolver.java:176)
	at org.springframework.web.servlet.handler.HandlerExceptionResolverComposite.resolveException(HandlerExceptionResolverComposite.java:78)
	at org.springframework.web.servlet.DispatcherServlet.processHandlerException(DispatcherServlet.java:1227)
	at org.springframework.web.servlet.DispatcherServlet.processDispatchResult(DispatcherServlet.java:1035)
	at org.springframework.web.servlet.DispatcherServlet.doDispatch(DispatcherServlet.java:980)
	at org.springframework.web.servlet.DispatcherServlet.doService(DispatcherServlet.java:866)
	at org.springframework.web.servlet.FrameworkServlet.processRequest(FrameworkServlet.java:1000)
	at org.springframework.web.servlet.FrameworkServlet.doGet(FrameworkServlet.java:892)
	at jakarta.servlet.http.HttpServlet.service(HttpServlet.java:622)
	at org.springframework.web.servlet.FrameworkServlet.service(FrameworkServlet.java:874)
	at jakarta.servlet.http.HttpServlet.service(HttpServlet.java:710)
	at org.apache.catalina.core.ApplicationFilterChain.doFilter(ApplicationFilterChain.java:128)
	at org.springframework.web.filter.OncePerRequestFilter.doFilter(OncePerRequestFilter.java:101)
	at org.apache.catalina.core.ApplicationFilterChain.doFilter(ApplicationFilterChain.java:107)
	at org.springframework.web.filter.CompositeFilter$VirtualFilterChain.doFilter(CompositeFilter.java:108)
	at org.springframework.security.web.FilterChainProxy.lambda$doFilterInternal$3(FilterChainProxy.java:235)
	at org.springframework.security.web.FilterChainProxy$VirtualFilterChain.doFilter(FilterChainProxy.java:371)
	at org.springframework.security.web.access.intercept.AuthorizationFilter.doFilter(AuthorizationFilter.java:101)
	at org.springframework.security.web.FilterChainProxy$VirtualFilterChain.doFilter(FilterChainProxy.java:380)
	at org.springframework.security.web.access.ExceptionTranslationFilter.doFilter(ExceptionTranslationFilter.java:126)
	at org.springframework.security.web.access.ExceptionTranslationFilter.doFilter(ExceptionTranslationFilter.java:120)
	at org.springframework.security.web.FilterChainProxy$VirtualFilterChain.doFilter(FilterChainProxy.java:380)
	at org.springframework.security.web.authentication.AnonymousAuthenticationFilter.doFilter(AnonymousAuthenticationFilter.java:100)
	at org.springframework.security.web.FilterChainProxy$VirtualFilterChain.doFilter(FilterChainProxy.java:380)
	at org.springframework.security.web.servletapi.SecurityContextHolderAwareRequestFilter.doFilter(SecurityContextHolderAwareRequestFilter.java:181)
	at org.springframework.security.web.FilterChainProxy$VirtualFilterChain.doFilter(FilterChainProxy.java:380)
	at org.springframework.security.web.savedrequest.RequestCacheAwareFilter.doFilter(RequestCacheAwareFilter.java:63)
	at org.springframework.security.web.FilterChainProxy$VirtualFilterChain.doFilter(FilterChainProxy.java:380)
	at org.springframework.web.filter.OncePerRequestFilter.doFilter(OncePerRequestFilter.java:101)
	at org.springframework.security.web.FilterChainProxy$VirtualFilterChain.doFilter(FilterChainProxy.java:380)
	at org.springframework.security.web.authentication.logout.LogoutFilter.doFilter(LogoutFilter.java:110)
	at org.springframework.security.web.authentication.logout.LogoutFilter.doFilter(LogoutFilter.java:96)
	at org.springframework.security.web.FilterChainProxy$VirtualFilterChain.doFilter(FilterChainProxy.java:380)
	at org.springframework.web.filter.OncePerRequestFilter.doFilter(OncePerRequestFilter.java:101)
	at org.springframework.security.web.FilterChainProxy$VirtualFilterChain.doFilter(FilterChainProxy.java:380)
	at org.springframework.web.filter.OncePerRequestFilter.doFilter(OncePerRequestFilter.java:101)
	at org.springframework.security.web.FilterChainProxy$VirtualFilterChain.doFilter(FilterChainProxy.java:380)
	at org.springframework.security.web.context.SecurityContextHolderFilter.doFilter(SecurityContextHolderFilter.java:82)
	at org.springframework.security.web.context.SecurityContextHolderFilter.doFilter(SecurityContextHolderFilter.java:69)
	at org.springframework.security.web.FilterChainProxy$VirtualFilterChain.doFilter(FilterChainProxy.java:380)
	at org.springframework.web.filter.OncePerRequestFilter.doFilter(OncePerRequestFilter.java:101)
	at org.springframework.security.web.FilterChainProxy$VirtualFilterChain.doFilter(FilterChainProxy.java:380)
	at org.springframework.web.filter.OncePerRequestFilter.doFilter(OncePerRequestFilter.java:101)
	at org.springframework.security.web.FilterChainProxy$VirtualFilterChain.doFilter(FilterChainProxy.java:380)
	at org.springframework.security.web.FilterChainProxy.doFilterInternal(FilterChainProxy.java:237)
	at org.springframework.security.web.FilterChainProxy.doFilter(FilterChainProxy.java:195)
	at org.springframework.web.filter.CompositeFilter$VirtualFilterChain.doFilter(CompositeFilter.java:113)
	at org.springframework.web.filter.ServletRequestPathFilter.doFilter(ServletRequestPathFilter.java:52)
	at org.springframework.web.filter.CompositeFilter$VirtualFilterChain.doFilter(CompositeFilter.java:113)
	at org.springframework.web.filter.CompositeFilter.doFilter(CompositeFilter.java:74)
	at org.springframework.security.config.annotation.web.configuration.WebSecurityConfiguration$CompositeFilterChainProxy.doFilter(WebSecurityConfiguration.java:317)
	at org.springframework.web.filter.DelegatingFilterProxy.invokeDelegate(DelegatingFilterProxy.java:355)
	at org.springframework.web.filter.DelegatingFilterProxy.doFilter(DelegatingFilterProxy.java:272)
	at org.apache.catalina.core.ApplicationFilterChain.doFilter(ApplicationFilterChain.java:107)
	at org.springframework.web.filter.RequestContextFilter.doFilterInternal(RequestContextFilter.java:100)
	at org.springframework.web.filter.OncePerRequestFilter.doFilter(OncePerRequestFilter.java:116)
	at org.apache.catalina.core.ApplicationFilterChain.doFilter(ApplicationFilterChain.java:107)
	at org.springframework.web.filter.OncePerRequestFilter.doFilter(OncePerRequestFilter.java:101)
	at org.apache.catalina.core.ApplicationFilterChain.doFilter(ApplicationFilterChain.java:107)
	at org.springframework.web.filter.OncePerRequestFilter.doFilter(OncePerRequestFilter.java:101)
	at org.apache.catalina.core.ApplicationFilterChain.doFilter(ApplicationFilterChain.java:107)
	at org.springframework.web.filter.OncePerRequestFilter.doFilter(OncePerRequestFilter.java:101)
	at org.apache.catalina.core.ApplicationFilterChain.doFilter(ApplicationFilterChain.java:107)
	at org.apache.catalina.core.ApplicationDispatcher.invoke(ApplicationDispatcher.java:513)
	at org.apache.catalina.core.ApplicationDispatcher.dispatch(ApplicationDispatcher.java:441)
	at org.apache.catalina.core.AsyncContextImpl$AsyncRunnable.run(AsyncContextImpl.java:585)
	at org.apache.catalina.core.AsyncContextImpl.doInternalDispatch(AsyncContextImpl.java:340)
	at org.apache.catalina.core.StandardWrapperValve.invoke(StandardWrapperValve.java:163)
	at org.apache.catalina.core.StandardContextValve.invoke(StandardContextValve.java:77)
	at org.apache.catalina.authenticator.AuthenticatorBase.invoke(AuthenticatorBase.java:492)
	at org.apache.catalina.core.StandardHostValve.invoke(StandardHostValve.java:113)
	at org.apache.catalina.valves.ErrorReportValve.invoke(ErrorReportValve.java:83)
	at org.apache.catalina.core.StandardEngineValve.invoke(StandardEngineValve.java:72)
	at org.apache.catalina.connector.CoyoteAdapter.asyncDispatch(CoyoteAdapter.java:238)
	at org.apache.coyote.AbstractProcessor.dispatch(AbstractProcessor.java:242)
	at org.apache.coyote.AbstractProcessorLight.process(AbstractProcessorLight.java:57)
	at org.apache.coyote.AbstractProtocol$ConnectionHandler.process(AbstractProtocol.java:903)
	at org.apache.tomcat.util.net.NioEndpoint$SocketProcessor.doRun(NioEndpoint.java:1779)
	at org.apache.tomcat.util.net.SocketProcessorBase.run(SocketProcessorBase.java:52)
	at org.apache.tomcat.util.threads.ThreadPoolExecutor.runWorker(ThreadPoolExecutor.java:946)
	at org.apache.tomcat.util.threads.ThreadPoolExecutor$Worker.run(ThreadPoolExecutor.java:480)
	at org.apache.tomcat.util.threads.TaskThread$WrappingRunnable.run(TaskThread.java:57)
	at java.base/java.lang.Thread.run(Thread.java:840)
2026-07-02 17:13:56 [http-nio-8081-exec-9] WARN  o.s.w.s.m.m.a.ExceptionHandlerExceptionResolver - Failure in @ExceptionHandler com.example.backend.exception.GlobalExceptionHandler#handleException(Exception)
org.springframework.http.converter.HttpMessageNotWritableException: No converter for [class com.example.backend.dto.response.ApiResponse] with preset Content-Type 'text/event-stream'
	at org.springframework.web.servlet.mvc.method.annotation.AbstractMessageConverterMethodProcessor.writeWithMessageConverters(AbstractMessageConverterMethodProcessor.java:364)
	at org.springframework.web.servlet.mvc.method.annotation.HttpEntityMethodProcessor.handleReturnValue(HttpEntityMethodProcessor.java:261)
	at org.springframework.web.method.support.HandlerMethodReturnValueHandlerComposite.handleReturnValue(HandlerMethodReturnValueHandlerComposite.java:78)
	at org.springframework.web.servlet.mvc.method.annotation.ServletInvocableHandlerMethod.invokeAndHandle(ServletInvocableHandlerMethod.java:135)
	at org.springframework.web.servlet.mvc.method.annotation.ExceptionHandlerExceptionResolver.doResolveHandlerMethodException(ExceptionHandlerExceptionResolver.java:460)
	at org.springframework.web.servlet.handler.AbstractHandlerMethodExceptionResolver.doResolveException(AbstractHandlerMethodExceptionResolver.java:72)
	at org.springframework.web.servlet.handler.AbstractHandlerExceptionResolver.resolveException(AbstractHandlerExceptionResolver.java:176)
	at org.springframework.web.servlet.handler.HandlerExceptionResolverComposite.resolveException(HandlerExceptionResolverComposite.java:78)
	at org.springframework.web.servlet.DispatcherServlet.processHandlerException(DispatcherServlet.java:1227)
	at org.springframework.web.servlet.DispatcherServlet.processDispatchResult(DispatcherServlet.java:1035)
	at org.springframework.web.servlet.DispatcherServlet.doDispatch(DispatcherServlet.java:980)
	at org.springframework.web.servlet.DispatcherServlet.doService(DispatcherServlet.java:866)
	at org.springframework.web.servlet.FrameworkServlet.processRequest(FrameworkServlet.java:1000)
	at org.springframework.web.servlet.FrameworkServlet.doGet(FrameworkServlet.java:892)
	at jakarta.servlet.http.HttpServlet.service(HttpServlet.java:622)
	at org.springframework.web.servlet.FrameworkServlet.service(FrameworkServlet.java:874)
	at jakarta.servlet.http.HttpServlet.service(HttpServlet.java:710)
	at org.apache.catalina.core.ApplicationFilterChain.doFilter(ApplicationFilterChain.java:128)
	at org.springframework.web.filter.OncePerRequestFilter.doFilter(OncePerRequestFilter.java:101)
	at org.apache.catalina.core.ApplicationFilterChain.doFilter(ApplicationFilterChain.java:107)
	at org.springframework.web.filter.CompositeFilter$VirtualFilterChain.doFilter(CompositeFilter.java:108)
	at org.springframework.security.web.FilterChainProxy.lambda$doFilterInternal$3(FilterChainProxy.java:235)
	at org.springframework.security.web.FilterChainProxy$VirtualFilterChain.doFilter(FilterChainProxy.java:371)
	at org.springframework.security.web.access.intercept.AuthorizationFilter.doFilter(AuthorizationFilter.java:101)
	at org.springframework.security.web.FilterChainProxy$VirtualFilterChain.doFilter(FilterChainProxy.java:380)
	at org.springframework.security.web.access.ExceptionTranslationFilter.doFilter(ExceptionTranslationFilter.java:126)
	at org.springframework.security.web.access.ExceptionTranslationFilter.doFilter(ExceptionTranslationFilter.java:120)
	at org.springframework.security.web.FilterChainProxy$VirtualFilterChain.doFilter(FilterChainProxy.java:380)
	at org.springframework.security.web.authentication.AnonymousAuthenticationFilter.doFilter(AnonymousAuthenticationFilter.java:100)
	at org.springframework.security.web.FilterChainProxy$VirtualFilterChain.doFilter(FilterChainProxy.java:380)
	at org.springframework.security.web.servletapi.SecurityContextHolderAwareRequestFilter.doFilter(SecurityContextHolderAwareRequestFilter.java:181)
	at org.springframework.security.web.FilterChainProxy$VirtualFilterChain.doFilter(FilterChainProxy.java:380)
	at org.springframework.security.web.savedrequest.RequestCacheAwareFilter.doFilter(RequestCacheAwareFilter.java:63)
	at org.springframework.security.web.FilterChainProxy$VirtualFilterChain.doFilter(FilterChainProxy.java:380)
	at org.springframework.web.filter.OncePerRequestFilter.doFilter(OncePerRequestFilter.java:101)
	at org.springframework.security.web.FilterChainProxy$VirtualFilterChain.doFilter(FilterChainProxy.java:380)
	at org.springframework.security.web.authentication.logout.LogoutFilter.doFilter(LogoutFilter.java:110)
	at org.springframework.security.web.authentication.logout.LogoutFilter.doFilter(LogoutFilter.java:96)
	at org.springframework.security.web.FilterChainProxy$VirtualFilterChain.doFilter(FilterChainProxy.java:380)
	at org.springframework.web.filter.OncePerRequestFilter.doFilter(OncePerRequestFilter.java:101)
	at org.springframework.security.web.FilterChainProxy$VirtualFilterChain.doFilter(FilterChainProxy.java:380)
	at org.springframework.web.filter.OncePerRequestFilter.doFilter(OncePerRequestFilter.java:101)
	at org.springframework.security.web.FilterChainProxy$VirtualFilterChain.doFilter(FilterChainProxy.java:380)
	at org.springframework.security.web.context.SecurityContextHolderFilter.doFilter(SecurityContextHolderFilter.java:82)
	at org.springframework.security.web.context.SecurityContextHolderFilter.doFilter(SecurityContextHolderFilter.java:69)
	at org.springframework.security.web.FilterChainProxy$VirtualFilterChain.doFilter(FilterChainProxy.java:380)
	at org.springframework.web.filter.OncePerRequestFilter.doFilter(OncePerRequestFilter.java:101)
	at org.springframework.security.web.FilterChainProxy$VirtualFilterChain.doFilter(FilterChainProxy.java:380)
	at org.springframework.web.filter.OncePerRequestFilter.doFilter(OncePerRequestFilter.java:101)
	at org.springframework.security.web.FilterChainProxy$VirtualFilterChain.doFilter(FilterChainProxy.java:380)
	at org.springframework.security.web.FilterChainProxy.doFilterInternal(FilterChainProxy.java:237)
	at org.springframework.security.web.FilterChainProxy.doFilter(FilterChainProxy.java:195)
	at org.springframework.web.filter.CompositeFilter$VirtualFilterChain.doFilter(CompositeFilter.java:113)
	at org.springframework.web.filter.ServletRequestPathFilter.doFilter(ServletRequestPathFilter.java:52)
	at org.springframework.web.filter.CompositeFilter$VirtualFilterChain.doFilter(CompositeFilter.java:113)
	at org.springframework.web.filter.CompositeFilter.doFilter(CompositeFilter.java:74)
	at org.springframework.security.config.annotation.web.configuration.WebSecurityConfiguration$CompositeFilterChainProxy.doFilter(WebSecurityConfiguration.java:317)
	at org.springframework.web.filter.DelegatingFilterProxy.invokeDelegate(DelegatingFilterProxy.java:355)
	at org.springframework.web.filter.DelegatingFilterProxy.doFilter(DelegatingFilterProxy.java:272)
	at org.apache.catalina.core.ApplicationFilterChain.doFilter(ApplicationFilterChain.java:107)
	at org.springframework.web.filter.RequestContextFilter.doFilterInternal(RequestContextFilter.java:100)
	at org.springframework.web.filter.OncePerRequestFilter.doFilter(OncePerRequestFilter.java:116)
	at org.apache.catalina.core.ApplicationFilterChain.doFilter(ApplicationFilterChain.java:107)
	at org.springframework.web.filter.OncePerRequestFilter.doFilter(OncePerRequestFilter.java:101)
	at org.apache.catalina.core.ApplicationFilterChain.doFilter(ApplicationFilterChain.java:107)
	at org.springframework.web.filter.OncePerRequestFilter.doFilter(OncePerRequestFilter.java:101)
	at org.apache.catalina.core.ApplicationFilterChain.doFilter(ApplicationFilterChain.java:107)
	at org.springframework.web.filter.OncePerRequestFilter.doFilter(OncePerRequestFilter.java:101)
	at org.apache.catalina.core.ApplicationFilterChain.doFilter(ApplicationFilterChain.java:107)
	at org.apache.catalina.core.ApplicationDispatcher.invoke(ApplicationDispatcher.java:513)
	at org.apache.catalina.core.ApplicationDispatcher.dispatch(ApplicationDispatcher.java:441)
	at org.apache.catalina.core.AsyncContextImpl$AsyncRunnable.run(AsyncContextImpl.java:585)
	at org.apache.catalina.core.AsyncContextImpl.doInternalDispatch(AsyncContextImpl.java:340)
	at org.apache.catalina.core.StandardWrapperValve.invoke(StandardWrapperValve.java:163)
	at org.apache.catalina.core.StandardContextValve.invoke(StandardContextValve.java:77)
	at org.apache.catalina.authenticator.AuthenticatorBase.invoke(AuthenticatorBase.java:492)
	at org.apache.catalina.core.StandardHostValve.invoke(StandardHostValve.java:113)
	at org.apache.catalina.valves.ErrorReportValve.invoke(ErrorReportValve.java:83)
	at org.apache.catalina.core.StandardEngineValve.invoke(StandardEngineValve.java:72)
	at org.apache.catalina.connector.CoyoteAdapter.asyncDispatch(CoyoteAdapter.java:238)
	at org.apache.coyote.AbstractProcessor.dispatch(AbstractProcessor.java:242)
	at org.apache.coyote.AbstractProcessorLight.process(AbstractProcessorLight.java:57)
	at org.apache.coyote.AbstractProtocol$ConnectionHandler.process(AbstractProtocol.java:903)
	at org.apache.tomcat.util.net.NioEndpoint$SocketProcessor.doRun(NioEndpoint.java:1779)
	at org.apache.tomcat.util.net.SocketProcessorBase.run(SocketProcessorBase.java:52)
	at org.apache.tomcat.util.threads.ThreadPoolExecutor.runWorker(ThreadPoolExecutor.java:946)
	at org.apache.tomcat.util.threads.ThreadPoolExecutor$Worker.run(ThreadPoolExecutor.java:480)
	at org.apache.tomcat.util.threads.TaskThread$WrappingRunnable.run(TaskThread.java:57)
	at java.base/java.lang.Thread.run(Thread.java:840)
2026-07-02 17:13:56 [http-nio-8081-exec-6] WARN  o.s.w.s.m.m.a.ExceptionHandlerExceptionResolver - Failure in @ExceptionHandler com.example.backend.exception.GlobalExceptionHandler#handleException(Exception)
org.springframework.http.converter.HttpMessageNotWritableException: No converter for [class com.example.backend.dto.response.ApiResponse] with preset Content-Type 'text/event-stream'
	at org.springframework.web.servlet.mvc.method.annotation.AbstractMessageConverterMethodProcessor.writeWithMessageConverters(AbstractMessageConverterMethodProcessor.java:364)
	at org.springframework.web.servlet.mvc.method.annotation.HttpEntityMethodProcessor.handleReturnValue(HttpEntityMethodProcessor.java:261)
	at org.springframework.web.method.support.HandlerMethodReturnValueHandlerComposite.handleReturnValue(HandlerMethodReturnValueHandlerComposite.java:78)
	at org.springframework.web.servlet.mvc.method.annotation.ServletInvocableHandlerMethod.invokeAndHandle(ServletInvocableHandlerMethod.java:135)
	at org.springframework.web.servlet.mvc.method.annotation.ExceptionHandlerExceptionResolver.doResolveHandlerMethodException(ExceptionHandlerExceptionResolver.java:460)
	at org.springframework.web.servlet.handler.AbstractHandlerMethodExceptionResolver.doResolveException(AbstractHandlerMethodExceptionResolver.java:72)
	at org.springframework.web.servlet.handler.AbstractHandlerExceptionResolver.resolveException(AbstractHandlerExceptionResolver.java:176)
	at org.springframework.web.servlet.handler.HandlerExceptionResolverComposite.resolveException(HandlerExceptionResolverComposite.java:78)
	at org.springframework.web.servlet.DispatcherServlet.processHandlerException(DispatcherServlet.java:1227)
	at org.springframework.web.servlet.DispatcherServlet.processDispatchResult(DispatcherServlet.java:1035)
	at org.springframework.web.servlet.DispatcherServlet.doDispatch(DispatcherServlet.java:980)
	at org.springframework.web.servlet.DispatcherServlet.doService(DispatcherServlet.java:866)
	at org.springframework.web.servlet.FrameworkServlet.processRequest(FrameworkServlet.java:1000)
	at org.springframework.web.servlet.FrameworkServlet.doGet(FrameworkServlet.java:892)
	at jakarta.servlet.http.HttpServlet.service(HttpServlet.java:622)
	at org.springframework.web.servlet.FrameworkServlet.service(FrameworkServlet.java:874)
	at jakarta.servlet.http.HttpServlet.service(HttpServlet.java:710)
	at org.apache.catalina.core.ApplicationFilterChain.doFilter(ApplicationFilterChain.java:128)
	at org.springframework.web.filter.OncePerRequestFilter.doFilter(OncePerRequestFilter.java:101)
	at org.apache.catalina.core.ApplicationFilterChain.doFilter(ApplicationFilterChain.java:107)
	at org.springframework.web.filter.CompositeFilter$VirtualFilterChain.doFilter(CompositeFilter.java:108)
	at org.springframework.security.web.FilterChainProxy.lambda$doFilterInternal$3(FilterChainProxy.java:235)
	at org.springframework.security.web.FilterChainProxy$VirtualFilterChain.doFilter(FilterChainProxy.java:371)
	at org.springframework.security.web.access.intercept.AuthorizationFilter.doFilter(AuthorizationFilter.java:101)
	at org.springframework.security.web.FilterChainProxy$VirtualFilterChain.doFilter(FilterChainProxy.java:380)
	at org.springframework.security.web.access.ExceptionTranslationFilter.doFilter(ExceptionTranslationFilter.java:126)
	at org.springframework.security.web.access.ExceptionTranslationFilter.doFilter(ExceptionTranslationFilter.java:120)
	at org.springframework.security.web.FilterChainProxy$VirtualFilterChain.doFilter(FilterChainProxy.java:380)
	at org.springframework.security.web.authentication.AnonymousAuthenticationFilter.doFilter(AnonymousAuthenticationFilter.java:100)
	at org.springframework.security.web.FilterChainProxy$VirtualFilterChain.doFilter(FilterChainProxy.java:380)
	at org.springframework.security.web.servletapi.SecurityContextHolderAwareRequestFilter.doFilter(SecurityContextHolderAwareRequestFilter.java:181)
	at org.springframework.security.web.FilterChainProxy$VirtualFilterChain.doFilter(FilterChainProxy.java:380)
	at org.springframework.security.web.savedrequest.RequestCacheAwareFilter.doFilter(RequestCacheAwareFilter.java:63)
	at org.springframework.security.web.FilterChainProxy$VirtualFilterChain.doFilter(FilterChainProxy.java:380)
	at org.springframework.web.filter.OncePerRequestFilter.doFilter(OncePerRequestFilter.java:101)
	at org.springframework.security.web.FilterChainProxy$VirtualFilterChain.doFilter(FilterChainProxy.java:380)
	at org.springframework.security.web.authentication.logout.LogoutFilter.doFilter(LogoutFilter.java:110)
	at org.springframework.security.web.authentication.logout.LogoutFilter.doFilter(LogoutFilter.java:96)
	at org.springframework.security.web.FilterChainProxy$VirtualFilterChain.doFilter(FilterChainProxy.java:380)
	at org.springframework.web.filter.OncePerRequestFilter.doFilter(OncePerRequestFilter.java:101)
	at org.springframework.security.web.FilterChainProxy$VirtualFilterChain.doFilter(FilterChainProxy.java:380)
	at org.springframework.web.filter.OncePerRequestFilter.doFilter(OncePerRequestFilter.java:101)
	at org.springframework.security.web.FilterChainProxy$VirtualFilterChain.doFilter(FilterChainProxy.java:380)
	at org.springframework.security.web.context.SecurityContextHolderFilter.doFilter(SecurityContextHolderFilter.java:82)
	at org.springframework.security.web.context.SecurityContextHolderFilter.doFilter(SecurityContextHolderFilter.java:69)
	at org.springframework.security.web.FilterChainProxy$VirtualFilterChain.doFilter(FilterChainProxy.java:380)
	at org.springframework.web.filter.OncePerRequestFilter.doFilter(OncePerRequestFilter.java:101)
	at org.springframework.security.web.FilterChainProxy$VirtualFilterChain.doFilter(FilterChainProxy.java:380)
	at org.springframework.web.filter.OncePerRequestFilter.doFilter(OncePerRequestFilter.java:101)
	at org.springframework.security.web.FilterChainProxy$VirtualFilterChain.doFilter(FilterChainProxy.java:380)
	at org.springframework.security.web.FilterChainProxy.doFilterInternal(FilterChainProxy.java:237)
	at org.springframework.security.web.FilterChainProxy.doFilter(FilterChainProxy.java:195)
	at org.springframework.web.filter.CompositeFilter$VirtualFilterChain.doFilter(CompositeFilter.java:113)
	at org.springframework.web.filter.ServletRequestPathFilter.doFilter(ServletRequestPathFilter.java:52)
	at org.springframework.web.filter.CompositeFilter$VirtualFilterChain.doFilter(CompositeFilter.java:113)
	at org.springframework.web.filter.CompositeFilter.doFilter(CompositeFilter.java:74)
	at org.springframework.security.config.annotation.web.configuration.WebSecurityConfiguration$CompositeFilterChainProxy.doFilter(WebSecurityConfiguration.java:317)
	at org.springframework.web.filter.DelegatingFilterProxy.invokeDelegate(DelegatingFilterProxy.java:355)
	at org.springframework.web.filter.DelegatingFilterProxy.doFilter(DelegatingFilterProxy.java:272)
	at org.apache.catalina.core.ApplicationFilterChain.doFilter(ApplicationFilterChain.java:107)
	at org.springframework.web.filter.RequestContextFilter.doFilterInternal(RequestContextFilter.java:100)
	at org.springframework.web.filter.OncePerRequestFilter.doFilter(OncePerRequestFilter.java:116)
	at org.apache.catalina.core.ApplicationFilterChain.doFilter(ApplicationFilterChain.java:107)
	at org.springframework.web.filter.OncePerRequestFilter.doFilter(OncePerRequestFilter.java:101)
	at org.apache.catalina.core.ApplicationFilterChain.doFilter(ApplicationFilterChain.java:107)
	at org.springframework.web.filter.OncePerRequestFilter.doFilter(OncePerRequestFilter.java:101)
	at org.apache.catalina.core.ApplicationFilterChain.doFilter(ApplicationFilterChain.java:107)
	at org.springframework.web.filter.OncePerRequestFilter.doFilter(OncePerRequestFilter.java:101)
	at org.apache.catalina.core.ApplicationFilterChain.doFilter(ApplicationFilterChain.java:107)
	at org.apache.catalina.core.ApplicationDispatcher.invoke(ApplicationDispatcher.java:513)
	at org.apache.catalina.core.ApplicationDispatcher.dispatch(ApplicationDispatcher.java:441)
	at org.apache.catalina.core.AsyncContextImpl$AsyncRunnable.run(AsyncContextImpl.java:585)
	at org.apache.catalina.core.AsyncContextImpl.doInternalDispatch(AsyncContextImpl.java:340)
	at org.apache.catalina.core.StandardWrapperValve.invoke(StandardWrapperValve.java:163)
	at org.apache.catalina.core.StandardContextValve.invoke(StandardContextValve.java:77)
	at org.apache.catalina.authenticator.AuthenticatorBase.invoke(AuthenticatorBase.java:492)
	at org.apache.catalina.core.StandardHostValve.invoke(StandardHostValve.java:113)
	at org.apache.catalina.valves.ErrorReportValve.invoke(ErrorReportValve.java:83)
	at org.apache.catalina.core.StandardEngineValve.invoke(StandardEngineValve.java:72)
	at org.apache.catalina.connector.CoyoteAdapter.asyncDispatch(CoyoteAdapter.java:238)
	at org.apache.coyote.AbstractProcessor.dispatch(AbstractProcessor.java:242)
	at org.apache.coyote.AbstractProcessorLight.process(AbstractProcessorLight.java:57)
	at org.apache.coyote.AbstractProtocol$ConnectionHandler.process(AbstractProtocol.java:903)
	at org.apache.tomcat.util.net.NioEndpoint$SocketProcessor.doRun(NioEndpoint.java:1779)
	at org.apache.tomcat.util.net.SocketProcessorBase.run(SocketProcessorBase.java:52)
	at org.apache.tomcat.util.threads.ThreadPoolExecutor.runWorker(ThreadPoolExecutor.java:946)
	at org.apache.tomcat.util.threads.ThreadPoolExecutor$Worker.run(ThreadPoolExecutor.java:480)
	at org.apache.tomcat.util.threads.TaskThread$WrappingRunnable.run(TaskThread.java:57)
	at java.base/java.lang.Thread.run(Thread.java:840)
2026-07-02 17:13:56 [http-nio-8081-exec-7] WARN  o.s.w.s.m.m.a.ExceptionHandlerExceptionResolver - Failure in @ExceptionHandler com.example.backend.exception.GlobalExceptionHandler#handleException(Exception)
org.springframework.http.converter.HttpMessageNotWritableException: No converter for [class com.example.backend.dto.response.ApiResponse] with preset Content-Type 'text/event-stream'
	at org.springframework.web.servlet.mvc.method.annotation.AbstractMessageConverterMethodProcessor.writeWithMessageConverters(AbstractMessageConverterMethodProcessor.java:364)
	at org.springframework.web.servlet.mvc.method.annotation.HttpEntityMethodProcessor.handleReturnValue(HttpEntityMethodProcessor.java:261)
	at org.springframework.web.method.support.HandlerMethodReturnValueHandlerComposite.handleReturnValue(HandlerMethodReturnValueHandlerComposite.java:78)
	at org.springframework.web.servlet.mvc.method.annotation.ServletInvocableHandlerMethod.invokeAndHandle(ServletInvocableHandlerMethod.java:135)
	at org.springframework.web.servlet.mvc.method.annotation.ExceptionHandlerExceptionResolver.doResolveHandlerMethodException(ExceptionHandlerExceptionResolver.java:460)
	at org.springframework.web.servlet.handler.AbstractHandlerMethodExceptionResolver.doResolveException(AbstractHandlerMethodExceptionResolver.java:72)
	at org.springframework.web.servlet.handler.AbstractHandlerExceptionResolver.resolveException(AbstractHandlerExceptionResolver.java:176)
	at org.springframework.web.servlet.handler.HandlerExceptionResolverComposite.resolveException(HandlerExceptionResolverComposite.java:78)
	at org.springframework.web.servlet.DispatcherServlet.processHandlerException(DispatcherServlet.java:1227)
	at org.springframework.web.servlet.DispatcherServlet.processDispatchResult(DispatcherServlet.java:1035)
	at org.springframework.web.servlet.DispatcherServlet.doDispatch(DispatcherServlet.java:980)
	at org.springframework.web.servlet.DispatcherServlet.doService(DispatcherServlet.java:866)
	at org.springframework.web.servlet.FrameworkServlet.processRequest(FrameworkServlet.java:1000)
	at org.springframework.web.servlet.FrameworkServlet.doGet(FrameworkServlet.java:892)
	at jakarta.servlet.http.HttpServlet.service(HttpServlet.java:622)
	at org.springframework.web.servlet.FrameworkServlet.service(FrameworkServlet.java:874)
	at jakarta.servlet.http.HttpServlet.service(HttpServlet.java:710)
	at org.apache.catalina.core.ApplicationFilterChain.doFilter(ApplicationFilterChain.java:128)
	at org.springframework.web.filter.OncePerRequestFilter.doFilter(OncePerRequestFilter.java:101)
	at org.apache.catalina.core.ApplicationFilterChain.doFilter(ApplicationFilterChain.java:107)
	at org.springframework.web.filter.CompositeFilter$VirtualFilterChain.doFilter(CompositeFilter.java:108)
	at org.springframework.security.web.FilterChainProxy.lambda$doFilterInternal$3(FilterChainProxy.java:235)
	at org.springframework.security.web.FilterChainProxy$VirtualFilterChain.doFilter(FilterChainProxy.java:371)
	at org.springframework.security.web.access.intercept.AuthorizationFilter.doFilter(AuthorizationFilter.java:101)
	at org.springframework.security.web.FilterChainProxy$VirtualFilterChain.doFilter(FilterChainProxy.java:380)
	at org.springframework.security.web.access.ExceptionTranslationFilter.doFilter(ExceptionTranslationFilter.java:126)
	at org.springframework.security.web.access.ExceptionTranslationFilter.doFilter(ExceptionTranslationFilter.java:120)
	at org.springframework.security.web.FilterChainProxy$VirtualFilterChain.doFilter(FilterChainProxy.java:380)
	at org.springframework.security.web.authentication.AnonymousAuthenticationFilter.doFilter(AnonymousAuthenticationFilter.java:100)
	at org.springframework.security.web.FilterChainProxy$VirtualFilterChain.doFilter(FilterChainProxy.java:380)
	at org.springframework.security.web.servletapi.SecurityContextHolderAwareRequestFilter.doFilter(SecurityContextHolderAwareRequestFilter.java:181)
	at org.springframework.security.web.FilterChainProxy$VirtualFilterChain.doFilter(FilterChainProxy.java:380)
	at org.springframework.security.web.savedrequest.RequestCacheAwareFilter.doFilter(RequestCacheAwareFilter.java:63)
	at org.springframework.security.web.FilterChainProxy$VirtualFilterChain.doFilter(FilterChainProxy.java:380)
	at org.springframework.web.filter.OncePerRequestFilter.doFilter(OncePerRequestFilter.java:101)
	at org.springframework.security.web.FilterChainProxy$VirtualFilterChain.doFilter(FilterChainProxy.java:380)
	at org.springframework.security.web.authentication.logout.LogoutFilter.doFilter(LogoutFilter.java:110)
	at org.springframework.security.web.authentication.logout.LogoutFilter.doFilter(LogoutFilter.java:96)
	at org.springframework.security.web.FilterChainProxy$VirtualFilterChain.doFilter(FilterChainProxy.java:380)
	at org.springframework.web.filter.OncePerRequestFilter.doFilter(OncePerRequestFilter.java:101)
	at org.springframework.security.web.FilterChainProxy$VirtualFilterChain.doFilter(FilterChainProxy.java:380)
	at org.springframework.web.filter.OncePerRequestFilter.doFilter(OncePerRequestFilter.java:101)
	at org.springframework.security.web.FilterChainProxy$VirtualFilterChain.doFilter(FilterChainProxy.java:380)
	at org.springframework.security.web.context.SecurityContextHolderFilter.doFilter(SecurityContextHolderFilter.java:82)
	at org.springframework.security.web.context.SecurityContextHolderFilter.doFilter(SecurityContextHolderFilter.java:69)
	at org.springframework.security.web.FilterChainProxy$VirtualFilterChain.doFilter(FilterChainProxy.java:380)
	at org.springframework.web.filter.OncePerRequestFilter.doFilter(OncePerRequestFilter.java:101)
	at org.springframework.security.web.FilterChainProxy$VirtualFilterChain.doFilter(FilterChainProxy.java:380)
	at org.springframework.web.filter.OncePerRequestFilter.doFilter(OncePerRequestFilter.java:101)
	at org.springframework.security.web.FilterChainProxy$VirtualFilterChain.doFilter(FilterChainProxy.java:380)
	at org.springframework.security.web.FilterChainProxy.doFilterInternal(FilterChainProxy.java:237)
	at org.springframework.security.web.FilterChainProxy.doFilter(FilterChainProxy.java:195)
	at org.springframework.web.filter.CompositeFilter$VirtualFilterChain.doFilter(CompositeFilter.java:113)
	at org.springframework.web.filter.ServletRequestPathFilter.doFilter(ServletRequestPathFilter.java:52)
	at org.springframework.web.filter.CompositeFilter$VirtualFilterChain.doFilter(CompositeFilter.java:113)
	at org.springframework.web.filter.CompositeFilter.doFilter(CompositeFilter.java:74)
	at org.springframework.security.config.annotation.web.configuration.WebSecurityConfiguration$CompositeFilterChainProxy.doFilter(WebSecurityConfiguration.java:317)
	at org.springframework.web.filter.DelegatingFilterProxy.invokeDelegate(DelegatingFilterProxy.java:355)
	at org.springframework.web.filter.DelegatingFilterProxy.doFilter(DelegatingFilterProxy.java:272)
	at org.apache.catalina.core.ApplicationFilterChain.doFilter(ApplicationFilterChain.java:107)
	at org.springframework.web.filter.RequestContextFilter.doFilterInternal(RequestContextFilter.java:100)
	at org.springframework.web.filter.OncePerRequestFilter.doFilter(OncePerRequestFilter.java:116)
	at org.apache.catalina.core.ApplicationFilterChain.doFilter(ApplicationFilterChain.java:107)
	at org.springframework.web.filter.OncePerRequestFilter.doFilter(OncePerRequestFilter.java:101)
	at org.apache.catalina.core.ApplicationFilterChain.doFilter(ApplicationFilterChain.java:107)
	at org.springframework.web.filter.OncePerRequestFilter.doFilter(OncePerRequestFilter.java:101)
	at org.apache.catalina.core.ApplicationFilterChain.doFilter(ApplicationFilterChain.java:107)
	at org.springframework.web.filter.OncePerRequestFilter.doFilter(OncePerRequestFilter.java:101)
	at org.apache.catalina.core.ApplicationFilterChain.doFilter(ApplicationFilterChain.java:107)
	at org.apache.catalina.core.ApplicationDispatcher.invoke(ApplicationDispatcher.java:513)
	at org.apache.catalina.core.ApplicationDispatcher.dispatch(ApplicationDispatcher.java:441)
	at org.apache.catalina.core.AsyncContextImpl$AsyncRunnable.run(AsyncContextImpl.java:585)
	at org.apache.catalina.core.AsyncContextImpl.doInternalDispatch(AsyncContextImpl.java:340)
	at org.apache.catalina.core.StandardWrapperValve.invoke(StandardWrapperValve.java:163)
	at org.apache.catalina.core.StandardContextValve.invoke(StandardContextValve.java:77)
	at org.apache.catalina.authenticator.AuthenticatorBase.invoke(AuthenticatorBase.java:492)
	at org.apache.catalina.core.StandardHostValve.invoke(StandardHostValve.java:113)
	at org.apache.catalina.valves.ErrorReportValve.invoke(ErrorReportValve.java:83)
	at org.apache.catalina.core.StandardEngineValve.invoke(StandardEngineValve.java:72)
	at org.apache.catalina.connector.CoyoteAdapter.asyncDispatch(CoyoteAdapter.java:238)
	at org.apache.coyote.AbstractProcessor.dispatch(AbstractProcessor.java:242)
	at org.apache.coyote.AbstractProcessorLight.process(AbstractProcessorLight.java:57)
	at org.apache.coyote.AbstractProtocol$ConnectionHandler.process(AbstractProtocol.java:903)
	at org.apache.tomcat.util.net.NioEndpoint$SocketProcessor.doRun(NioEndpoint.java:1779)
	at org.apache.tomcat.util.net.SocketProcessorBase.run(SocketProcessorBase.java:52)
	at org.apache.tomcat.util.threads.ThreadPoolExecutor.runWorker(ThreadPoolExecutor.java:946)
	at org.apache.tomcat.util.threads.ThreadPoolExecutor$Worker.run(ThreadPoolExecutor.java:480)
	at org.apache.tomcat.util.threads.TaskThread$WrappingRunnable.run(TaskThread.java:57)
	at java.base/java.lang.Thread.run(Thread.java:840)
2026-07-02 17:13:56 [http-nio-8081-exec-7] WARN  o.s.w.s.m.s.DefaultHandlerExceptionResolver - Ignoring exception, response committed already: org.springframework.web.context.request.async.AsyncRequestTimeoutException
2026-07-02 17:13:56 [http-nio-8081-exec-1] WARN  o.s.w.s.m.m.a.ExceptionHandlerExceptionResolver - Failure in @ExceptionHandler com.example.backend.exception.GlobalExceptionHandler#handleException(Exception)
org.springframework.http.converter.HttpMessageNotWritableException: No converter for [class com.example.backend.dto.response.ApiResponse] with preset Content-Type 'text/event-stream'
	at org.springframework.web.servlet.mvc.method.annotation.AbstractMessageConverterMethodProcessor.writeWithMessageConverters(AbstractMessageConverterMethodProcessor.java:364)
	at org.springframework.web.servlet.mvc.method.annotation.HttpEntityMethodProcessor.handleReturnValue(HttpEntityMethodProcessor.java:261)
	at org.springframework.web.method.support.HandlerMethodReturnValueHandlerComposite.handleReturnValue(HandlerMethodReturnValueHandlerComposite.java:78)
	at org.springframework.web.servlet.mvc.method.annotation.ServletInvocableHandlerMethod.invokeAndHandle(ServletInvocableHandlerMethod.java:135)
	at org.springframework.web.servlet.mvc.method.annotation.ExceptionHandlerExceptionResolver.doResolveHandlerMethodException(ExceptionHandlerExceptionResolver.java:460)
	at org.springframework.web.servlet.handler.AbstractHandlerMethodExceptionResolver.doResolveException(AbstractHandlerMethodExceptionResolver.java:72)
	at org.springframework.web.servlet.handler.AbstractHandlerExceptionResolver.resolveException(AbstractHandlerExceptionResolver.java:176)
	at org.springframework.web.servlet.handler.HandlerExceptionResolverComposite.resolveException(HandlerExceptionResolverComposite.java:78)
	at org.springframework.web.servlet.DispatcherServlet.processHandlerException(DispatcherServlet.java:1227)
	at org.springframework.web.servlet.DispatcherServlet.processDispatchResult(DispatcherServlet.java:1035)
	at org.springframework.web.servlet.DispatcherServlet.doDispatch(DispatcherServlet.java:980)
	at org.springframework.web.servlet.DispatcherServlet.doService(DispatcherServlet.java:866)
	at org.springframework.web.servlet.FrameworkServlet.processRequest(FrameworkServlet.java:1000)
	at org.springframework.web.servlet.FrameworkServlet.doGet(FrameworkServlet.java:892)
	at jakarta.servlet.http.HttpServlet.service(HttpServlet.java:622)
	at org.springframework.web.servlet.FrameworkServlet.service(FrameworkServlet.java:874)
	at jakarta.servlet.http.HttpServlet.service(HttpServlet.java:710)
	at org.apache.catalina.core.ApplicationFilterChain.doFilter(ApplicationFilterChain.java:128)
	at org.springframework.web.filter.OncePerRequestFilter.doFilter(OncePerRequestFilter.java:101)
	at org.apache.catalina.core.ApplicationFilterChain.doFilter(ApplicationFilterChain.java:107)
	at org.springframework.web.filter.CompositeFilter$VirtualFilterChain.doFilter(CompositeFilter.java:108)
	at org.springframework.security.web.FilterChainProxy.lambda$doFilterInternal$3(FilterChainProxy.java:235)
	at org.springframework.security.web.FilterChainProxy$VirtualFilterChain.doFilter(FilterChainProxy.java:371)
	at org.springframework.security.web.access.intercept.AuthorizationFilter.doFilter(AuthorizationFilter.java:101)
	at org.springframework.security.web.FilterChainProxy$VirtualFilterChain.doFilter(FilterChainProxy.java:380)
	at org.springframework.security.web.access.ExceptionTranslationFilter.doFilter(ExceptionTranslationFilter.java:126)
	at org.springframework.security.web.access.ExceptionTranslationFilter.doFilter(ExceptionTranslationFilter.java:120)
	at org.springframework.security.web.FilterChainProxy$VirtualFilterChain.doFilter(FilterChainProxy.java:380)
	at org.springframework.security.web.authentication.AnonymousAuthenticationFilter.doFilter(AnonymousAuthenticationFilter.java:100)
	at org.springframework.security.web.FilterChainProxy$VirtualFilterChain.doFilter(FilterChainProxy.java:380)
	at org.springframework.security.web.servletapi.SecurityContextHolderAwareRequestFilter.doFilter(SecurityContextHolderAwareRequestFilter.java:181)
	at org.springframework.security.web.FilterChainProxy$VirtualFilterChain.doFilter(FilterChainProxy.java:380)
	at org.springframework.security.web.savedrequest.RequestCacheAwareFilter.doFilter(RequestCacheAwareFilter.java:63)
	at org.springframework.security.web.FilterChainProxy$VirtualFilterChain.doFilter(FilterChainProxy.java:380)
	at org.springframework.web.filter.OncePerRequestFilter.doFilter(OncePerRequestFilter.java:101)
	at org.springframework.security.web.FilterChainProxy$VirtualFilterChain.doFilter(FilterChainProxy.java:380)
	at org.springframework.security.web.authentication.logout.LogoutFilter.doFilter(LogoutFilter.java:110)
	at org.springframework.security.web.authentication.logout.LogoutFilter.doFilter(LogoutFilter.java:96)
	at org.springframework.security.web.FilterChainProxy$VirtualFilterChain.doFilter(FilterChainProxy.java:380)
	at org.springframework.web.filter.OncePerRequestFilter.doFilter(OncePerRequestFilter.java:101)
	at org.springframework.security.web.FilterChainProxy$VirtualFilterChain.doFilter(FilterChainProxy.java:380)
	at org.springframework.web.filter.OncePerRequestFilter.doFilter(OncePerRequestFilter.java:101)
	at org.springframework.security.web.FilterChainProxy$VirtualFilterChain.doFilter(FilterChainProxy.java:380)
	at org.springframework.security.web.context.SecurityContextHolderFilter.doFilter(SecurityContextHolderFilter.java:82)
	at org.springframework.security.web.context.SecurityContextHolderFilter.doFilter(SecurityContextHolderFilter.java:69)
	at org.springframework.security.web.FilterChainProxy$VirtualFilterChain.doFilter(FilterChainProxy.java:380)
	at org.springframework.web.filter.OncePerRequestFilter.doFilter(OncePerRequestFilter.java:101)
	at org.springframework.security.web.FilterChainProxy$VirtualFilterChain.doFilter(FilterChainProxy.java:380)
	at org.springframework.web.filter.OncePerRequestFilter.doFilter(OncePerRequestFilter.java:101)
	at org.springframework.security.web.FilterChainProxy$VirtualFilterChain.doFilter(FilterChainProxy.java:380)
	at org.springframework.security.web.FilterChainProxy.doFilterInternal(FilterChainProxy.java:237)
	at org.springframework.security.web.FilterChainProxy.doFilter(FilterChainProxy.java:195)
	at org.springframework.web.filter.CompositeFilter$VirtualFilterChain.doFilter(CompositeFilter.java:113)
	at org.springframework.web.filter.ServletRequestPathFilter.doFilter(ServletRequestPathFilter.java:52)
	at org.springframework.web.filter.CompositeFilter$VirtualFilterChain.doFilter(CompositeFilter.java:113)
	at org.springframework.web.filter.CompositeFilter.doFilter(CompositeFilter.java:74)
	at org.springframework.security.config.annotation.web.configuration.WebSecurityConfiguration$CompositeFilterChainProxy.doFilter(WebSecurityConfiguration.java:317)
	at org.springframework.web.filter.DelegatingFilterProxy.invokeDelegate(DelegatingFilterProxy.java:355)
	at org.springframework.web.filter.DelegatingFilterProxy.doFilter(DelegatingFilterProxy.java:272)
	at org.apache.catalina.core.ApplicationFilterChain.doFilter(ApplicationFilterChain.java:107)
	at org.springframework.web.filter.RequestContextFilter.doFilterInternal(RequestContextFilter.java:100)
	at org.springframework.web.filter.OncePerRequestFilter.doFilter(OncePerRequestFilter.java:116)
	at org.apache.catalina.core.ApplicationFilterChain.doFilter(ApplicationFilterChain.java:107)
	at org.springframework.web.filter.OncePerRequestFilter.doFilter(OncePerRequestFilter.java:101)
	at org.apache.catalina.core.ApplicationFilterChain.doFilter(ApplicationFilterChain.java:107)
	at org.springframework.web.filter.OncePerRequestFilter.doFilter(OncePerRequestFilter.java:101)
	at org.apache.catalina.core.ApplicationFilterChain.doFilter(ApplicationFilterChain.java:107)
	at org.springframework.web.filter.OncePerRequestFilter.doFilter(OncePerRequestFilter.java:101)
	at org.apache.catalina.core.ApplicationFilterChain.doFilter(ApplicationFilterChain.java:107)
	at org.apache.catalina.core.ApplicationDispatcher.invoke(ApplicationDispatcher.java:513)
	at org.apache.catalina.core.ApplicationDispatcher.dispatch(ApplicationDispatcher.java:441)
	at org.apache.catalina.core.AsyncContextImpl$AsyncRunnable.run(AsyncContextImpl.java:585)
	at org.apache.catalina.core.AsyncContextImpl.doInternalDispatch(AsyncContextImpl.java:340)
	at org.apache.catalina.core.StandardWrapperValve.invoke(StandardWrapperValve.java:163)
	at org.apache.catalina.core.StandardContextValve.invoke(StandardContextValve.java:77)
	at org.apache.catalina.authenticator.AuthenticatorBase.invoke(AuthenticatorBase.java:492)
	at org.apache.catalina.core.StandardHostValve.invoke(StandardHostValve.java:113)
	at org.apache.catalina.valves.ErrorReportValve.invoke(ErrorReportValve.java:83)
	at org.apache.catalina.core.StandardEngineValve.invoke(StandardEngineValve.java:72)
	at org.apache.catalina.connector.CoyoteAdapter.asyncDispatch(CoyoteAdapter.java:238)
	at org.apache.coyote.AbstractProcessor.dispatch(AbstractProcessor.java:242)
	at org.apache.coyote.AbstractProcessorLight.process(AbstractProcessorLight.java:57)
	at org.apache.coyote.AbstractProtocol$ConnectionHandler.process(AbstractProtocol.java:903)
	at org.apache.tomcat.util.net.NioEndpoint$SocketProcessor.doRun(NioEndpoint.java:1779)
	at org.apache.tomcat.util.net.SocketProcessorBase.run(SocketProcessorBase.java:52)
	at org.apache.tomcat.util.threads.ThreadPoolExecutor.runWorker(ThreadPoolExecutor.java:946)
	at org.apache.tomcat.util.threads.ThreadPoolExecutor$Worker.run(ThreadPoolExecutor.java:480)
	at org.apache.tomcat.util.threads.TaskThread$WrappingRunnable.run(TaskThread.java:57)
	at java.base/java.lang.Thread.run(Thread.java:840)
2026-07-02 17:13:56 [http-nio-8081-exec-4] WARN  o.s.w.s.m.m.a.ExceptionHandlerExceptionResolver - Failure in @ExceptionHandler com.example.backend.exception.GlobalExceptionHandler#handleException(Exception)
org.springframework.http.converter.HttpMessageNotWritableException: No converter for [class com.example.backend.dto.response.ApiResponse] with preset Content-Type 'text/event-stream'
	at org.springframework.web.servlet.mvc.method.annotation.AbstractMessageConverterMethodProcessor.writeWithMessageConverters(AbstractMessageConverterMethodProcessor.java:364)
	at org.springframework.web.servlet.mvc.method.annotation.HttpEntityMethodProcessor.handleReturnValue(HttpEntityMethodProcessor.java:261)
	at org.springframework.web.method.support.HandlerMethodReturnValueHandlerComposite.handleReturnValue(HandlerMethodReturnValueHandlerComposite.java:78)
	at org.springframework.web.servlet.mvc.method.annotation.ServletInvocableHandlerMethod.invokeAndHandle(ServletInvocableHandlerMethod.java:135)
	at org.springframework.web.servlet.mvc.method.annotation.ExceptionHandlerExceptionResolver.doResolveHandlerMethodException(ExceptionHandlerExceptionResolver.java:460)
	at org.springframework.web.servlet.handler.AbstractHandlerMethodExceptionResolver.doResolveException(AbstractHandlerMethodExceptionResolver.java:72)
	at org.springframework.web.servlet.handler.AbstractHandlerExceptionResolver.resolveException(AbstractHandlerExceptionResolver.java:176)
	at org.springframework.web.servlet.handler.HandlerExceptionResolverComposite.resolveException(HandlerExceptionResolverComposite.java:78)
	at org.springframework.web.servlet.DispatcherServlet.processHandlerException(DispatcherServlet.java:1227)
	at org.springframework.web.servlet.DispatcherServlet.processDispatchResult(DispatcherServlet.java:1035)
	at org.springframework.web.servlet.DispatcherServlet.doDispatch(DispatcherServlet.java:980)
	at org.springframework.web.servlet.DispatcherServlet.doService(DispatcherServlet.java:866)
	at org.springframework.web.servlet.FrameworkServlet.processRequest(FrameworkServlet.java:1000)
	at org.springframework.web.servlet.FrameworkServlet.doGet(FrameworkServlet.java:892)
	at jakarta.servlet.http.HttpServlet.service(HttpServlet.java:622)
	at org.springframework.web.servlet.FrameworkServlet.service(FrameworkServlet.java:874)
	at jakarta.servlet.http.HttpServlet.service(HttpServlet.java:710)
	at org.apache.catalina.core.ApplicationFilterChain.doFilter(ApplicationFilterChain.java:128)
	at org.springframework.web.filter.OncePerRequestFilter.doFilter(OncePerRequestFilter.java:101)
	at org.apache.catalina.core.ApplicationFilterChain.doFilter(ApplicationFilterChain.java:107)
	at org.springframework.web.filter.CompositeFilter$VirtualFilterChain.doFilter(CompositeFilter.java:108)
	at org.springframework.security.web.FilterChainProxy.lambda$doFilterInternal$3(FilterChainProxy.java:235)
	at org.springframework.security.web.FilterChainProxy$VirtualFilterChain.doFilter(FilterChainProxy.java:371)
	at org.springframework.security.web.access.intercept.AuthorizationFilter.doFilter(AuthorizationFilter.java:101)
	at org.springframework.security.web.FilterChainProxy$VirtualFilterChain.doFilter(FilterChainProxy.java:380)
	at org.springframework.security.web.access.ExceptionTranslationFilter.doFilter(ExceptionTranslationFilter.java:126)
	at org.springframework.security.web.access.ExceptionTranslationFilter.doFilter(ExceptionTranslationFilter.java:120)
	at org.springframework.security.web.FilterChainProxy$VirtualFilterChain.doFilter(FilterChainProxy.java:380)
	at org.springframework.security.web.authentication.AnonymousAuthenticationFilter.doFilter(AnonymousAuthenticationFilter.java:100)
	at org.springframework.security.web.FilterChainProxy$VirtualFilterChain.doFilter(FilterChainProxy.java:380)
	at org.springframework.security.web.servletapi.SecurityContextHolderAwareRequestFilter.doFilter(SecurityContextHolderAwareRequestFilter.java:181)
	at org.springframework.security.web.FilterChainProxy$VirtualFilterChain.doFilter(FilterChainProxy.java:380)
	at org.springframework.security.web.savedrequest.RequestCacheAwareFilter.doFilter(RequestCacheAwareFilter.java:63)
	at org.springframework.security.web.FilterChainProxy$VirtualFilterChain.doFilter(FilterChainProxy.java:380)
	at org.springframework.web.filter.OncePerRequestFilter.doFilter(OncePerRequestFilter.java:101)
	at org.springframework.security.web.FilterChainProxy$VirtualFilterChain.doFilter(FilterChainProxy.java:380)
	at org.springframework.security.web.authentication.logout.LogoutFilter.doFilter(LogoutFilter.java:110)
	at org.springframework.security.web.authentication.logout.LogoutFilter.doFilter(LogoutFilter.java:96)
	at org.springframework.security.web.FilterChainProxy$VirtualFilterChain.doFilter(FilterChainProxy.java:380)
	at org.springframework.web.filter.OncePerRequestFilter.doFilter(OncePerRequestFilter.java:101)
	at org.springframework.security.web.FilterChainProxy$VirtualFilterChain.doFilter(FilterChainProxy.java:380)
	at org.springframework.web.filter.OncePerRequestFilter.doFilter(OncePerRequestFilter.java:101)
	at org.springframework.security.web.FilterChainProxy$VirtualFilterChain.doFilter(FilterChainProxy.java:380)
	at org.springframework.security.web.context.SecurityContextHolderFilter.doFilter(SecurityContextHolderFilter.java:82)
	at org.springframework.security.web.context.SecurityContextHolderFilter.doFilter(SecurityContextHolderFilter.java:69)
	at org.springframework.security.web.FilterChainProxy$VirtualFilterChain.doFilter(FilterChainProxy.java:380)
	at org.springframework.web.filter.OncePerRequestFilter.doFilter(OncePerRequestFilter.java:101)
	at org.springframework.security.web.FilterChainProxy$VirtualFilterChain.doFilter(FilterChainProxy.java:380)
	at org.springframework.web.filter.OncePerRequestFilter.doFilter(OncePerRequestFilter.java:101)
	at org.springframework.security.web.FilterChainProxy$VirtualFilterChain.doFilter(FilterChainProxy.java:380)
	at org.springframework.security.web.FilterChainProxy.doFilterInternal(FilterChainProxy.java:237)
	at org.springframework.security.web.FilterChainProxy.doFilter(FilterChainProxy.java:195)
	at org.springframework.web.filter.CompositeFilter$VirtualFilterChain.doFilter(CompositeFilter.java:113)
	at org.springframework.web.filter.ServletRequestPathFilter.doFilter(ServletRequestPathFilter.java:52)
	at org.springframework.web.filter.CompositeFilter$VirtualFilterChain.doFilter(CompositeFilter.java:113)
	at org.springframework.web.filter.CompositeFilter.doFilter(CompositeFilter.java:74)
	at org.springframework.security.config.annotation.web.configuration.WebSecurityConfiguration$CompositeFilterChainProxy.doFilter(WebSecurityConfiguration.java:317)
	at org.springframework.web.filter.DelegatingFilterProxy.invokeDelegate(DelegatingFilterProxy.java:355)
	at org.springframework.web.filter.DelegatingFilterProxy.doFilter(DelegatingFilterProxy.java:272)
	at org.apache.catalina.core.ApplicationFilterChain.doFilter(ApplicationFilterChain.java:107)
	at org.springframework.web.filter.RequestContextFilter.doFilterInternal(RequestContextFilter.java:100)
	at org.springframework.web.filter.OncePerRequestFilter.doFilter(OncePerRequestFilter.java:116)
	at org.apache.catalina.core.ApplicationFilterChain.doFilter(ApplicationFilterChain.java:107)
	at org.springframework.web.filter.OncePerRequestFilter.doFilter(OncePerRequestFilter.java:101)
	at org.apache.catalina.core.ApplicationFilterChain.doFilter(ApplicationFilterChain.java:107)
	at org.springframework.web.filter.OncePerRequestFilter.doFilter(OncePerRequestFilter.java:101)
	at org.apache.catalina.core.ApplicationFilterChain.doFilter(ApplicationFilterChain.java:107)
	at org.springframework.web.filter.OncePerRequestFilter.doFilter(OncePerRequestFilter.java:101)
	at org.apache.catalina.core.ApplicationFilterChain.doFilter(ApplicationFilterChain.java:107)
	at org.apache.catalina.core.ApplicationDispatcher.invoke(ApplicationDispatcher.java:513)
	at org.apache.catalina.core.ApplicationDispatcher.dispatch(ApplicationDispatcher.java:441)
	at org.apache.catalina.core.AsyncContextImpl$AsyncRunnable.run(AsyncContextImpl.java:585)
	at org.apache.catalina.core.AsyncContextImpl.doInternalDispatch(AsyncContextImpl.java:340)
	at org.apache.catalina.core.StandardWrapperValve.invoke(StandardWrapperValve.java:163)
	at org.apache.catalina.core.StandardContextValve.invoke(StandardContextValve.java:77)
	at org.apache.catalina.authenticator.AuthenticatorBase.invoke(AuthenticatorBase.java:492)
	at org.apache.catalina.core.StandardHostValve.invoke(StandardHostValve.java:113)
	at org.apache.catalina.valves.ErrorReportValve.invoke(ErrorReportValve.java:83)
	at org.apache.catalina.core.StandardEngineValve.invoke(StandardEngineValve.java:72)
	at org.apache.catalina.connector.CoyoteAdapter.asyncDispatch(CoyoteAdapter.java:238)
	at org.apache.coyote.AbstractProcessor.dispatch(AbstractProcessor.java:242)
	at org.apache.coyote.AbstractProcessorLight.process(AbstractProcessorLight.java:57)
	at org.apache.coyote.AbstractProtocol$ConnectionHandler.process(AbstractProtocol.java:903)
	at org.apache.tomcat.util.net.NioEndpoint$SocketProcessor.doRun(NioEndpoint.java:1779)
	at org.apache.tomcat.util.net.SocketProcessorBase.run(SocketProcessorBase.java:52)
	at org.apache.tomcat.util.threads.ThreadPoolExecutor.runWorker(ThreadPoolExecutor.java:946)
	at org.apache.tomcat.util.threads.ThreadPoolExecutor$Worker.run(ThreadPoolExecutor.java:480)
	at org.apache.tomcat.util.threads.TaskThread$WrappingRunnable.run(TaskThread.java:57)
	at java.base/java.lang.Thread.run(Thread.java:840)
2026-07-02 17:13:56 [http-nio-8081-exec-10] WARN  o.s.w.s.m.m.a.ExceptionHandlerExceptionResolver - Failure in @ExceptionHandler com.example.backend.exception.GlobalExceptionHandler#handleException(Exception)
org.springframework.http.converter.HttpMessageNotWritableException: No converter for [class com.example.backend.dto.response.ApiResponse] with preset Content-Type 'text/event-stream'
	at org.springframework.web.servlet.mvc.method.annotation.AbstractMessageConverterMethodProcessor.writeWithMessageConverters(AbstractMessageConverterMethodProcessor.java:364)
	at org.springframework.web.servlet.mvc.method.annotation.HttpEntityMethodProcessor.handleReturnValue(HttpEntityMethodProcessor.java:261)
	at org.springframework.web.method.support.HandlerMethodReturnValueHandlerComposite.handleReturnValue(HandlerMethodReturnValueHandlerComposite.java:78)
	at org.springframework.web.servlet.mvc.method.annotation.ServletInvocableHandlerMethod.invokeAndHandle(ServletInvocableHandlerMethod.java:135)
	at org.springframework.web.servlet.mvc.method.annotation.ExceptionHandlerExceptionResolver.doResolveHandlerMethodException(ExceptionHandlerExceptionResolver.java:460)
	at org.springframework.web.servlet.handler.AbstractHandlerMethodExceptionResolver.doResolveException(AbstractHandlerMethodExceptionResolver.java:72)
	at org.springframework.web.servlet.handler.AbstractHandlerExceptionResolver.resolveException(AbstractHandlerExceptionResolver.java:176)
	at org.springframework.web.servlet.handler.HandlerExceptionResolverComposite.resolveException(HandlerExceptionResolverComposite.java:78)
	at org.springframework.web.servlet.DispatcherServlet.processHandlerException(DispatcherServlet.java:1227)
	at org.springframework.web.servlet.DispatcherServlet.processDispatchResult(DispatcherServlet.java:1035)
	at org.springframework.web.servlet.DispatcherServlet.doDispatch(DispatcherServlet.java:980)
	at org.springframework.web.servlet.DispatcherServlet.doService(DispatcherServlet.java:866)
	at org.springframework.web.servlet.FrameworkServlet.processRequest(FrameworkServlet.java:1000)
	at org.springframework.web.servlet.FrameworkServlet.doGet(FrameworkServlet.java:892)
	at jakarta.servlet.http.HttpServlet.service(HttpServlet.java:622)
	at org.springframework.web.servlet.FrameworkServlet.service(FrameworkServlet.java:874)
	at jakarta.servlet.http.HttpServlet.service(HttpServlet.java:710)
	at org.apache.catalina.core.ApplicationFilterChain.doFilter(ApplicationFilterChain.java:128)
	at org.springframework.web.filter.OncePerRequestFilter.doFilter(OncePerRequestFilter.java:101)
	at org.apache.catalina.core.ApplicationFilterChain.doFilter(ApplicationFilterChain.java:107)
	at org.springframework.web.filter.CompositeFilter$VirtualFilterChain.doFilter(CompositeFilter.java:108)
	at org.springframework.security.web.FilterChainProxy.lambda$doFilterInternal$3(FilterChainProxy.java:235)
	at org.springframework.security.web.FilterChainProxy$VirtualFilterChain.doFilter(FilterChainProxy.java:371)
	at org.springframework.security.web.access.intercept.AuthorizationFilter.doFilter(AuthorizationFilter.java:101)
	at org.springframework.security.web.FilterChainProxy$VirtualFilterChain.doFilter(FilterChainProxy.java:380)
	at org.springframework.security.web.access.ExceptionTranslationFilter.doFilter(ExceptionTranslationFilter.java:126)
	at org.springframework.security.web.access.ExceptionTranslationFilter.doFilter(ExceptionTranslationFilter.java:120)
	at org.springframework.security.web.FilterChainProxy$VirtualFilterChain.doFilter(FilterChainProxy.java:380)
	at org.springframework.security.web.authentication.AnonymousAuthenticationFilter.doFilter(AnonymousAuthenticationFilter.java:100)
	at org.springframework.security.web.FilterChainProxy$VirtualFilterChain.doFilter(FilterChainProxy.java:380)
	at org.springframework.security.web.servletapi.SecurityContextHolderAwareRequestFilter.doFilter(SecurityContextHolderAwareRequestFilter.java:181)
	at org.springframework.security.web.FilterChainProxy$VirtualFilterChain.doFilter(FilterChainProxy.java:380)
	at org.springframework.security.web.savedrequest.RequestCacheAwareFilter.doFilter(RequestCacheAwareFilter.java:63)
	at org.springframework.security.web.FilterChainProxy$VirtualFilterChain.doFilter(FilterChainProxy.java:380)
	at org.springframework.web.filter.OncePerRequestFilter.doFilter(OncePerRequestFilter.java:101)
	at org.springframework.security.web.FilterChainProxy$VirtualFilterChain.doFilter(FilterChainProxy.java:380)
	at org.springframework.security.web.authentication.logout.LogoutFilter.doFilter(LogoutFilter.java:110)
	at org.springframework.security.web.authentication.logout.LogoutFilter.doFilter(LogoutFilter.java:96)
	at org.springframework.security.web.FilterChainProxy$VirtualFilterChain.doFilter(FilterChainProxy.java:380)
	at org.springframework.web.filter.OncePerRequestFilter.doFilter(OncePerRequestFilter.java:101)
	at org.springframework.security.web.FilterChainProxy$VirtualFilterChain.doFilter(FilterChainProxy.java:380)
	at org.springframework.web.filter.OncePerRequestFilter.doFilter(OncePerRequestFilter.java:101)
	at org.springframework.security.web.FilterChainProxy$VirtualFilterChain.doFilter(FilterChainProxy.java:380)
	at org.springframework.security.web.context.SecurityContextHolderFilter.doFilter(SecurityContextHolderFilter.java:82)
	at org.springframework.security.web.context.SecurityContextHolderFilter.doFilter(SecurityContextHolderFilter.java:69)
	at org.springframework.security.web.FilterChainProxy$VirtualFilterChain.doFilter(FilterChainProxy.java:380)
	at org.springframework.web.filter.OncePerRequestFilter.doFilter(OncePerRequestFilter.java:101)
	at org.springframework.security.web.FilterChainProxy$VirtualFilterChain.doFilter(FilterChainProxy.java:380)
	at org.springframework.web.filter.OncePerRequestFilter.doFilter(OncePerRequestFilter.java:101)
	at org.springframework.security.web.FilterChainProxy$VirtualFilterChain.doFilter(FilterChainProxy.java:380)
	at org.springframework.security.web.FilterChainProxy.doFilterInternal(FilterChainProxy.java:237)
	at org.springframework.security.web.FilterChainProxy.doFilter(FilterChainProxy.java:195)
	at org.springframework.web.filter.CompositeFilter$VirtualFilterChain.doFilter(CompositeFilter.java:113)
	at org.springframework.web.filter.ServletRequestPathFilter.doFilter(ServletRequestPathFilter.java:52)
	at org.springframework.web.filter.CompositeFilter$VirtualFilterChain.doFilter(CompositeFilter.java:113)
	at org.springframework.web.filter.CompositeFilter.doFilter(CompositeFilter.java:74)
	at org.springframework.security.config.annotation.web.configuration.WebSecurityConfiguration$CompositeFilterChainProxy.doFilter(WebSecurityConfiguration.java:317)
	at org.springframework.web.filter.DelegatingFilterProxy.invokeDelegate(DelegatingFilterProxy.java:355)
	at org.springframework.web.filter.DelegatingFilterProxy.doFilter(DelegatingFilterProxy.java:272)
	at org.apache.catalina.core.ApplicationFilterChain.doFilter(ApplicationFilterChain.java:107)
	at org.springframework.web.filter.RequestContextFilter.doFilterInternal(RequestContextFilter.java:100)
	at org.springframework.web.filter.OncePerRequestFilter.doFilter(OncePerRequestFilter.java:116)
	at org.apache.catalina.core.ApplicationFilterChain.doFilter(ApplicationFilterChain.java:107)
	at org.springframework.web.filter.OncePerRequestFilter.doFilter(OncePerRequestFilter.java:101)
	at org.apache.catalina.core.ApplicationFilterChain.doFilter(ApplicationFilterChain.java:107)
	at org.springframework.web.filter.OncePerRequestFilter.doFilter(OncePerRequestFilter.java:101)
	at org.apache.catalina.core.ApplicationFilterChain.doFilter(ApplicationFilterChain.java:107)
	at org.springframework.web.filter.OncePerRequestFilter.doFilter(OncePerRequestFilter.java:101)
	at org.apache.catalina.core.ApplicationFilterChain.doFilter(ApplicationFilterChain.java:107)
	at org.apache.catalina.core.ApplicationDispatcher.invoke(ApplicationDispatcher.java:513)
	at org.apache.catalina.core.ApplicationDispatcher.dispatch(ApplicationDispatcher.java:441)
	at org.apache.catalina.core.AsyncContextImpl$AsyncRunnable.run(AsyncContextImpl.java:585)
	at org.apache.catalina.core.AsyncContextImpl.doInternalDispatch(AsyncContextImpl.java:340)
	at org.apache.catalina.core.StandardWrapperValve.invoke(StandardWrapperValve.java:163)
	at org.apache.catalina.core.StandardContextValve.invoke(StandardContextValve.java:77)
	at org.apache.catalina.authenticator.AuthenticatorBase.invoke(AuthenticatorBase.java:492)
	at org.apache.catalina.core.StandardHostValve.invoke(StandardHostValve.java:113)
	at org.apache.catalina.valves.ErrorReportValve.invoke(ErrorReportValve.java:83)
	at org.apache.catalina.core.StandardEngineValve.invoke(StandardEngineValve.java:72)
	at org.apache.catalina.connector.CoyoteAdapter.asyncDispatch(CoyoteAdapter.java:238)
	at org.apache.coyote.AbstractProcessor.dispatch(AbstractProcessor.java:242)
	at org.apache.coyote.AbstractProcessorLight.process(AbstractProcessorLight.java:57)
	at org.apache.coyote.AbstractProtocol$ConnectionHandler.process(AbstractProtocol.java:903)
	at org.apache.tomcat.util.net.NioEndpoint$SocketProcessor.doRun(NioEndpoint.java:1779)
	at org.apache.tomcat.util.net.SocketProcessorBase.run(SocketProcessorBase.java:52)
	at org.apache.tomcat.util.threads.ThreadPoolExecutor.runWorker(ThreadPoolExecutor.java:946)
	at org.apache.tomcat.util.threads.ThreadPoolExecutor$Worker.run(ThreadPoolExecutor.java:480)
	at org.apache.tomcat.util.threads.TaskThread$WrappingRunnable.run(TaskThread.java:57)
	at java.base/java.lang.Thread.run(Thread.java:840)
2026-07-02 17:13:56 [http-nio-8081-exec-5] WARN  o.s.w.s.m.m.a.ExceptionHandlerExceptionResolver - Failure in @ExceptionHandler com.example.backend.exception.GlobalExceptionHandler#handleException(Exception)
org.springframework.http.converter.HttpMessageNotWritableException: No converter for [class com.example.backend.dto.response.ApiResponse] with preset Content-Type 'text/event-stream'
	at org.springframework.web.servlet.mvc.method.annotation.AbstractMessageConverterMethodProcessor.writeWithMessageConverters(AbstractMessageConverterMethodProcessor.java:364)
	at org.springframework.web.servlet.mvc.method.annotation.HttpEntityMethodProcessor.handleReturnValue(HttpEntityMethodProcessor.java:261)
	at org.springframework.web.method.support.HandlerMethodReturnValueHandlerComposite.handleReturnValue(HandlerMethodReturnValueHandlerComposite.java:78)
	at org.springframework.web.servlet.mvc.method.annotation.ServletInvocableHandlerMethod.invokeAndHandle(ServletInvocableHandlerMethod.java:135)
	at org.springframework.web.servlet.mvc.method.annotation.ExceptionHandlerExceptionResolver.doResolveHandlerMethodException(ExceptionHandlerExceptionResolver.java:460)
	at org.springframework.web.servlet.handler.AbstractHandlerMethodExceptionResolver.doResolveException(AbstractHandlerMethodExceptionResolver.java:72)
	at org.springframework.web.servlet.handler.AbstractHandlerExceptionResolver.resolveException(AbstractHandlerExceptionResolver.java:176)
	at org.springframework.web.servlet.handler.HandlerExceptionResolverComposite.resolveException(HandlerExceptionResolverComposite.java:78)
	at org.springframework.web.servlet.DispatcherServlet.processHandlerException(DispatcherServlet.java:1227)
	at org.springframework.web.servlet.DispatcherServlet.processDispatchResult(DispatcherServlet.java:1035)
	at org.springframework.web.servlet.DispatcherServlet.doDispatch(DispatcherServlet.java:980)
	at org.springframework.web.servlet.DispatcherServlet.doService(DispatcherServlet.java:866)
	at org.springframework.web.servlet.FrameworkServlet.processRequest(FrameworkServlet.java:1000)
	at org.springframework.web.servlet.FrameworkServlet.doGet(FrameworkServlet.java:892)
	at jakarta.servlet.http.HttpServlet.service(HttpServlet.java:622)
	at org.springframework.web.servlet.FrameworkServlet.service(FrameworkServlet.java:874)
	at jakarta.servlet.http.HttpServlet.service(HttpServlet.java:710)
	at org.apache.catalina.core.ApplicationFilterChain.doFilter(ApplicationFilterChain.java:128)
	at org.springframework.web.filter.OncePerRequestFilter.doFilter(OncePerRequestFilter.java:101)
	at org.apache.catalina.core.ApplicationFilterChain.doFilter(ApplicationFilterChain.java:107)
	at org.springframework.web.filter.CompositeFilter$VirtualFilterChain.doFilter(CompositeFilter.java:108)
	at org.springframework.security.web.FilterChainProxy.lambda$doFilterInternal$3(FilterChainProxy.java:235)
	at org.springframework.security.web.FilterChainProxy$VirtualFilterChain.doFilter(FilterChainProxy.java:371)
	at org.springframework.security.web.access.intercept.AuthorizationFilter.doFilter(AuthorizationFilter.java:101)
	at org.springframework.security.web.FilterChainProxy$VirtualFilterChain.doFilter(FilterChainProxy.java:380)
	at org.springframework.security.web.access.ExceptionTranslationFilter.doFilter(ExceptionTranslationFilter.java:126)
	at org.springframework.security.web.access.ExceptionTranslationFilter.doFilter(ExceptionTranslationFilter.java:120)
	at org.springframework.security.web.FilterChainProxy$VirtualFilterChain.doFilter(FilterChainProxy.java:380)
	at org.springframework.security.web.authentication.AnonymousAuthenticationFilter.doFilter(AnonymousAuthenticationFilter.java:100)
	at org.springframework.security.web.FilterChainProxy$VirtualFilterChain.doFilter(FilterChainProxy.java:380)
	at org.springframework.security.web.servletapi.SecurityContextHolderAwareRequestFilter.doFilter(SecurityContextHolderAwareRequestFilter.java:181)
	at org.springframework.security.web.FilterChainProxy$VirtualFilterChain.doFilter(FilterChainProxy.java:380)
	at org.springframework.security.web.savedrequest.RequestCacheAwareFilter.doFilter(RequestCacheAwareFilter.java:63)
	at org.springframework.security.web.FilterChainProxy$VirtualFilterChain.doFilter(FilterChainProxy.java:380)
	at org.springframework.web.filter.OncePerRequestFilter.doFilter(OncePerRequestFilter.java:101)
	at org.springframework.security.web.FilterChainProxy$VirtualFilterChain.doFilter(FilterChainProxy.java:380)
	at org.springframework.security.web.authentication.logout.LogoutFilter.doFilter(LogoutFilter.java:110)
	at org.springframework.security.web.authentication.logout.LogoutFilter.doFilter(LogoutFilter.java:96)
	at org.springframework.security.web.FilterChainProxy$VirtualFilterChain.doFilter(FilterChainProxy.java:380)
	at org.springframework.web.filter.OncePerRequestFilter.doFilter(OncePerRequestFilter.java:101)
	at org.springframework.security.web.FilterChainProxy$VirtualFilterChain.doFilter(FilterChainProxy.java:380)
	at org.springframework.web.filter.OncePerRequestFilter.doFilter(OncePerRequestFilter.java:101)
	at org.springframework.security.web.FilterChainProxy$VirtualFilterChain.doFilter(FilterChainProxy.java:380)
	at org.springframework.security.web.context.SecurityContextHolderFilter.doFilter(SecurityContextHolderFilter.java:82)
	at org.springframework.security.web.context.SecurityContextHolderFilter.doFilter(SecurityContextHolderFilter.java:69)
	at org.springframework.security.web.FilterChainProxy$VirtualFilterChain.doFilter(FilterChainProxy.java:380)
	at org.springframework.web.filter.OncePerRequestFilter.doFilter(OncePerRequestFilter.java:101)
	at org.springframework.security.web.FilterChainProxy$VirtualFilterChain.doFilter(FilterChainProxy.java:380)
	at org.springframework.web.filter.OncePerRequestFilter.doFilter(OncePerRequestFilter.java:101)
	at org.springframework.security.web.FilterChainProxy$VirtualFilterChain.doFilter(FilterChainProxy.java:380)
	at org.springframework.security.web.FilterChainProxy.doFilterInternal(FilterChainProxy.java:237)
	at org.springframework.security.web.FilterChainProxy.doFilter(FilterChainProxy.java:195)
	at org.springframework.web.filter.CompositeFilter$VirtualFilterChain.doFilter(CompositeFilter.java:113)
	at org.springframework.web.filter.ServletRequestPathFilter.doFilter(ServletRequestPathFilter.java:52)
	at org.springframework.web.filter.CompositeFilter$VirtualFilterChain.doFilter(CompositeFilter.java:113)
	at org.springframework.web.filter.CompositeFilter.doFilter(CompositeFilter.java:74)
	at org.springframework.security.config.annotation.web.configuration.WebSecurityConfiguration$CompositeFilterChainProxy.doFilter(WebSecurityConfiguration.java:317)
	at org.springframework.web.filter.DelegatingFilterProxy.invokeDelegate(DelegatingFilterProxy.java:355)
	at org.springframework.web.filter.DelegatingFilterProxy.doFilter(DelegatingFilterProxy.java:272)
	at org.apache.catalina.core.ApplicationFilterChain.doFilter(ApplicationFilterChain.java:107)
	at org.springframework.web.filter.RequestContextFilter.doFilterInternal(RequestContextFilter.java:100)
	at org.springframework.web.filter.OncePerRequestFilter.doFilter(OncePerRequestFilter.java:116)
	at org.apache.catalina.core.ApplicationFilterChain.doFilter(ApplicationFilterChain.java:107)
	at org.springframework.web.filter.OncePerRequestFilter.doFilter(OncePerRequestFilter.java:101)
	at org.apache.catalina.core.ApplicationFilterChain.doFilter(ApplicationFilterChain.java:107)
	at org.springframework.web.filter.OncePerRequestFilter.doFilter(OncePerRequestFilter.java:101)
	at org.apache.catalina.core.ApplicationFilterChain.doFilter(ApplicationFilterChain.java:107)
	at org.springframework.web.filter.OncePerRequestFilter.doFilter(OncePerRequestFilter.java:101)
	at org.apache.catalina.core.ApplicationFilterChain.doFilter(ApplicationFilterChain.java:107)
	at org.apache.catalina.core.ApplicationDispatcher.invoke(ApplicationDispatcher.java:513)
	at org.apache.catalina.core.ApplicationDispatcher.dispatch(ApplicationDispatcher.java:441)
	at org.apache.catalina.core.AsyncContextImpl$AsyncRunnable.run(AsyncContextImpl.java:585)
	at org.apache.catalina.core.AsyncContextImpl.doInternalDispatch(AsyncContextImpl.java:340)
	at org.apache.catalina.core.StandardWrapperValve.invoke(StandardWrapperValve.java:163)
	at org.apache.catalina.core.StandardContextValve.invoke(StandardContextValve.java:77)
	at org.apache.catalina.authenticator.AuthenticatorBase.invoke(AuthenticatorBase.java:492)
	at org.apache.catalina.core.StandardHostValve.invoke(StandardHostValve.java:113)
	at org.apache.catalina.valves.ErrorReportValve.invoke(ErrorReportValve.java:83)
	at org.apache.catalina.core.StandardEngineValve.invoke(StandardEngineValve.java:72)
	at org.apache.catalina.connector.CoyoteAdapter.asyncDispatch(CoyoteAdapter.java:238)
	at org.apache.coyote.AbstractProcessor.dispatch(AbstractProcessor.java:242)
	at org.apache.coyote.AbstractProcessorLight.process(AbstractProcessorLight.java:57)
	at org.apache.coyote.AbstractProtocol$ConnectionHandler.process(AbstractProtocol.java:903)
	at org.apache.tomcat.util.net.NioEndpoint$SocketProcessor.doRun(NioEndpoint.java:1779)
	at org.apache.tomcat.util.net.SocketProcessorBase.run(SocketProcessorBase.java:52)
	at org.apache.tomcat.util.threads.ThreadPoolExecutor.runWorker(ThreadPoolExecutor.java:946)
	at org.apache.tomcat.util.threads.ThreadPoolExecutor$Worker.run(ThreadPoolExecutor.java:480)
	at org.apache.tomcat.util.threads.TaskThread$WrappingRunnable.run(TaskThread.java:57)
	at java.base/java.lang.Thread.run(Thread.java:840)
2026-07-02 17:13:56 [http-nio-8081-exec-3] WARN  o.s.w.s.m.s.DefaultHandlerExceptionResolver - Ignoring exception, response committed already: org.springframework.web.context.request.async.AsyncRequestTimeoutException
2026-07-02 17:13:56 [http-nio-8081-exec-8] WARN  o.s.w.s.m.s.DefaultHandlerExceptionResolver - Ignoring exception, response committed already: org.springframework.web.context.request.async.AsyncRequestTimeoutException
2026-07-02 17:13:56 [http-nio-8081-exec-2] WARN  o.s.w.s.m.m.a.ExceptionHandlerExceptionResolver - Failure in @ExceptionHandler com.example.backend.exception.GlobalExceptionHandler#handleException(Exception)
org.springframework.http.converter.HttpMessageNotWritableException: No converter for [class com.example.backend.dto.response.ApiResponse] with preset Content-Type 'text/event-stream'
	at org.springframework.web.servlet.mvc.method.annotation.AbstractMessageConverterMethodProcessor.writeWithMessageConverters(AbstractMessageConverterMethodProcessor.java:364)
	at org.springframework.web.servlet.mvc.method.annotation.HttpEntityMethodProcessor.handleReturnValue(HttpEntityMethodProcessor.java:261)
	at org.springframework.web.method.support.HandlerMethodReturnValueHandlerComposite.handleReturnValue(HandlerMethodReturnValueHandlerComposite.java:78)
	at org.springframework.web.servlet.mvc.method.annotation.ServletInvocableHandlerMethod.invokeAndHandle(ServletInvocableHandlerMethod.java:135)
	at org.springframework.web.servlet.mvc.method.annotation.ExceptionHandlerExceptionResolver.doResolveHandlerMethodException(ExceptionHandlerExceptionResolver.java:460)
	at org.springframework.web.servlet.handler.AbstractHandlerMethodExceptionResolver.doResolveException(AbstractHandlerMethodExceptionResolver.java:72)
	at org.springframework.web.servlet.handler.AbstractHandlerExceptionResolver.resolveException(AbstractHandlerExceptionResolver.java:176)
	at org.springframework.web.servlet.handler.HandlerExceptionResolverComposite.resolveException(HandlerExceptionResolverComposite.java:78)
	at org.springframework.web.servlet.DispatcherServlet.processHandlerException(DispatcherServlet.java:1227)
	at org.springframework.web.servlet.DispatcherServlet.processDispatchResult(DispatcherServlet.java:1035)
	at org.springframework.web.servlet.DispatcherServlet.doDispatch(DispatcherServlet.java:980)
	at org.springframework.web.servlet.DispatcherServlet.doService(DispatcherServlet.java:866)
	at org.springframework.web.servlet.FrameworkServlet.processRequest(FrameworkServlet.java:1000)
	at org.springframework.web.servlet.FrameworkServlet.doGet(FrameworkServlet.java:892)
	at jakarta.servlet.http.HttpServlet.service(HttpServlet.java:622)
	at org.springframework.web.servlet.FrameworkServlet.service(FrameworkServlet.java:874)
	at jakarta.servlet.http.HttpServlet.service(HttpServlet.java:710)
	at org.apache.catalina.core.ApplicationFilterChain.doFilter(ApplicationFilterChain.java:128)
	at org.springframework.web.filter.OncePerRequestFilter.doFilter(OncePerRequestFilter.java:101)
	at org.apache.catalina.core.ApplicationFilterChain.doFilter(ApplicationFilterChain.java:107)
	at org.springframework.web.filter.CompositeFilter$VirtualFilterChain.doFilter(CompositeFilter.java:108)
	at org.springframework.security.web.FilterChainProxy.lambda$doFilterInternal$3(FilterChainProxy.java:235)
	at org.springframework.security.web.FilterChainProxy$VirtualFilterChain.doFilter(FilterChainProxy.java:371)
	at org.springframework.security.web.access.intercept.AuthorizationFilter.doFilter(AuthorizationFilter.java:101)
	at org.springframework.security.web.FilterChainProxy$VirtualFilterChain.doFilter(FilterChainProxy.java:380)
	at org.springframework.security.web.access.ExceptionTranslationFilter.doFilter(ExceptionTranslationFilter.java:126)
	at org.springframework.security.web.access.ExceptionTranslationFilter.doFilter(ExceptionTranslationFilter.java:120)
	at org.springframework.security.web.FilterChainProxy$VirtualFilterChain.doFilter(FilterChainProxy.java:380)
	at org.springframework.security.web.authentication.AnonymousAuthenticationFilter.doFilter(AnonymousAuthenticationFilter.java:100)
	at org.springframework.security.web.FilterChainProxy$VirtualFilterChain.doFilter(FilterChainProxy.java:380)
	at org.springframework.security.web.servletapi.SecurityContextHolderAwareRequestFilter.doFilter(SecurityContextHolderAwareRequestFilter.java:181)
	at org.springframework.security.web.FilterChainProxy$VirtualFilterChain.doFilter(FilterChainProxy.java:380)
	at org.springframework.security.web.savedrequest.RequestCacheAwareFilter.doFilter(RequestCacheAwareFilter.java:63)
	at org.springframework.security.web.FilterChainProxy$VirtualFilterChain.doFilter(FilterChainProxy.java:380)
	at org.springframework.web.filter.OncePerRequestFilter.doFilter(OncePerRequestFilter.java:101)
	at org.springframework.security.web.FilterChainProxy$VirtualFilterChain.doFilter(FilterChainProxy.java:380)
	at org.springframework.security.web.authentication.logout.LogoutFilter.doFilter(LogoutFilter.java:110)
	at org.springframework.security.web.authentication.logout.LogoutFilter.doFilter(LogoutFilter.java:96)
	at org.springframework.security.web.FilterChainProxy$VirtualFilterChain.doFilter(FilterChainProxy.java:380)
	at org.springframework.web.filter.OncePerRequestFilter.doFilter(OncePerRequestFilter.java:101)
	at org.springframework.security.web.FilterChainProxy$VirtualFilterChain.doFilter(FilterChainProxy.java:380)
	at org.springframework.web.filter.OncePerRequestFilter.doFilter(OncePerRequestFilter.java:101)
	at org.springframework.security.web.FilterChainProxy$VirtualFilterChain.doFilter(FilterChainProxy.java:380)
	at org.springframework.security.web.context.SecurityContextHolderFilter.doFilter(SecurityContextHolderFilter.java:82)
	at org.springframework.security.web.context.SecurityContextHolderFilter.doFilter(SecurityContextHolderFilter.java:69)
	at org.springframework.security.web.FilterChainProxy$VirtualFilterChain.doFilter(FilterChainProxy.java:380)
	at org.springframework.web.filter.OncePerRequestFilter.doFilter(OncePerRequestFilter.java:101)
	at org.springframework.security.web.FilterChainProxy$VirtualFilterChain.doFilter(FilterChainProxy.java:380)
	at org.springframework.web.filter.OncePerRequestFilter.doFilter(OncePerRequestFilter.java:101)
	at org.springframework.security.web.FilterChainProxy$VirtualFilterChain.doFilter(FilterChainProxy.java:380)
	at org.springframework.security.web.FilterChainProxy.doFilterInternal(FilterChainProxy.java:237)
	at org.springframework.security.web.FilterChainProxy.doFilter(FilterChainProxy.java:195)
	at org.springframework.web.filter.CompositeFilter$VirtualFilterChain.doFilter(CompositeFilter.java:113)
	at org.springframework.web.filter.ServletRequestPathFilter.doFilter(ServletRequestPathFilter.java:52)
	at org.springframework.web.filter.CompositeFilter$VirtualFilterChain.doFilter(CompositeFilter.java:113)
	at org.springframework.web.filter.CompositeFilter.doFilter(CompositeFilter.java:74)
	at org.springframework.security.config.annotation.web.configuration.WebSecurityConfiguration$CompositeFilterChainProxy.doFilter(WebSecurityConfiguration.java:317)
	at org.springframework.web.filter.DelegatingFilterProxy.invokeDelegate(DelegatingFilterProxy.java:355)
	at org.springframework.web.filter.DelegatingFilterProxy.doFilter(DelegatingFilterProxy.java:272)
	at org.apache.catalina.core.ApplicationFilterChain.doFilter(ApplicationFilterChain.java:107)
	at org.springframework.web.filter.RequestContextFilter.doFilterInternal(RequestContextFilter.java:100)
	at org.springframework.web.filter.OncePerRequestFilter.doFilter(OncePerRequestFilter.java:116)
	at org.apache.catalina.core.ApplicationFilterChain.doFilter(ApplicationFilterChain.java:107)
	at org.springframework.web.filter.OncePerRequestFilter.doFilter(OncePerRequestFilter.java:101)
	at org.apache.catalina.core.ApplicationFilterChain.doFilter(ApplicationFilterChain.java:107)
	at org.springframework.web.filter.OncePerRequestFilter.doFilter(OncePerRequestFilter.java:101)
	at org.apache.catalina.core.ApplicationFilterChain.doFilter(ApplicationFilterChain.java:107)
	at org.springframework.web.filter.OncePerRequestFilter.doFilter(OncePerRequestFilter.java:101)
	at org.apache.catalina.core.ApplicationFilterChain.doFilter(ApplicationFilterChain.java:107)
	at org.apache.catalina.core.ApplicationDispatcher.invoke(ApplicationDispatcher.java:513)
	at org.apache.catalina.core.ApplicationDispatcher.dispatch(ApplicationDispatcher.java:441)
	at org.apache.catalina.core.AsyncContextImpl$AsyncRunnable.run(AsyncContextImpl.java:585)
	at org.apache.catalina.core.AsyncContextImpl.doInternalDispatch(AsyncContextImpl.java:340)
	at org.apache.catalina.core.StandardWrapperValve.invoke(StandardWrapperValve.java:163)
	at org.apache.catalina.core.StandardContextValve.invoke(StandardContextValve.java:77)
	at org.apache.catalina.authenticator.AuthenticatorBase.invoke(AuthenticatorBase.java:492)
	at org.apache.catalina.core.StandardHostValve.invoke(StandardHostValve.java:113)
	at org.apache.catalina.valves.ErrorReportValve.invoke(ErrorReportValve.java:83)
	at org.apache.catalina.core.StandardEngineValve.invoke(StandardEngineValve.java:72)
	at org.apache.catalina.connector.CoyoteAdapter.asyncDispatch(CoyoteAdapter.java:238)
	at org.apache.coyote.AbstractProcessor.dispatch(AbstractProcessor.java:242)
	at org.apache.coyote.AbstractProcessorLight.process(AbstractProcessorLight.java:57)
	at org.apache.coyote.AbstractProtocol$ConnectionHandler.process(AbstractProtocol.java:903)
	at org.apache.tomcat.util.net.NioEndpoint$SocketProcessor.doRun(NioEndpoint.java:1779)
	at org.apache.tomcat.util.net.SocketProcessorBase.run(SocketProcessorBase.java:52)
	at org.apache.tomcat.util.threads.ThreadPoolExecutor.runWorker(ThreadPoolExecutor.java:946)
	at org.apache.tomcat.util.threads.ThreadPoolExecutor$Worker.run(ThreadPoolExecutor.java:480)
	at org.apache.tomcat.util.threads.TaskThread$WrappingRunnable.run(TaskThread.java:57)
	at java.base/java.lang.Thread.run(Thread.java:840)
2026-07-02 17:13:56 [http-nio-8081-exec-9] WARN  o.s.w.s.m.s.DefaultHandlerExceptionResolver - Ignoring exception, response committed already: org.springframework.web.context.request.async.AsyncRequestTimeoutException
2026-07-02 17:13:56 [http-nio-8081-exec-7] WARN  o.s.w.s.m.s.DefaultHandlerExceptionResolver - Resolved [org.springframework.web.context.request.async.AsyncRequestTimeoutException]
2026-07-02 17:13:56 [http-nio-8081-exec-3] WARN  o.s.w.s.m.s.DefaultHandlerExceptionResolver - Resolved [org.springframework.web.context.request.async.AsyncRequestTimeoutException]
2026-07-02 17:13:56 [http-nio-8081-exec-8] WARN  o.s.w.s.m.s.DefaultHandlerExceptionResolver - Resolved [org.springframework.web.context.request.async.AsyncRequestTimeoutException]
2026-07-02 17:13:56 [http-nio-8081-exec-6] WARN  o.s.w.s.m.s.DefaultHandlerExceptionResolver - Ignoring exception, response committed already: org.springframework.web.context.request.async.AsyncRequestTimeoutException
2026-07-02 17:13:56 [http-nio-8081-exec-1] WARN  o.s.w.s.m.s.DefaultHandlerExceptionResolver - Ignoring exception, response committed already: org.springframework.web.context.request.async.AsyncRequestTimeoutException
2026-07-02 17:13:56 [http-nio-8081-exec-4] WARN  o.s.w.s.m.s.DefaultHandlerExceptionResolver - Ignoring exception, response committed already: org.springframework.web.context.request.async.AsyncRequestTimeoutException
2026-07-02 17:13:56 [http-nio-8081-exec-6] WARN  o.s.w.s.m.s.DefaultHandlerExceptionResolver - Resolved [org.springframework.web.context.request.async.AsyncRequestTimeoutException]
2026-07-02 17:13:56 [http-nio-8081-exec-1] WARN  o.s.w.s.m.s.DefaultHandlerExceptionResolver - Resolved [org.springframework.web.context.request.async.AsyncRequestTimeoutException]
2026-07-02 17:13:56 [http-nio-8081-exec-10] WARN  o.s.w.s.m.s.DefaultHandlerExceptionResolver - Ignoring exception, response committed already: org.springframework.web.context.request.async.AsyncRequestTimeoutException
2026-07-02 17:13:56 [http-nio-8081-exec-5] WARN  o.s.w.s.m.s.DefaultHandlerExceptionResolver - Ignoring exception, response committed already: org.springframework.web.context.request.async.AsyncRequestTimeoutException
2026-07-02 17:13:56 [http-nio-8081-exec-2] WARN  o.s.w.s.m.s.DefaultHandlerExceptionResolver - Ignoring exception, response committed already: org.springframework.web.context.request.async.AsyncRequestTimeoutException
2026-07-02 17:13:56 [http-nio-8081-exec-10] WARN  o.s.w.s.m.s.DefaultHandlerExceptionResolver - Resolved [org.springframework.web.context.request.async.AsyncRequestTimeoutException]
2026-07-02 17:13:56 [http-nio-8081-exec-9] WARN  o.s.w.s.m.s.DefaultHandlerExceptionResolver - Resolved [org.springframework.web.context.request.async.AsyncRequestTimeoutException]
2026-07-02 17:13:56 [http-nio-8081-exec-5] WARN  o.s.w.s.m.s.DefaultHandlerExceptionResolver - Resolved [org.springframework.web.context.request.async.AsyncRequestTimeoutException]
2026-07-02 17:13:56 [http-nio-8081-exec-4] WARN  o.s.w.s.m.s.DefaultHandlerExceptionResolver - Resolved [org.springframework.web.context.request.async.AsyncRequestTimeoutException]
2026-07-02 17:13:56 [http-nio-8081-exec-2] WARN  o.s.w.s.m.s.DefaultHandlerExceptionResolver - Resolved [org.springframework.web.context.request.async.AsyncRequestTimeoutException]
2026-07-02 17:13:56 [http-nio-8081-exec-6] DEBUG o.s.s.w.a.AnonymousAuthenticationFilter - Set SecurityContextHolder to anonymous SecurityContext
2026-07-02 17:13:56 [http-nio-8081-exec-2] DEBUG o.s.s.w.a.AnonymousAuthenticationFilter - Set SecurityContextHolder to anonymous SecurityContext
2026-07-02 17:13:56 [http-nio-8081-exec-1] DEBUG o.s.s.w.a.AnonymousAuthenticationFilter - Set SecurityContextHolder to anonymous SecurityContext
2026-07-02 17:13:56 [http-nio-8081-exec-5] DEBUG o.s.s.w.a.AnonymousAuthenticationFilter - Set SecurityContextHolder to anonymous SecurityContext
2026-07-02 17:13:56 [http-nio-8081-exec-7] DEBUG o.s.s.w.a.AnonymousAuthenticationFilter - Set SecurityContextHolder to anonymous SecurityContext
2026-07-02 17:13:56 [http-nio-8081-exec-4] DEBUG o.s.s.w.a.AnonymousAuthenticationFilter - Set SecurityContextHolder to anonymous SecurityContext
2026-07-02 17:13:56 [http-nio-8081-exec-3] DEBUG o.s.s.w.a.AnonymousAuthenticationFilter - Set SecurityContextHolder to anonymous SecurityContext
2026-07-02 17:13:56 [http-nio-8081-exec-8] DEBUG o.s.s.w.a.AnonymousAuthenticationFilter - Set SecurityContextHolder to anonymous SecurityContext
2026-07-02 17:13:56 [http-nio-8081-exec-10] DEBUG o.s.s.w.a.AnonymousAuthenticationFilter - Set SecurityContextHolder to anonymous SecurityContext
2026-07-02 17:13:56 [http-nio-8081-exec-9] DEBUG o.s.s.w.a.AnonymousAuthenticationFilter - Set SecurityContextHolder to anonymous SecurityContext
2026-07-02 17:13:56 [SpringApplicationShutdownHook] INFO  o.s.m.s.b.SimpleBrokerMessageHandler - Stopping...
2026-07-02 17:13:56 [SpringApplicationShutdownHook] INFO  o.s.m.s.b.SimpleBrokerMessageHandler - BrokerAvailabilityEvent[available=false, SimpleBrokerMessageHandler [org.springframework.messaging.simp.broker.DefaultSubscriptionRegistry@5a2e250b]]
2026-07-02 17:13:56 [SpringApplicationShutdownHook] INFO  o.s.m.s.b.SimpleBrokerMessageHandler - Stopped.
2026-07-02 17:13:56 [SpringApplicationShutdownHook] INFO  o.s.o.j.LocalContainerEntityManagerFactoryBean - Closing JPA EntityManagerFactory for persistence unit 'default'
2026-07-02 17:13:56 [SpringApplicationShutdownHook] INFO  com.zaxxer.hikari.HikariDataSource - HikariPool-1 - Shutdown initiated...
2026-07-02 17:13:56 [SpringApplicationShutdownHook] INFO  com.zaxxer.hikari.HikariDataSource - HikariPool-1 - Shutdown completed.
