2026-07-05 15:36:08 [main] INFO  c.example.backend.BackendApplication - Starting BackendApplication using Java 17.0.18 with PID 8940 (D:\DATN\VietnamPhoto\backend\target\classes started by Tuna in D:\DATN\VietnamPhoto)
2026-07-05 15:36:08 [main] DEBUG c.example.backend.BackendApplication - Running with Spring Boot v4.0.3, Spring v7.0.5
2026-07-05 15:36:08 [main] INFO  c.example.backend.BackendApplication - No active profile set, falling back to 1 default profile: "default"
2026-07-05 15:36:08 [background-preinit] INFO  o.h.validator.internal.util.Version - HV000001: Hibernate Validator 9.0.1.Final
2026-07-05 15:36:09 [main] INFO  o.s.d.r.c.RepositoryConfigurationDelegate - Bootstrapping Spring Data JPA repositories in DEFAULT mode.
2026-07-05 15:36:09 [main] INFO  o.s.d.r.c.RepositoryConfigurationDelegate - Finished Spring Data repository scanning in 138 ms. Found 17 JPA repository interfaces.
2026-07-05 15:36:10 [main] INFO  o.s.boot.tomcat.TomcatWebServer - Tomcat initialized with port 8081 (http)
2026-07-05 15:36:10 [main] INFO  o.a.coyote.http11.Http11NioProtocol - Initializing ProtocolHandler ["http-nio-8081"]
2026-07-05 15:36:10 [main] INFO  o.a.catalina.core.StandardService - Starting service [Tomcat]
2026-07-05 15:36:10 [main] INFO  o.a.catalina.core.StandardEngine - Starting Servlet engine: [Apache Tomcat/11.0.18]
2026-07-05 15:36:10 [main] INFO  o.s.b.w.c.s.WebApplicationContextInitializer - Root WebApplicationContext: initialization completed in 2804 ms
2026-07-05 15:36:11 [main] DEBUG c.e.b.config.security.JwtFilter - Filter 'jwtFilter' configured for use
2026-07-05 15:36:11 [main] INFO  org.hibernate.orm.jpa - HHH008540: Processing PersistenceUnitInfo [name: default]
2026-07-05 15:36:11 [main] INFO  org.hibernate.orm.core - HHH000001: Hibernate ORM core version 7.2.4.Final
2026-07-05 15:36:12 [main] INFO  o.s.o.j.p.SpringPersistenceUnitInfo - No LoadTimeWeaver setup: ignoring JPA class transformer
2026-07-05 15:36:12 [main] INFO  com.zaxxer.hikari.HikariDataSource - HikariPool-1 - Starting...
2026-07-05 15:36:12 [main] INFO  com.zaxxer.hikari.pool.HikariPool - HikariPool-1 - Added connection com.mysql.cj.jdbc.ConnectionImpl@7c02b3cb
2026-07-05 15:36:12 [main] INFO  com.zaxxer.hikari.HikariDataSource - HikariPool-1 - Start completed.
2026-07-05 15:36:13 [main] INFO  o.hibernate.orm.connections.pooling - HHH10001005: Database info:
	Database JDBC URL [jdbc:mysql://localhost:3306/VNScout?serverTimezone=Asia/Ho_Chi_Minh&useSSL=false&allowPublicKeyRetrieval=true]
	Database driver: MySQL Connector/J
	Database dialect: MySQLDialect
	Database version: 8.0.46
	Default catalog/schema: VNScout/undefined
	Autocommit mode: undefined/unknown
	Isolation level: REPEATABLE_READ [default REPEATABLE_READ]
	JDBC fetch size: none
	Pool: DataSourceConnectionProvider
	Minimum pool size: undefined/unknown
	Maximum pool size: undefined/unknown
2026-07-05 15:36:15 [main] INFO  org.hibernate.orm.core - HHH000489: No JTA platform available (set 'hibernate.transaction.jta.platform' to enable JTA platform integration)
2026-07-05 15:36:16 [main] INFO  o.s.o.j.LocalContainerEntityManagerFactoryBean - Initialized JPA EntityManagerFactory for persistence unit 'default'
2026-07-05 15:36:16 [main] INFO  o.s.d.j.r.q.QueryEnhancerFactories - Hibernate is in classpath; If applicable, HQL parser will be used.
2026-07-05 15:36:18 [main] INFO  c.e.b.s.banned.BadWordFilterService - Loaded 578 bad words from database into memory.
2026-07-05 15:36:19 [main] WARN  o.s.b.j.a.JpaBaseConfiguration$JpaWebConfiguration - spring.jpa.open-in-view is enabled by default. Therefore, database queries may be performed during view rendering. Explicitly configure spring.jpa.open-in-view to disable this warning
2026-07-05 15:36:19 [main] WARN  o.s.b.s.a.UserDetailsServiceAutoConfiguration - 

Using generated security password: 8400219c-ad71-4750-9266-06ad34dd99af

This generated password is for development use only. Your security configuration must be updated before running your application in production.

2026-07-05 15:36:19 [main] INFO  o.s.s.c.a.a.c.InitializeUserDetailsBeanManagerConfigurer$InitializeUserDetailsManagerConfigurer - Global AuthenticationManager configured with UserDetailsService bean with name inMemoryUserDetailsManager
2026-07-05 15:36:19 [main] DEBUG o.s.s.web.DefaultSecurityFilterChain - Will secure any request with filters: DisableEncodeUrlFilter, WebAsyncManagerIntegrationFilter, SecurityContextHolderFilter, HeaderWriterFilter, CorsFilter, LogoutFilter, JwtFilter, RequestCacheAwareFilter, SecurityContextHolderAwareRequestFilter, AnonymousAuthenticationFilter, ExceptionTranslationFilter, AuthorizationFilter
2026-07-05 15:36:20 [main] INFO  o.s.m.s.b.SimpleBrokerMessageHandler - Starting...
2026-07-05 15:36:20 [main] INFO  o.s.m.s.b.SimpleBrokerMessageHandler - BrokerAvailabilityEvent[available=true, SimpleBrokerMessageHandler [org.springframework.messaging.simp.broker.DefaultSubscriptionRegistry@6448398f]]
2026-07-05 15:36:20 [main] INFO  o.s.m.s.b.SimpleBrokerMessageHandler - Started.
2026-07-05 15:36:20 [main] INFO  o.a.coyote.http11.Http11NioProtocol - Starting ProtocolHandler ["http-nio-8081"]
2026-07-05 15:36:20 [main] INFO  o.s.boot.tomcat.TomcatWebServer - Tomcat started on port 8081 (http) with context path '/'
2026-07-05 15:36:20 [main] INFO  c.example.backend.BackendApplication - Started BackendApplication in 12.832 seconds (process running for 14.01)
2026-07-05 15:36:20 [main] INFO  c.e.b.c.i.BannedWordDataInitializer - Banned words already initialized. Skip import.
2026-07-05 15:36:37 [http-nio-8081-exec-2] INFO  o.a.c.c.C.[Tomcat].[localhost].[/] - Initializing Spring DispatcherServlet 'dispatcherServlet'
2026-07-05 15:36:37 [http-nio-8081-exec-2] INFO  o.s.web.servlet.DispatcherServlet - Initializing Servlet 'dispatcherServlet'
2026-07-05 15:36:37 [http-nio-8081-exec-2] INFO  o.s.web.servlet.DispatcherServlet - Completed initialization in 3 ms
2026-07-05 15:36:37 [http-nio-8081-exec-6] DEBUG o.s.security.web.FilterChainProxy - Securing GET /users/me
2026-07-05 15:36:37 [http-nio-8081-exec-4] DEBUG o.s.security.web.FilterChainProxy - Securing GET /api/admin/stats
2026-07-05 15:36:37 [http-nio-8081-exec-5] DEBUG o.s.security.web.FilterChainProxy - Securing GET /api/admin/reports?status=PENDING&size=20
2026-07-05 15:36:37 [http-nio-8081-exec-5] WARN  o.s.w.s.h.HandlerMappingIntrospector - Cache miss for REQUEST dispatch to '/api/admin/reports' (previous null). Performing CorsConfiguration lookup. This is logged once only at WARN level, and every time at TRACE.
2026-07-05 15:36:37 [http-nio-8081-exec-6] DEBUG o.s.security.web.FilterChainProxy - Secured GET /users/me
2026-07-05 15:36:37 [http-nio-8081-exec-4] DEBUG o.s.security.web.FilterChainProxy - Secured GET /api/admin/stats
2026-07-05 15:36:37 [http-nio-8081-exec-5] DEBUG o.s.security.web.FilterChainProxy - Secured GET /api/admin/reports?status=PENDING&size=20
2026-07-05 15:36:37 [http-nio-8081-exec-4] DEBUG o.s.s.a.m.AuthorizationManagerBeforeMethodInterceptor - Authorizing method invocation ReflectiveMethodInvocation: public com.example.backend.dto.response.ApiResponse com.example.backend.controller.AdminController.getStats(); target is of class [com.example.backend.controller.AdminController]
2026-07-05 15:36:37 [http-nio-8081-exec-5] DEBUG o.s.s.a.m.AuthorizationManagerBeforeMethodInterceptor - Authorizing method invocation ReflectiveMethodInvocation: public com.example.backend.dto.response.ApiResponse com.example.backend.controller.AdminController.getReports(java.lang.String,int,int); target is of class [com.example.backend.controller.AdminController]
2026-07-05 15:36:37 [http-nio-8081-exec-4] DEBUG o.s.s.a.m.AuthorizationManagerBeforeMethodInterceptor - Authorized method invocation ReflectiveMethodInvocation: public com.example.backend.dto.response.ApiResponse com.example.backend.controller.AdminController.getStats(); target is of class [com.example.backend.controller.AdminController]
2026-07-05 15:36:37 [http-nio-8081-exec-5] DEBUG o.s.s.a.m.AuthorizationManagerBeforeMethodInterceptor - Authorized method invocation ReflectiveMethodInvocation: public com.example.backend.dto.response.ApiResponse com.example.backend.controller.AdminController.getReports(java.lang.String,int,int); target is of class [com.example.backend.controller.AdminController]
2026-07-05 15:36:38 [http-nio-8081-exec-9] DEBUG o.s.security.web.FilterChainProxy - Securing GET /api/v1/notifications/stream?token=eyJhbGciOiJIUzI1NiJ9.eyJzdWIiOiJUdW5hLWFkbWluIiwicGVybWlzc2lvbnMiOlsiUk9MRV9BRE1JTiJdLCJpc3MiOiJkZXZ0ZXJpYS5jb20iLCJleHAiOjE3Nzk1MjAyNzUsImlhdCI6MTc3OTUxMzA3NSwidXNlcklkIjoiMGZiN2VkZjMtYzQ5YS00NTQ5LTg4YzUtNDk5OTMxNGEzMzFlIn0.bJu3f8N3VUhzhAlzxn07v98jJkgoo3H20isKAEyAScU
2026-07-05 15:36:38 [http-nio-8081-exec-8] DEBUG o.s.security.web.FilterChainProxy - Securing GET /api/v1/notifications/unread-count
2026-07-05 15:36:38 [http-nio-8081-exec-8] DEBUG o.s.security.web.FilterChainProxy - Secured GET /api/v1/notifications/unread-count
2026-07-05 15:36:38 [http-nio-8081-exec-9] DEBUG o.s.security.web.FilterChainProxy - Secured GET /api/v1/notifications/stream?token=eyJhbGciOiJIUzI1NiJ9.eyJzdWIiOiJUdW5hLWFkbWluIiwicGVybWlzc2lvbnMiOlsiUk9MRV9BRE1JTiJdLCJpc3MiOiJkZXZ0ZXJpYS5jb20iLCJleHAiOjE3Nzk1MjAyNzUsImlhdCI6MTc3OTUxMzA3NSwidXNlcklkIjoiMGZiN2VkZjMtYzQ5YS00NTQ5LTg4YzUtNDk5OTMxNGEzMzFlIn0.bJu3f8N3VUhzhAlzxn07v98jJkgoo3H20isKAEyAScU
2026-07-05 15:36:38 [http-nio-8081-exec-10] DEBUG o.s.security.web.FilterChainProxy - Securing GET /api/v1/notifications/unread-count
2026-07-05 15:36:38 [http-nio-8081-exec-10] DEBUG o.s.security.web.FilterChainProxy - Secured GET /api/v1/notifications/unread-count
2026-07-05 15:36:38 [http-nio-8081-exec-5] WARN  o.s.d.w.c.SpringDataJackson3Configuration$PageModule$WarningLoggingModifier - Serializing PageImpl instances as-is is not supported, meaning that there is no guarantee about the stability of the resulting JSON structure!
	For a stable JSON structure, please use Spring Data's PagedModel (globally via @EnableSpringDataWebSupport(pageSerializationMode = VIA_DTO))
	or Spring HATEOAS and Spring Data's PagedResourcesAssembler as documented in https://docs.spring.io/spring-data/commons/reference/repositories/core-extensions.html#core.web.pageables.

2026-07-05 15:36:38 [http-nio-8081-exec-1] DEBUG o.s.security.web.FilterChainProxy - Securing GET /chat/conversations
2026-07-05 15:36:38 [http-nio-8081-exec-1] DEBUG o.s.security.web.FilterChainProxy - Secured GET /chat/conversations
2026-07-05 15:36:39 [http-nio-8081-exec-4] DEBUG o.s.security.web.FilterChainProxy - Securing GET /chat/conversations
2026-07-05 15:36:39 [http-nio-8081-exec-4] DEBUG o.s.security.web.FilterChainProxy - Secured GET /chat/conversations
2026-07-05 15:36:43 [http-nio-8081-exec-10] DEBUG o.s.security.web.FilterChainProxy - Securing GET /api/locations?size=20&page=0&level=2
2026-07-05 15:36:43 [http-nio-8081-exec-5] DEBUG o.s.security.web.FilterChainProxy - Securing GET /api/v1/posts/getAll?size=200
2026-07-05 15:36:43 [http-nio-8081-exec-10] DEBUG o.s.security.web.FilterChainProxy - Secured GET /api/locations?size=20&page=0&level=2
2026-07-05 15:36:43 [http-nio-8081-exec-5] DEBUG o.s.security.web.FilterChainProxy - Secured GET /api/v1/posts/getAll?size=200
2026-07-05 15:36:43 [http-nio-8081-exec-3] DEBUG o.s.security.web.FilterChainProxy - Securing GET /api/locations?size=20&page=0&level=2
2026-07-05 15:36:43 [http-nio-8081-exec-3] DEBUG o.s.security.web.FilterChainProxy - Secured GET /api/locations?size=20&page=0&level=2
2026-07-05 15:36:43 [http-nio-8081-exec-2] DEBUG o.s.security.web.FilterChainProxy - Securing GET /api/v1/posts/getAll?size=200
2026-07-05 15:36:43 [http-nio-8081-exec-2] DEBUG o.s.security.web.FilterChainProxy - Secured GET /api/v1/posts/getAll?size=200
2026-07-05 15:36:47 [http-nio-8081-exec-6] DEBUG o.s.security.web.FilterChainProxy - Securing GET /api/locations/9c647745-7d29-4ea8-990d-5c2392e276db
2026-07-05 15:36:47 [http-nio-8081-exec-6] DEBUG o.s.security.web.FilterChainProxy - Secured GET /api/locations/9c647745-7d29-4ea8-990d-5c2392e276db
2026-07-05 15:36:47 [http-nio-8081-exec-7] DEBUG o.s.security.web.FilterChainProxy - Securing GET /api/locations/9c647745-7d29-4ea8-990d-5c2392e276db
2026-07-05 15:36:47 [http-nio-8081-exec-7] DEBUG o.s.security.web.FilterChainProxy - Secured GET /api/locations/9c647745-7d29-4ea8-990d-5c2392e276db
2026-07-05 15:36:47 [http-nio-8081-exec-9] DEBUG o.s.security.web.FilterChainProxy - Securing GET /api/v1/posts/location/9c647745-7d29-4ea8-990d-5c2392e276db?size=50&viewerId=0fb7edf3-c49a-4549-88c5-4999314a331e
2026-07-05 15:36:47 [http-nio-8081-exec-9] DEBUG o.s.security.web.FilterChainProxy - Secured GET /api/v1/posts/location/9c647745-7d29-4ea8-990d-5c2392e276db?size=50&viewerId=0fb7edf3-c49a-4549-88c5-4999314a331e
2026-07-05 15:36:48 [http-nio-8081-exec-10] DEBUG o.s.security.web.FilterChainProxy - Securing GET /api/v1/posts/location/9c647745-7d29-4ea8-990d-5c2392e276db?size=50&viewerId=0fb7edf3-c49a-4549-88c5-4999314a331e
2026-07-05 15:36:48 [http-nio-8081-exec-10] DEBUG o.s.security.web.FilterChainProxy - Secured GET /api/v1/posts/location/9c647745-7d29-4ea8-990d-5c2392e276db?size=50&viewerId=0fb7edf3-c49a-4549-88c5-4999314a331e
2026-07-05 15:36:50 [http-nio-8081-exec-5] DEBUG o.s.security.web.FilterChainProxy - Securing POST /api/v1/posts/1e53a30f-ef3d-44cb-ae06-7d2354225791/like?userId=0fb7edf3-c49a-4549-88c5-4999314a331e
2026-07-05 15:36:50 [http-nio-8081-exec-5] DEBUG o.s.security.web.FilterChainProxy - Secured POST /api/v1/posts/1e53a30f-ef3d-44cb-ae06-7d2354225791/like?userId=0fb7edf3-c49a-4549-88c5-4999314a331e
2026-07-05 15:36:52 [http-nio-8081-exec-4] DEBUG o.s.security.web.FilterChainProxy - Securing GET /api/v1/posts/1e53a30f-ef3d-44cb-ae06-7d2354225791?viewerId=0fb7edf3-c49a-4549-88c5-4999314a331e
2026-07-05 15:36:52 [http-nio-8081-exec-8] DEBUG o.s.security.web.FilterChainProxy - Securing GET /api/v1/comments/post/1e53a30f-ef3d-44cb-ae06-7d2354225791
2026-07-05 15:36:52 [http-nio-8081-exec-4] DEBUG o.s.security.web.FilterChainProxy - Secured GET /api/v1/posts/1e53a30f-ef3d-44cb-ae06-7d2354225791?viewerId=0fb7edf3-c49a-4549-88c5-4999314a331e
2026-07-05 15:36:52 [http-nio-8081-exec-8] DEBUG o.s.security.web.FilterChainProxy - Secured GET /api/v1/comments/post/1e53a30f-ef3d-44cb-ae06-7d2354225791
2026-07-05 15:36:52 [http-nio-8081-exec-7] DEBUG o.s.security.web.FilterChainProxy - Securing GET /api/v1/comments/post/1e53a30f-ef3d-44cb-ae06-7d2354225791
2026-07-05 15:36:52 [http-nio-8081-exec-7] DEBUG o.s.security.web.FilterChainProxy - Secured GET /api/v1/comments/post/1e53a30f-ef3d-44cb-ae06-7d2354225791
2026-07-05 15:36:52 [http-nio-8081-exec-9] DEBUG o.s.security.web.FilterChainProxy - Securing GET /api/v1/posts/1e53a30f-ef3d-44cb-ae06-7d2354225791?viewerId=0fb7edf3-c49a-4549-88c5-4999314a331e
2026-07-05 15:36:52 [http-nio-8081-exec-9] DEBUG o.s.security.web.FilterChainProxy - Secured GET /api/v1/posts/1e53a30f-ef3d-44cb-ae06-7d2354225791?viewerId=0fb7edf3-c49a-4549-88c5-4999314a331e
2026-07-05 15:36:52 [http-nio-8081-exec-5] DEBUG o.s.security.web.FilterChainProxy - Securing GET /api/v1/follow/status?followerId=0fb7edf3-c49a-4549-88c5-4999314a331e&followingId=2ea069b0-fdb0-46f0-81d1-a6502ebfcce5
2026-07-05 15:36:52 [http-nio-8081-exec-5] DEBUG o.s.security.web.FilterChainProxy - Secured GET /api/v1/follow/status?followerId=0fb7edf3-c49a-4549-88c5-4999314a331e&followingId=2ea069b0-fdb0-46f0-81d1-a6502ebfcce5
2026-07-05 15:36:52 [http-nio-8081-exec-2] DEBUG o.s.security.web.FilterChainProxy - Securing GET /api/v1/follow/status?followerId=0fb7edf3-c49a-4549-88c5-4999314a331e&followingId=2ea069b0-fdb0-46f0-81d1-a6502ebfcce5
2026-07-05 15:36:52 [http-nio-8081-exec-2] DEBUG o.s.security.web.FilterChainProxy - Secured GET /api/v1/follow/status?followerId=0fb7edf3-c49a-4549-88c5-4999314a331e&followingId=2ea069b0-fdb0-46f0-81d1-a6502ebfcce5
2026-07-05 15:36:58 [http-nio-8081-exec-6] DEBUG o.s.security.web.FilterChainProxy - Securing POST /api/v1/comments
2026-07-05 15:36:58 [http-nio-8081-exec-6] DEBUG o.s.security.web.FilterChainProxy - Secured POST /api/v1/comments
2026-07-05 15:36:58 [http-nio-8081-exec-6] DEBUG o.s.s.a.m.AuthorizationManagerBeforeMethodInterceptor - Authorizing method invocation ReflectiveMethodInvocation: public com.example.backend.dto.response.comment.CommentResponse com.example.backend.controller.comment.CommentController.createComment(java.lang.String,com.example.backend.dto.request.comment.CommentRequest); target is of class [com.example.backend.controller.comment.CommentController]
2026-07-05 15:36:58 [http-nio-8081-exec-6] DEBUG o.s.s.a.m.AuthorizationManagerBeforeMethodInterceptor - Authorized method invocation ReflectiveMethodInvocation: public com.example.backend.dto.response.comment.CommentResponse com.example.backend.controller.comment.CommentController.createComment(java.lang.String,com.example.backend.dto.request.comment.CommentRequest); target is of class [com.example.backend.controller.comment.CommentController]
2026-07-05 15:36:58 [http-nio-8081-exec-6] INFO  c.e.b.s.c.ToxicCommentModerationService - [Toxic Moderation] Requesting PhoBERT to check toxic for text: ngaos dest
2026-07-05 15:37:00 [http-nio-8081-exec-6] ERROR c.e.b.s.c.ToxicCommentModerationService - [Toxic Moderation] Error calling moderation service (Fail-open mode active): I/O error on POST request for "http://localhost:8000/check-toxic": Read timed out
2026-07-05 15:37:02 [http-nio-8081-exec-4] DEBUG o.s.security.web.FilterChainProxy - Securing GET /api/v1/comments/post/1e53a30f-ef3d-44cb-ae06-7d2354225791
2026-07-05 15:37:02 [http-nio-8081-exec-4] DEBUG o.s.security.web.FilterChainProxy - Secured GET /api/v1/comments/post/1e53a30f-ef3d-44cb-ae06-7d2354225791
2026-07-05 15:37:06 [http-nio-8081-exec-10] DEBUG o.s.security.web.FilterChainProxy - Securing POST /api/posts/1e53a30f-ef3d-44cb-ae06-7d2354225791/rate
2026-07-05 15:37:06 [http-nio-8081-exec-10] DEBUG o.s.security.web.FilterChainProxy - Secured POST /api/posts/1e53a30f-ef3d-44cb-ae06-7d2354225791/rate
2026-07-05 15:37:12 [http-nio-8081-exec-9] DEBUG o.s.security.web.FilterChainProxy - Securing GET /api/v1/comments/post/1e53a30f-ef3d-44cb-ae06-7d2354225791
2026-07-05 15:37:12 [http-nio-8081-exec-9] DEBUG o.s.security.web.FilterChainProxy - Secured GET /api/v1/comments/post/1e53a30f-ef3d-44cb-ae06-7d2354225791
2026-07-05 15:37:19 [http-nio-8081-exec-1] DEBUG o.s.security.web.FilterChainProxy - Securing GET /api/locations/9c647745-7d29-4ea8-990d-5c2392e276db
2026-07-05 15:37:19 [http-nio-8081-exec-1] DEBUG o.s.security.web.FilterChainProxy - Secured GET /api/locations/9c647745-7d29-4ea8-990d-5c2392e276db
2026-07-05 15:37:19 [http-nio-8081-exec-6] DEBUG o.s.security.web.FilterChainProxy - Securing GET /api/locations/9c647745-7d29-4ea8-990d-5c2392e276db
2026-07-05 15:37:19 [http-nio-8081-exec-6] DEBUG o.s.security.web.FilterChainProxy - Secured GET /api/locations/9c647745-7d29-4ea8-990d-5c2392e276db
2026-07-05 15:37:19 [http-nio-8081-exec-4] DEBUG o.s.security.web.FilterChainProxy - Securing GET /api/v1/posts/location/9c647745-7d29-4ea8-990d-5c2392e276db?size=50&viewerId=0fb7edf3-c49a-4549-88c5-4999314a331e
2026-07-05 15:37:19 [http-nio-8081-exec-4] DEBUG o.s.security.web.FilterChainProxy - Secured GET /api/v1/posts/location/9c647745-7d29-4ea8-990d-5c2392e276db?size=50&viewerId=0fb7edf3-c49a-4549-88c5-4999314a331e
2026-07-05 15:37:19 [http-nio-8081-exec-7] DEBUG o.s.security.web.FilterChainProxy - Securing GET /api/v1/posts/location/9c647745-7d29-4ea8-990d-5c2392e276db?size=50&viewerId=0fb7edf3-c49a-4549-88c5-4999314a331e
2026-07-05 15:37:19 [http-nio-8081-exec-7] DEBUG o.s.security.web.FilterChainProxy - Secured GET /api/v1/posts/location/9c647745-7d29-4ea8-990d-5c2392e276db?size=50&viewerId=0fb7edf3-c49a-4549-88c5-4999314a331e
2026-07-05 15:37:20 [MessageBroker-1] INFO  o.s.w.s.c.WebSocketMessageBrokerStats - WebSocketSession[0 current WS(0)-HttpStream(0)-HttpPoll(0), 0 total, 0 closed abnormally (0 connect failure, 0 send limit, 0 transport error)], stompSubProtocol[processed CONNECT(0)-CONNECTED(0)-DISCONNECT(0)], stompBrokerRelay[null], inboundChannel[pool size = 0, active threads = 0, queued tasks = 0, completed tasks = 0], outboundChannel[pool size = 0, active threads = 0, queued tasks = 0, completed tasks = 0], sockJsScheduler[pool size = 1, active threads = 1, queued tasks = 0, completed tasks = 0]
2026-07-05 15:37:26 [http-nio-8081-exec-3] DEBUG o.s.security.web.FilterChainProxy - Securing POST /api/v1/posts/47c33444-7d98-40de-9644-69a02a0ece03/like?userId=0fb7edf3-c49a-4549-88c5-4999314a331e
2026-07-05 15:37:26 [http-nio-8081-exec-3] DEBUG o.s.security.web.FilterChainProxy - Secured POST /api/v1/posts/47c33444-7d98-40de-9644-69a02a0ece03/like?userId=0fb7edf3-c49a-4549-88c5-4999314a331e
2026-07-05 15:37:38 [http-nio-8081-exec-6] DEBUG o.s.security.web.FilterChainProxy - Securing GET /api/v1/posts/getAll?size=200
2026-07-05 15:37:38 [http-nio-8081-exec-8] DEBUG o.s.security.web.FilterChainProxy - Securing GET /api/locations?size=20&page=0&level=2
2026-07-05 15:37:38 [http-nio-8081-exec-6] DEBUG o.s.security.web.FilterChainProxy - Secured GET /api/v1/posts/getAll?size=200
2026-07-05 15:37:38 [http-nio-8081-exec-8] DEBUG o.s.security.web.FilterChainProxy - Secured GET /api/locations?size=20&page=0&level=2
2026-07-05 15:37:38 [http-nio-8081-exec-4] DEBUG o.s.security.web.FilterChainProxy - Securing GET /api/locations?size=20&page=0&level=2
2026-07-05 15:37:38 [http-nio-8081-exec-4] DEBUG o.s.security.web.FilterChainProxy - Secured GET /api/locations?size=20&page=0&level=2
2026-07-05 15:37:38 [http-nio-8081-exec-7] DEBUG o.s.security.web.FilterChainProxy - Securing GET /api/v1/posts/getAll?size=200
2026-07-05 15:37:38 [http-nio-8081-exec-7] DEBUG o.s.security.web.FilterChainProxy - Secured GET /api/v1/posts/getAll?size=200
2026-07-05 15:37:46 [http-nio-8081-exec-5] DEBUG o.s.security.web.FilterChainProxy - Securing GET /api/v1/notifications
2026-07-05 15:37:46 [http-nio-8081-exec-5] DEBUG o.s.security.web.FilterChainProxy - Secured GET /api/v1/notifications
2026-07-05 15:37:46 [http-nio-8081-exec-9] DEBUG o.s.security.web.FilterChainProxy - Securing GET /api/v1/notifications
2026-07-05 15:37:46 [http-nio-8081-exec-9] DEBUG o.s.security.web.FilterChainProxy - Secured GET /api/v1/notifications
2026-07-05 15:37:51 [http-nio-8081-exec-4] DEBUG o.s.security.web.FilterChainProxy - Securing GET /api/locations?level=2&size=1000
2026-07-05 15:37:51 [http-nio-8081-exec-8] DEBUG o.s.security.web.FilterChainProxy - Securing GET /api/locations?level=2&size=1000
2026-07-05 15:37:51 [http-nio-8081-exec-8] DEBUG o.s.security.web.FilterChainProxy - Secured GET /api/locations?level=2&size=1000
2026-07-05 15:37:51 [http-nio-8081-exec-4] DEBUG o.s.security.web.FilterChainProxy - Secured GET /api/locations?level=2&size=1000
2026-07-05 15:38:08 [http-nio-8081-exec-7] DEBUG o.s.security.web.FilterChainProxy - Securing GET /api/vietmap/reverse?lat=21.004615668517587&lng=105.88617754068605
2026-07-05 15:38:08 [http-nio-8081-exec-7] DEBUG o.s.security.web.FilterChainProxy - Secured GET /api/vietmap/reverse?lat=21.004615668517587&lng=105.88617754068605
2026-07-05 15:38:08 [http-nio-8081-exec-7] DEBUG c.e.b.u.v.impl.VietMapServiceImpl - Calling VietMap reverse with lat=21.004615668517587, lng=105.88617754068605
2026-07-05 15:38:14 [http-nio-8081-exec-10] DEBUG o.s.security.web.FilterChainProxy - Securing GET /api/vietmap/proxy?path=api/search/v3&text=ddija&size=5
2026-07-05 15:38:14 [http-nio-8081-exec-10] DEBUG o.s.security.web.FilterChainProxy - Secured GET /api/vietmap/proxy?path=api/search/v3&text=ddija&size=5
2026-07-05 15:38:18 [http-nio-8081-exec-9] DEBUG o.s.security.web.FilterChainProxy - Securing GET /api/vietmap/proxy?path=api/search/v3&text=%C4%91%E1%BB%8Ba%20t%E1%BA%A1ng&size=5
2026-07-05 15:38:18 [http-nio-8081-exec-9] DEBUG o.s.security.web.FilterChainProxy - Secured GET /api/vietmap/proxy?path=api/search/v3&text=%C4%91%E1%BB%8Ba%20t%E1%BA%A1ng&size=5
2026-07-05 15:38:21 [http-nio-8081-exec-1] DEBUG o.s.security.web.FilterChainProxy - Securing GET /api/vietmap/proxy?path=api/place/v3&refid=vm%3APOI%3AZLVQ5KQC4CQ6TQG1
2026-07-05 15:38:21 [http-nio-8081-exec-1] DEBUG o.s.security.web.FilterChainProxy - Secured GET /api/vietmap/proxy?path=api/place/v3&refid=vm%3APOI%3AZLVQ5KQC4CQ6TQG1
2026-07-05 15:38:48 [http-nio-8081-exec-7] DEBUG o.s.security.web.FilterChainProxy - Securing GET /api/vietmap/proxy?path=api/search/v3&text=%C4%91%E1%BB%8Ba%20d&size=5
2026-07-05 15:38:48 [http-nio-8081-exec-7] DEBUG o.s.security.web.FilterChainProxy - Secured GET /api/vietmap/proxy?path=api/search/v3&text=%C4%91%E1%BB%8Ba%20d&size=5
2026-07-05 15:38:49 [http-nio-8081-exec-10] DEBUG o.s.security.web.FilterChainProxy - Securing GET /api/vietmap/proxy?path=api/search/v3&text=%C4%91%E1%BB%8Ba%20t%E1%BA%A1ng&size=5
2026-07-05 15:38:49 [http-nio-8081-exec-10] DEBUG o.s.security.web.FilterChainProxy - Secured GET /api/vietmap/proxy?path=api/search/v3&text=%C4%91%E1%BB%8Ba%20t%E1%BA%A1ng&size=5
2026-07-05 15:38:51 [http-nio-8081-exec-9] DEBUG o.s.security.web.FilterChainProxy - Securing GET /api/vietmap/proxy?path=api/place/v3&refid=vm%3APOI%3AZLVQ5KQC4CQ6TQG1
2026-07-05 15:38:51 [http-nio-8081-exec-9] DEBUG o.s.security.web.FilterChainProxy - Secured GET /api/vietmap/proxy?path=api/place/v3&refid=vm%3APOI%3AZLVQ5KQC4CQ6TQG1
2026-07-05 15:38:54 [http-nio-8081-exec-8] DEBUG o.s.security.web.FilterChainProxy - Securing GET /api/vietmap/reverse?lat=20.445204&lng=105.952492
2026-07-05 15:38:54 [http-nio-8081-exec-8] DEBUG o.s.security.web.FilterChainProxy - Secured GET /api/vietmap/reverse?lat=20.445204&lng=105.952492
2026-07-05 15:38:54 [http-nio-8081-exec-8] DEBUG c.e.b.u.v.impl.VietMapServiceImpl - Calling VietMap reverse with lat=20.445204, lng=105.952492
2026-07-05 15:39:18 [http-nio-8081-exec-6] DEBUG o.s.security.web.FilterChainProxy - Securing GET /api/vietmap/reverse?lat=20.444704830580164&lng=105.95245315651943
2026-07-05 15:39:18 [http-nio-8081-exec-6] DEBUG o.s.security.web.FilterChainProxy - Secured GET /api/vietmap/reverse?lat=20.444704830580164&lng=105.95245315651943
2026-07-05 15:39:18 [http-nio-8081-exec-6] DEBUG c.e.b.u.v.impl.VietMapServiceImpl - Calling VietMap reverse with lat=20.444704830580164, lng=105.95245315651943
2026-07-05 15:39:31 [http-nio-8081-exec-3] DEBUG o.s.security.web.FilterChainProxy - Securing POST /api/locations
2026-07-05 15:39:31 [http-nio-8081-exec-3] DEBUG o.s.security.web.FilterChainProxy - Secured POST /api/locations
2026-07-05 15:39:31 [http-nio-8081-exec-3] DEBUG c.e.b.u.v.impl.VietMapServiceImpl - Calling VietMap reverse with lat=20.445204, lng=105.952492
2026-07-05 15:39:59 [http-nio-8081-exec-5] DEBUG o.s.security.web.FilterChainProxy - Securing GET /api/vietmap/proxy?path=api/search/v3&text=%C4%91%E1%BB%8Ba%20t%E1%BA%A1ng&size=5
2026-07-05 15:39:59 [http-nio-8081-exec-5] DEBUG o.s.security.web.FilterChainProxy - Secured GET /api/vietmap/proxy?path=api/search/v3&text=%C4%91%E1%BB%8Ba%20t%E1%BA%A1ng&size=5
2026-07-05 15:40:02 [http-nio-8081-exec-2] DEBUG o.s.security.web.FilterChainProxy - Securing GET /api/vietmap/proxy?path=api/place/v3&refid=vm%3APOI%3AZLVQ5KQC4CQ6TQG1
2026-07-05 15:40:02 [http-nio-8081-exec-2] DEBUG o.s.security.web.FilterChainProxy - Secured GET /api/vietmap/proxy?path=api/place/v3&refid=vm%3APOI%3AZLVQ5KQC4CQ6TQG1
2026-07-05 15:41:39 [http-nio-8081-exec-4] DEBUG o.s.security.web.FilterChainProxy - Securing GET /api/v1/notifications/unread-count
2026-07-05 15:41:39 [http-nio-8081-exec-4] DEBUG o.s.security.web.FilterChainProxy - Secured GET /api/v1/notifications/unread-count
2026-07-05 15:42:58 [http-nio-8081-exec-10] DEBUG o.s.security.web.FilterChainProxy - Securing GET /api/locations?level=2&size=1000
2026-07-05 15:42:58 [http-nio-8081-exec-5] DEBUG o.s.security.web.FilterChainProxy - Securing GET /users/me
2026-07-05 15:42:58 [http-nio-8081-exec-10] DEBUG o.s.security.web.FilterChainProxy - Secured GET /api/locations?level=2&size=1000
2026-07-05 15:42:58 [http-nio-8081-exec-5] DEBUG o.s.security.web.FilterChainProxy - Secured GET /users/me
2026-07-05 15:42:58 [http-nio-8081-exec-1] DEBUG o.s.security.web.FilterChainProxy - Securing GET /api/v1/notifications/unread-count
2026-07-05 15:42:58 [http-nio-8081-exec-1] DEBUG o.s.security.web.FilterChainProxy - Secured GET /api/v1/notifications/unread-count
2026-07-05 15:42:58 [http-nio-8081-exec-8] DEBUG o.s.security.web.FilterChainProxy - Securing GET /api/v1/notifications/stream?token=eyJhbGciOiJIUzI1NiJ9.eyJzdWIiOiJUdW5hLWFkbWluIiwicGVybWlzc2lvbnMiOlsiUk9MRV9BRE1JTiJdLCJpc3MiOiJkZXZ0ZXJpYS5jb20iLCJleHAiOjE3Nzk1MjAyNzUsImlhdCI6MTc3OTUxMzA3NSwidXNlcklkIjoiMGZiN2VkZjMtYzQ5YS00NTQ5LTg4YzUtNDk5OTMxNGEzMzFlIn0.bJu3f8N3VUhzhAlzxn07v98jJkgoo3H20isKAEyAScU
2026-07-05 15:42:58 [http-nio-8081-exec-8] DEBUG o.s.security.web.FilterChainProxy - Secured GET /api/v1/notifications/stream?token=eyJhbGciOiJIUzI1NiJ9.eyJzdWIiOiJUdW5hLWFkbWluIiwicGVybWlzc2lvbnMiOlsiUk9MRV9BRE1JTiJdLCJpc3MiOiJkZXZ0ZXJpYS5jb20iLCJleHAiOjE3Nzk1MjAyNzUsImlhdCI6MTc3OTUxMzA3NSwidXNlcklkIjoiMGZiN2VkZjMtYzQ5YS00NTQ5LTg4YzUtNDk5OTMxNGEzMzFlIn0.bJu3f8N3VUhzhAlzxn07v98jJkgoo3H20isKAEyAScU
2026-07-05 15:42:58 [http-nio-8081-exec-6] DEBUG o.s.security.web.FilterChainProxy - Securing GET /api/v1/notifications/unread-count
2026-07-05 15:42:58 [http-nio-8081-exec-7] DEBUG o.s.security.web.FilterChainProxy - Securing GET /chat/conversations
2026-07-05 15:42:58 [http-nio-8081-exec-6] DEBUG o.s.security.web.FilterChainProxy - Secured GET /api/v1/notifications/unread-count
2026-07-05 15:42:58 [http-nio-8081-exec-7] DEBUG o.s.security.web.FilterChainProxy - Secured GET /chat/conversations
2026-07-05 15:42:58 [http-nio-8081-exec-3] DEBUG o.s.security.web.FilterChainProxy - Securing GET /chat/conversations
2026-07-05 15:42:58 [http-nio-8081-exec-3] DEBUG o.s.security.web.FilterChainProxy - Secured GET /chat/conversations
2026-07-05 15:43:14 [http-nio-8081-exec-10] DEBUG o.s.security.web.FilterChainProxy - Securing POST /api/photos/upload
2026-07-05 15:43:14 [http-nio-8081-exec-10] DEBUG o.s.security.web.FilterChainProxy - Secured POST /api/photos/upload
2026-07-05 15:43:19 [PhotoWorker-3] DEBUG c.e.b.u.gemini.GeminiModerationUtils - [Gemini Moderation] HTTP status=200 OK
2026-07-05 15:43:19 [PhotoWorker-3] DEBUG c.e.b.u.gemini.GeminiModerationUtils - [Gemini Moderation] raw text: {"label": "SAFE", "reason": "Ảnh chụp kiến trúc ngôi chùa truyền thống Việt Nam, nội dung hoàn toàn phù hợp và mang tính thẩm mỹ."}
2026-07-05 15:43:19 [PhotoWorker-3] INFO  c.e.b.u.gemini.GeminiModerationUtils - [Gemini Moderation] label=SAFE score=0.0 reason=Ảnh chụp kiến trúc ngôi chùa truyền thống Việt Nam, nội dung hoàn toàn phù hợp và mang tính thẩm mỹ.
2026-07-05 15:43:19 [PhotoWorker-3] DEBUG c.e.b.u.v.impl.VietMapServiceImpl - Calling VietMap reverse with lat=20.4451240, lng=105.9525900
2026-07-05 15:43:21 [PhotoWorker-4] DEBUG c.e.b.u.gemini.GeminiModerationUtils - [Gemini Moderation] HTTP status=200 OK
2026-07-05 15:43:21 [PhotoWorker-4] DEBUG c.e.b.u.gemini.GeminiModerationUtils - [Gemini Moderation] raw text: {"label": "SAFE", "reason": "Ảnh phong cảnh thiên nhiên, chụp một bia đá có khắc chữ thư pháp đặt trong vườn cây, không vi phạm các quy định về nội dung."}
2026-07-05 15:43:21 [PhotoWorker-4] INFO  c.e.b.u.gemini.GeminiModerationUtils - [Gemini Moderation] label=SAFE score=0.0 reason=Ảnh phong cảnh thiên nhiên, chụp một bia đá có khắc chữ thư pháp đặt trong vườn cây, không vi phạm các quy định về nội dung.
2026-07-05 15:43:21 [PhotoWorker-4] DEBUG c.e.b.u.v.impl.VietMapServiceImpl - Calling VietMap reverse with lat=20.4454860, lng=105.9522250
2026-07-05 15:43:21 [PhotoWorker-1] DEBUG c.e.b.u.gemini.GeminiModerationUtils - [Gemini Moderation] HTTP status=200 OK
2026-07-05 15:43:21 [PhotoWorker-1] DEBUG c.e.b.u.gemini.GeminiModerationUtils - [Gemini Moderation] raw text: {"label": "SAFE", "reason": "Ảnh chụp kiến trúc mái ngói truyền thống và không gian thờ tự tại Việt Nam, nội dung phù hợp với các tiêu chuẩn cộng đồng về văn hóa và du lịch."}
2026-07-05 15:43:21 [PhotoWorker-1] INFO  c.e.b.u.gemini.GeminiModerationUtils - [Gemini Moderation] label=SAFE score=0.0 reason=Ảnh chụp kiến trúc mái ngói truyền thống và không gian thờ tự tại Việt Nam, nội dung phù hợp với các tiêu chuẩn cộng đồng về văn hóa và du lịch.
2026-07-05 15:43:21 [PhotoWorker-1] DEBUG c.e.b.u.v.impl.VietMapServiceImpl - Calling VietMap reverse with lat=20.4451240, lng=105.9524940
2026-07-05 15:43:24 [PhotoWorker-3] INFO  c.e.b.s.p.i.PhotoUploadServiceImpl - Uploaded photo file=IMG_20260630_162225.jpg thread=PhotoWorker-3 moderation=SAFE
2026-07-05 15:43:24 [PhotoWorker-2] DEBUG c.e.b.u.gemini.GeminiModerationUtils - [Gemini Moderation] HTTP status=200 OK
2026-07-05 15:43:24 [PhotoWorker-2] DEBUG c.e.b.u.gemini.GeminiModerationUtils - [Gemini Moderation] raw text: {"label": "SAFE", "reason": "Hình ảnh ghi lại kiến trúc đền chùa truyền thống Việt Nam với không gian cảnh quan tĩnh lặng, phù hợp với tiêu chí phong cảnh và văn hóa."}
2026-07-05 15:43:24 [PhotoWorker-2] INFO  c.e.b.u.gemini.GeminiModerationUtils - [Gemini Moderation] label=SAFE score=0.0 reason=Hình ảnh ghi lại kiến trúc đền chùa truyền thống Việt Nam với không gian cảnh quan tĩnh lặng, phù hợp với tiêu chí phong cảnh và văn hóa.
2026-07-05 15:43:24 [PhotoWorker-2] DEBUG c.e.b.u.v.impl.VietMapServiceImpl - Calling VietMap reverse with lat=20.4451240, lng=105.9525900
2026-07-05 15:43:24 [PhotoWorker-4] INFO  c.e.b.s.p.i.PhotoUploadServiceImpl - Uploaded photo file=IMG_20260630_163124.jpg thread=PhotoWorker-4 moderation=SAFE
2026-07-05 15:43:25 [PhotoWorker-1] INFO  c.e.b.s.p.i.PhotoUploadServiceImpl - Uploaded photo file=IMG_20260630_161100.jpg thread=PhotoWorker-1 moderation=SAFE
2026-07-05 15:43:28 [PhotoWorker-2] INFO  c.e.b.s.p.i.PhotoUploadServiceImpl - Uploaded photo file=IMG_20260630_161842.jpg thread=PhotoWorker-2 moderation=SAFE
2026-07-05 15:43:35 [http-nio-8081-exec-9] DEBUG o.s.security.web.FilterChainProxy - Securing GET /api/v1/tags/suggest?keyword=%C4%91%E1%BB%8Ba
2026-07-05 15:43:35 [http-nio-8081-exec-9] DEBUG o.s.security.web.FilterChainProxy - Secured GET /api/v1/tags/suggest?keyword=%C4%91%E1%BB%8Ba
2026-07-05 15:43:35 [http-nio-8081-exec-1] DEBUG o.s.security.web.FilterChainProxy - Securing GET /api/v1/tags/suggest?keyword=%C4%91%E1%BB%8Bat
2026-07-05 15:43:35 [http-nio-8081-exec-1] DEBUG o.s.security.web.FilterChainProxy - Secured GET /api/v1/tags/suggest?keyword=%C4%91%E1%BB%8Bat
2026-07-05 15:43:36 [http-nio-8081-exec-6] DEBUG o.s.security.web.FilterChainProxy - Securing GET /api/v1/tags/suggest?keyword=d
2026-07-05 15:43:36 [http-nio-8081-exec-6] DEBUG o.s.security.web.FilterChainProxy - Secured GET /api/v1/tags/suggest?keyword=d
2026-07-05 15:43:37 [http-nio-8081-exec-3] DEBUG o.s.security.web.FilterChainProxy - Securing GET /api/v1/tags/suggest?keyword=dia
2026-07-05 15:43:37 [http-nio-8081-exec-3] DEBUG o.s.security.web.FilterChainProxy - Secured GET /api/v1/tags/suggest?keyword=dia
2026-07-05 15:43:38 [http-nio-8081-exec-10] DEBUG o.s.security.web.FilterChainProxy - Securing GET /api/v1/tags/suggest?keyword=diatnag
2026-07-05 15:43:38 [http-nio-8081-exec-10] DEBUG o.s.security.web.FilterChainProxy - Secured GET /api/v1/tags/suggest?keyword=diatnag
2026-07-05 15:43:39 [http-nio-8081-exec-9] DEBUG o.s.security.web.FilterChainProxy - Securing GET /api/v1/tags/suggest?keyword=diatang
2026-07-05 15:43:39 [http-nio-8081-exec-9] DEBUG o.s.security.web.FilterChainProxy - Secured GET /api/v1/tags/suggest?keyword=diatang
2026-07-05 15:43:40 [http-nio-8081-exec-1] DEBUG o.s.security.web.FilterChainProxy - Securing GET /api/v1/tags/suggest?keyword=diatan
2026-07-05 15:43:40 [http-nio-8081-exec-1] DEBUG o.s.security.web.FilterChainProxy - Secured GET /api/v1/tags/suggest?keyword=diatan
2026-07-05 15:43:42 [http-nio-8081-exec-4] DEBUG o.s.security.web.FilterChainProxy - Securing GET /api/v1/tags/suggest?keyword=dia
2026-07-05 15:43:42 [http-nio-8081-exec-4] DEBUG o.s.security.web.FilterChainProxy - Secured GET /api/v1/tags/suggest?keyword=dia
2026-07-05 15:43:43 [http-nio-8081-exec-6] DEBUG o.s.security.web.FilterChainProxy - Securing GET /api/v1/tags/suggest?keyword=diatang
2026-07-05 15:43:43 [http-nio-8081-exec-6] DEBUG o.s.security.web.FilterChainProxy - Secured GET /api/v1/tags/suggest?keyword=diatang
2026-07-05 15:43:44 [http-nio-8081-exec-3] DEBUG o.s.security.web.FilterChainProxy - Securing GET /api/v1/tags/suggest?keyword=diatangphi
2026-07-05 15:43:44 [http-nio-8081-exec-3] DEBUG o.s.security.web.FilterChainProxy - Secured GET /api/v1/tags/suggest?keyword=diatangphi
2026-07-05 15:43:45 [http-nio-8081-exec-10] DEBUG o.s.security.web.FilterChainProxy - Securing GET /api/v1/tags/suggest?keyword=diatangphilaitu
2026-07-05 15:43:45 [http-nio-8081-exec-10] DEBUG o.s.security.web.FilterChainProxy - Secured GET /api/v1/tags/suggest?keyword=diatangphilaitu
2026-07-05 15:44:10 [http-nio-8081-exec-1] DEBUG o.s.security.web.FilterChainProxy - Securing POST /api/v1/posts/created
2026-07-05 15:44:10 [http-nio-8081-exec-1] DEBUG o.s.security.web.FilterChainProxy - Secured POST /api/v1/posts/created
2026-07-05 15:44:10 [http-nio-8081-exec-1] DEBUG o.s.s.a.m.AuthorizationManagerBeforeMethodInterceptor - Authorizing method invocation ReflectiveMethodInvocation: public com.example.backend.dto.response.post.PostResponse com.example.backend.controller.post.PostController.createPost(java.lang.String,com.example.backend.dto.request.post.PostCreateRequest); target is of class [com.example.backend.controller.post.PostController]
2026-07-05 15:44:10 [http-nio-8081-exec-1] DEBUG o.s.s.a.m.AuthorizationManagerBeforeMethodInterceptor - Authorized method invocation ReflectiveMethodInvocation: public com.example.backend.dto.response.post.PostResponse com.example.backend.controller.post.PostController.createPost(java.lang.String,com.example.backend.dto.request.post.PostCreateRequest); target is of class [com.example.backend.controller.post.PostController]
2026-07-05 15:44:10 [http-nio-8081-exec-1] INFO  c.e.b.s.c.ToxicCommentModerationService - [Toxic Moderation] Requesting PhoBERT to check toxic for text: Một số góc chụp ở Chùa Địa Tạng
2026-07-05 15:44:12 [http-nio-8081-exec-1] INFO  c.e.b.s.c.ToxicCommentModerationService - [Toxic Moderation] Response: label=LABEL_0, action=APPROVED, score=0.9957318902015686
2026-07-05 15:44:16 [http-nio-8081-exec-6] DEBUG o.s.security.web.FilterChainProxy - Securing POST /api/v1/posts/created
2026-07-05 15:44:16 [http-nio-8081-exec-6] DEBUG o.s.security.web.FilterChainProxy - Secured POST /api/v1/posts/created
2026-07-05 15:44:16 [http-nio-8081-exec-6] DEBUG o.s.s.a.m.AuthorizationManagerBeforeMethodInterceptor - Authorizing method invocation ReflectiveMethodInvocation: public com.example.backend.dto.response.post.PostResponse com.example.backend.controller.post.PostController.createPost(java.lang.String,com.example.backend.dto.request.post.PostCreateRequest); target is of class [com.example.backend.controller.post.PostController]
2026-07-05 15:44:16 [http-nio-8081-exec-6] DEBUG o.s.s.a.m.AuthorizationManagerBeforeMethodInterceptor - Authorized method invocation ReflectiveMethodInvocation: public com.example.backend.dto.response.post.PostResponse com.example.backend.controller.post.PostController.createPost(java.lang.String,com.example.backend.dto.request.post.PostCreateRequest); target is of class [com.example.backend.controller.post.PostController]
2026-07-05 15:44:16 [http-nio-8081-exec-6] INFO  c.e.b.s.c.ToxicCommentModerationService - [Toxic Moderation] Requesting PhoBERT to check toxic for text: Một số góc chụp ở Chùa Địa Tạng
2026-07-05 15:44:16 [http-nio-8081-exec-6] INFO  c.e.b.s.c.ToxicCommentModerationService - [Toxic Moderation] Response: label=LABEL_0, action=APPROVED, score=0.9957318902015686
2026-07-05 15:44:16 [http-nio-8081-exec-6] INFO  c.e.b.s.u.impl.ReputationServiceImpl - User Admin gained 2 points. Reason: Upload ảnh thành công
2026-07-05 15:44:16 [http-nio-8081-exec-6] INFO  c.e.b.s.u.impl.ReputationServiceImpl - User Admin gained 1 points. Reason: Đăng ảnh an toàn (SAFE)
2026-07-05 15:44:16 [http-nio-8081-exec-6] INFO  c.e.b.s.u.impl.ReputationServiceImpl - User Admin gained 1 points. Reason: Có caption và shooting tip
2026-07-05 15:44:16 [http-nio-8081-exec-5] DEBUG o.s.security.web.FilterChainProxy - Securing GET /api/locations?size=20&page=0&level=2
2026-07-05 15:44:16 [http-nio-8081-exec-10] DEBUG o.s.security.web.FilterChainProxy - Securing GET /api/v1/posts/getAll?size=200
2026-07-05 15:44:16 [http-nio-8081-exec-10] DEBUG o.s.security.web.FilterChainProxy - Secured GET /api/v1/posts/getAll?size=200
2026-07-05 15:44:16 [http-nio-8081-exec-5] DEBUG o.s.security.web.FilterChainProxy - Secured GET /api/locations?size=20&page=0&level=2
2026-07-05 15:44:16 [http-nio-8081-exec-2] DEBUG o.s.security.web.FilterChainProxy - Securing GET /api/locations?size=20&page=0&level=2
2026-07-05 15:44:16 [http-nio-8081-exec-2] DEBUG o.s.security.web.FilterChainProxy - Secured GET /api/locations?size=20&page=0&level=2
2026-07-05 15:44:17 [http-nio-8081-exec-9] DEBUG o.s.security.web.FilterChainProxy - Securing GET /api/v1/posts/getAll?size=200
2026-07-05 15:44:17 [http-nio-8081-exec-9] DEBUG o.s.security.web.FilterChainProxy - Secured GET /api/v1/posts/getAll?size=200
2026-07-05 15:44:22 [http-nio-8081-exec-4] DEBUG o.s.security.web.FilterChainProxy - Securing GET /api/locations/d9d38450-5a17-455d-864e-4f8477590860
2026-07-05 15:44:22 [http-nio-8081-exec-4] DEBUG o.s.security.web.FilterChainProxy - Secured GET /api/locations/d9d38450-5a17-455d-864e-4f8477590860
2026-07-05 15:44:22 [http-nio-8081-exec-6] DEBUG o.s.security.web.FilterChainProxy - Securing GET /api/locations/d9d38450-5a17-455d-864e-4f8477590860
2026-07-05 15:44:22 [http-nio-8081-exec-6] DEBUG o.s.security.web.FilterChainProxy - Secured GET /api/locations/d9d38450-5a17-455d-864e-4f8477590860
2026-07-05 15:44:22 [http-nio-8081-exec-3] DEBUG o.s.security.web.FilterChainProxy - Securing GET /api/v1/posts/location/d9d38450-5a17-455d-864e-4f8477590860?size=50&viewerId=0fb7edf3-c49a-4549-88c5-4999314a331e
2026-07-05 15:44:22 [http-nio-8081-exec-3] DEBUG o.s.security.web.FilterChainProxy - Secured GET /api/v1/posts/location/d9d38450-5a17-455d-864e-4f8477590860?size=50&viewerId=0fb7edf3-c49a-4549-88c5-4999314a331e
2026-07-05 15:44:22 [http-nio-8081-exec-5] DEBUG o.s.security.web.FilterChainProxy - Securing GET /api/v1/posts/location/d9d38450-5a17-455d-864e-4f8477590860?size=50&viewerId=0fb7edf3-c49a-4549-88c5-4999314a331e
2026-07-05 15:44:22 [http-nio-8081-exec-5] DEBUG o.s.security.web.FilterChainProxy - Secured GET /api/v1/posts/location/d9d38450-5a17-455d-864e-4f8477590860?size=50&viewerId=0fb7edf3-c49a-4549-88c5-4999314a331e
2026-07-05 15:44:30 [http-nio-8081-exec-4] DEBUG o.s.security.web.FilterChainProxy - Securing GET /api/v1/posts/getAll?size=200
2026-07-05 15:44:30 [http-nio-8081-exec-1] DEBUG o.s.security.web.FilterChainProxy - Securing GET /api/locations?size=20&page=0&level=2
2026-07-05 15:44:30 [http-nio-8081-exec-4] DEBUG o.s.security.web.FilterChainProxy - Secured GET /api/v1/posts/getAll?size=200
2026-07-05 15:44:30 [http-nio-8081-exec-1] DEBUG o.s.security.web.FilterChainProxy - Secured GET /api/locations?size=20&page=0&level=2
2026-07-05 15:44:30 [http-nio-8081-exec-7] DEBUG o.s.security.web.FilterChainProxy - Securing GET /api/locations?size=20&page=0&level=2
2026-07-05 15:44:30 [http-nio-8081-exec-7] DEBUG o.s.security.web.FilterChainProxy - Secured GET /api/locations?size=20&page=0&level=2
2026-07-05 15:44:31 [http-nio-8081-exec-6] DEBUG o.s.security.web.FilterChainProxy - Securing GET /api/v1/posts/getAll?size=200
2026-07-05 15:44:31 [http-nio-8081-exec-6] DEBUG o.s.security.web.FilterChainProxy - Secured GET /api/v1/posts/getAll?size=200
2026-07-05 15:47:59 [http-nio-8081-exec-8] DEBUG o.s.security.web.FilterChainProxy - Securing GET /api/v1/notifications/unread-count
2026-07-05 15:47:59 [http-nio-8081-exec-8] DEBUG o.s.security.web.FilterChainProxy - Secured GET /api/v1/notifications/unread-count
2026-07-05 15:48:12 [http-nio-8081-exec-3] DEBUG o.s.security.web.FilterChainProxy - Securing GET /api/admin/stats
2026-07-05 15:48:12 [http-nio-8081-exec-10] DEBUG o.s.security.web.FilterChainProxy - Securing GET /api/admin/reports?status=PENDING&size=20
2026-07-05 15:48:12 [http-nio-8081-exec-10] DEBUG o.s.security.web.FilterChainProxy - Secured GET /api/admin/reports?status=PENDING&size=20
2026-07-05 15:48:12 [http-nio-8081-exec-3] DEBUG o.s.security.web.FilterChainProxy - Secured GET /api/admin/stats
2026-07-05 15:48:12 [http-nio-8081-exec-3] DEBUG o.s.s.a.m.AuthorizationManagerBeforeMethodInterceptor - Authorizing method invocation ReflectiveMethodInvocation: public com.example.backend.dto.response.ApiResponse com.example.backend.controller.AdminController.getStats(); target is of class [com.example.backend.controller.AdminController]
2026-07-05 15:48:12 [http-nio-8081-exec-10] DEBUG o.s.s.a.m.AuthorizationManagerBeforeMethodInterceptor - Authorizing method invocation ReflectiveMethodInvocation: public com.example.backend.dto.response.ApiResponse com.example.backend.controller.AdminController.getReports(java.lang.String,int,int); target is of class [com.example.backend.controller.AdminController]
2026-07-05 15:48:12 [http-nio-8081-exec-3] DEBUG o.s.s.a.m.AuthorizationManagerBeforeMethodInterceptor - Authorized method invocation ReflectiveMethodInvocation: public com.example.backend.dto.response.ApiResponse com.example.backend.controller.AdminController.getStats(); target is of class [com.example.backend.controller.AdminController]
2026-07-05 15:48:12 [http-nio-8081-exec-10] DEBUG o.s.s.a.m.AuthorizationManagerBeforeMethodInterceptor - Authorized method invocation ReflectiveMethodInvocation: public com.example.backend.dto.response.ApiResponse com.example.backend.controller.AdminController.getReports(java.lang.String,int,int); target is of class [com.example.backend.controller.AdminController]
2026-07-05 15:48:12 [http-nio-8081-exec-5] DEBUG o.s.security.web.FilterChainProxy - Securing GET /api/admin/reports?status=PENDING&size=20
2026-07-05 15:48:12 [http-nio-8081-exec-5] DEBUG o.s.security.web.FilterChainProxy - Secured GET /api/admin/reports?status=PENDING&size=20
2026-07-05 15:48:12 [http-nio-8081-exec-5] DEBUG o.s.s.a.m.AuthorizationManagerBeforeMethodInterceptor - Authorizing method invocation ReflectiveMethodInvocation: public com.example.backend.dto.response.ApiResponse com.example.backend.controller.AdminController.getReports(java.lang.String,int,int); target is of class [com.example.backend.controller.AdminController]
2026-07-05 15:48:12 [http-nio-8081-exec-5] DEBUG o.s.s.a.m.AuthorizationManagerBeforeMethodInterceptor - Authorized method invocation ReflectiveMethodInvocation: public com.example.backend.dto.response.ApiResponse com.example.backend.controller.AdminController.getReports(java.lang.String,int,int); target is of class [com.example.backend.controller.AdminController]
2026-07-05 15:48:12 [http-nio-8081-exec-9] DEBUG o.s.security.web.FilterChainProxy - Securing GET /api/admin/stats
2026-07-05 15:48:12 [http-nio-8081-exec-9] DEBUG o.s.security.web.FilterChainProxy - Secured GET /api/admin/stats
2026-07-05 15:48:12 [http-nio-8081-exec-9] DEBUG o.s.s.a.m.AuthorizationManagerBeforeMethodInterceptor - Authorizing method invocation ReflectiveMethodInvocation: public com.example.backend.dto.response.ApiResponse com.example.backend.controller.AdminController.getStats(); target is of class [com.example.backend.controller.AdminController]
2026-07-05 15:48:12 [http-nio-8081-exec-9] DEBUG o.s.s.a.m.AuthorizationManagerBeforeMethodInterceptor - Authorized method invocation ReflectiveMethodInvocation: public com.example.backend.dto.response.ApiResponse com.example.backend.controller.AdminController.getStats(); target is of class [com.example.backend.controller.AdminController]
2026-07-05 15:48:13 [http-nio-8081-exec-8] DEBUG o.s.security.web.FilterChainProxy - Securing GET /api/admin/locations?page=0&size=10
2026-07-05 15:48:13 [http-nio-8081-exec-8] DEBUG o.s.security.web.FilterChainProxy - Secured GET /api/admin/locations?page=0&size=10
2026-07-05 15:48:13 [http-nio-8081-exec-8] DEBUG o.s.s.a.m.AuthorizationManagerBeforeMethodInterceptor - Authorizing method invocation ReflectiveMethodInvocation: public com.example.backend.dto.response.ApiResponse com.example.backend.controller.AdminController.getAllLocations(int,int); target is of class [com.example.backend.controller.AdminController]
2026-07-05 15:48:13 [http-nio-8081-exec-8] DEBUG o.s.s.a.m.AuthorizationManagerBeforeMethodInterceptor - Authorized method invocation ReflectiveMethodInvocation: public com.example.backend.dto.response.ApiResponse com.example.backend.controller.AdminController.getAllLocations(int,int); target is of class [com.example.backend.controller.AdminController]
2026-07-05 15:48:27 [http-nio-8081-exec-10] DEBUG o.s.security.web.FilterChainProxy - Securing GET /api/locations?size=20&page=0&level=2
2026-07-05 15:48:27 [http-nio-8081-exec-5] DEBUG o.s.security.web.FilterChainProxy - Securing GET /api/v1/posts/getAll?size=200
2026-07-05 15:48:27 [http-nio-8081-exec-10] DEBUG o.s.security.web.FilterChainProxy - Secured GET /api/locations?size=20&page=0&level=2
2026-07-05 15:48:27 [http-nio-8081-exec-5] DEBUG o.s.security.web.FilterChainProxy - Secured GET /api/v1/posts/getAll?size=200
2026-07-05 15:48:27 [http-nio-8081-exec-3] DEBUG o.s.security.web.FilterChainProxy - Securing GET /api/locations?size=20&page=0&level=2
2026-07-05 15:48:27 [http-nio-8081-exec-3] DEBUG o.s.security.web.FilterChainProxy - Secured GET /api/locations?size=20&page=0&level=2
2026-07-05 15:48:28 [http-nio-8081-exec-9] DEBUG o.s.security.web.FilterChainProxy - Securing GET /api/v1/posts/getAll?size=200
2026-07-05 15:48:28 [http-nio-8081-exec-9] DEBUG o.s.security.web.FilterChainProxy - Secured GET /api/v1/posts/getAll?size=200
2026-07-05 15:48:36 [http-nio-8081-exec-1] DEBUG o.s.security.web.FilterChainProxy - Securing GET /api/locations/d9d38450-5a17-455d-864e-4f8477590860
2026-07-05 15:48:36 [http-nio-8081-exec-1] DEBUG o.s.security.web.FilterChainProxy - Secured GET /api/locations/d9d38450-5a17-455d-864e-4f8477590860
2026-07-05 15:48:36 [http-nio-8081-exec-7] DEBUG o.s.security.web.FilterChainProxy - Securing GET /api/locations/d9d38450-5a17-455d-864e-4f8477590860
2026-07-05 15:48:36 [http-nio-8081-exec-7] DEBUG o.s.security.web.FilterChainProxy - Secured GET /api/locations/d9d38450-5a17-455d-864e-4f8477590860
2026-07-05 15:48:36 [http-nio-8081-exec-6] DEBUG o.s.security.web.FilterChainProxy - Securing GET /api/v1/posts/location/d9d38450-5a17-455d-864e-4f8477590860?size=50&viewerId=0fb7edf3-c49a-4549-88c5-4999314a331e
2026-07-05 15:48:36 [http-nio-8081-exec-6] DEBUG o.s.security.web.FilterChainProxy - Secured GET /api/v1/posts/location/d9d38450-5a17-455d-864e-4f8477590860?size=50&viewerId=0fb7edf3-c49a-4549-88c5-4999314a331e
2026-07-05 15:48:36 [http-nio-8081-exec-10] DEBUG o.s.security.web.FilterChainProxy - Securing GET /api/v1/posts/location/d9d38450-5a17-455d-864e-4f8477590860?size=50&viewerId=0fb7edf3-c49a-4549-88c5-4999314a331e
2026-07-05 15:48:36 [http-nio-8081-exec-10] DEBUG o.s.security.web.FilterChainProxy - Secured GET /api/v1/posts/location/d9d38450-5a17-455d-864e-4f8477590860?size=50&viewerId=0fb7edf3-c49a-4549-88c5-4999314a331e
2026-07-05 15:48:39 [http-nio-8081-exec-5] DEBUG o.s.security.web.FilterChainProxy - Securing DELETE /api/v1/posts/delete/2f82b822-f1fb-440e-aeaf-4faee561cb17
2026-07-05 15:48:39 [http-nio-8081-exec-5] DEBUG o.s.security.web.FilterChainProxy - Secured DELETE /api/v1/posts/delete/2f82b822-f1fb-440e-aeaf-4faee561cb17
2026-07-05 15:48:39 [http-nio-8081-exec-5] DEBUG o.s.s.a.m.AuthorizationManagerBeforeMethodInterceptor - Authorizing method invocation ReflectiveMethodInvocation: public void com.example.backend.controller.post.PostController.deletePost(java.lang.String,java.lang.String); target is of class [com.example.backend.controller.post.PostController]
2026-07-05 15:48:39 [http-nio-8081-exec-5] DEBUG o.s.s.a.m.AuthorizationManagerBeforeMethodInterceptor - Authorized method invocation ReflectiveMethodInvocation: public void com.example.backend.controller.post.PostController.deletePost(java.lang.String,java.lang.String); target is of class [com.example.backend.controller.post.PostController]
2026-07-05 15:48:44 [http-nio-8081-exec-1] DEBUG o.s.security.web.FilterChainProxy - Securing GET /users/me
2026-07-05 15:48:44 [http-nio-8081-exec-8] DEBUG o.s.security.web.FilterChainProxy - Securing GET /api/locations/d9d38450-5a17-455d-864e-4f8477590860
2026-07-05 15:48:44 [http-nio-8081-exec-1] DEBUG o.s.security.web.FilterChainProxy - Secured GET /users/me
2026-07-05 15:48:44 [http-nio-8081-exec-8] DEBUG o.s.security.web.FilterChainProxy - Secured GET /api/locations/d9d38450-5a17-455d-864e-4f8477590860
2026-07-05 15:48:44 [http-nio-8081-exec-7] DEBUG o.s.security.web.FilterChainProxy - Securing GET /api/v1/posts/location/d9d38450-5a17-455d-864e-4f8477590860?size=50
2026-07-05 15:48:44 [http-nio-8081-exec-7] DEBUG o.s.security.web.FilterChainProxy - Secured GET /api/v1/posts/location/d9d38450-5a17-455d-864e-4f8477590860?size=50
2026-07-05 15:48:44 [http-nio-8081-exec-3] DEBUG o.s.security.web.FilterChainProxy - Securing GET /api/v1/notifications/unread-count
2026-07-05 15:48:44 [http-nio-8081-exec-3] DEBUG o.s.security.web.FilterChainProxy - Secured GET /api/v1/notifications/unread-count
2026-07-05 15:48:44 [http-nio-8081-exec-5] DEBUG o.s.security.web.FilterChainProxy - Securing GET /api/v1/notifications/stream?token=eyJhbGciOiJIUzI1NiJ9.eyJzdWIiOiJUdW5hLWFkbWluIiwicGVybWlzc2lvbnMiOlsiUk9MRV9BRE1JTiJdLCJpc3MiOiJkZXZ0ZXJpYS5jb20iLCJleHAiOjE3Nzk1MjAyNzUsImlhdCI6MTc3OTUxMzA3NSwidXNlcklkIjoiMGZiN2VkZjMtYzQ5YS00NTQ5LTg4YzUtNDk5OTMxNGEzMzFlIn0.bJu3f8N3VUhzhAlzxn07v98jJkgoo3H20isKAEyAScU
2026-07-05 15:48:44 [http-nio-8081-exec-5] DEBUG o.s.security.web.FilterChainProxy - Secured GET /api/v1/notifications/stream?token=eyJhbGciOiJIUzI1NiJ9.eyJzdWIiOiJUdW5hLWFkbWluIiwicGVybWlzc2lvbnMiOlsiUk9MRV9BRE1JTiJdLCJpc3MiOiJkZXZ0ZXJpYS5jb20iLCJleHAiOjE3Nzk1MjAyNzUsImlhdCI6MTc3OTUxMzA3NSwidXNlcklkIjoiMGZiN2VkZjMtYzQ5YS00NTQ5LTg4YzUtNDk5OTMxNGEzMzFlIn0.bJu3f8N3VUhzhAlzxn07v98jJkgoo3H20isKAEyAScU
2026-07-05 15:48:44 [http-nio-8081-exec-8] DEBUG o.s.security.web.FilterChainProxy - Securing GET /chat/conversations
2026-07-05 15:48:44 [http-nio-8081-exec-8] DEBUG o.s.security.web.FilterChainProxy - Secured GET /chat/conversations
2026-07-05 15:48:44 [http-nio-8081-exec-1] DEBUG o.s.security.web.FilterChainProxy - Securing GET /api/v1/notifications/unread-count
2026-07-05 15:48:44 [http-nio-8081-exec-1] DEBUG o.s.security.web.FilterChainProxy - Secured GET /api/v1/notifications/unread-count
2026-07-05 15:48:44 [http-nio-8081-exec-4] DEBUG o.s.security.web.FilterChainProxy - Securing GET /chat/conversations
2026-07-05 15:48:44 [http-nio-8081-exec-4] DEBUG o.s.security.web.FilterChainProxy - Secured GET /chat/conversations
2026-07-05 15:53:44 [http-nio-8081-exec-9] DEBUG o.s.security.web.FilterChainProxy - Securing GET /api/v1/notifications/unread-count
2026-07-05 15:53:44 [http-nio-8081-exec-9] DEBUG o.s.security.web.FilterChainProxy - Secured GET /api/v1/notifications/unread-count
2026-07-05 15:56:26 [http-nio-8081-exec-7] DEBUG o.s.security.web.FilterChainProxy - Securing GET /api/locations?size=20&page=0&level=2
2026-07-05 15:56:26 [http-nio-8081-exec-6] DEBUG o.s.security.web.FilterChainProxy - Securing GET /api/v1/posts/getAll?size=200
2026-07-05 15:56:26 [http-nio-8081-exec-7] DEBUG o.s.security.web.FilterChainProxy - Secured GET /api/locations?size=20&page=0&level=2
2026-07-05 15:56:26 [http-nio-8081-exec-6] DEBUG o.s.security.web.FilterChainProxy - Secured GET /api/v1/posts/getAll?size=200
2026-07-05 15:56:26 [http-nio-8081-exec-10] DEBUG o.s.security.web.FilterChainProxy - Securing GET /api/locations?size=20&page=0&level=2
2026-07-05 15:56:26 [http-nio-8081-exec-10] DEBUG o.s.security.web.FilterChainProxy - Secured GET /api/locations?size=20&page=0&level=2
2026-07-05 15:56:26 [http-nio-8081-exec-5] DEBUG o.s.security.web.FilterChainProxy - Securing GET /api/v1/posts/getAll?size=200
2026-07-05 15:56:26 [http-nio-8081-exec-5] DEBUG o.s.security.web.FilterChainProxy - Secured GET /api/v1/posts/getAll?size=200
2026-07-05 15:56:28 [http-nio-8081-exec-4] DEBUG o.s.security.web.FilterChainProxy - Securing GET /api/admin/stats
2026-07-05 15:56:28 [http-nio-8081-exec-8] DEBUG o.s.security.web.FilterChainProxy - Securing GET /api/admin/reports?status=PENDING&size=20
2026-07-05 15:56:28 [http-nio-8081-exec-4] DEBUG o.s.security.web.FilterChainProxy - Secured GET /api/admin/stats
2026-07-05 15:56:28 [http-nio-8081-exec-8] DEBUG o.s.security.web.FilterChainProxy - Secured GET /api/admin/reports?status=PENDING&size=20
2026-07-05 15:56:28 [http-nio-8081-exec-4] DEBUG o.s.s.a.m.AuthorizationManagerBeforeMethodInterceptor - Authorizing method invocation ReflectiveMethodInvocation: public com.example.backend.dto.response.ApiResponse com.example.backend.controller.AdminController.getStats(); target is of class [com.example.backend.controller.AdminController]
2026-07-05 15:56:28 [http-nio-8081-exec-8] DEBUG o.s.s.a.m.AuthorizationManagerBeforeMethodInterceptor - Authorizing method invocation ReflectiveMethodInvocation: public com.example.backend.dto.response.ApiResponse com.example.backend.controller.AdminController.getReports(java.lang.String,int,int); target is of class [com.example.backend.controller.AdminController]
2026-07-05 15:56:28 [http-nio-8081-exec-4] DEBUG o.s.s.a.m.AuthorizationManagerBeforeMethodInterceptor - Authorized method invocation ReflectiveMethodInvocation: public com.example.backend.dto.response.ApiResponse com.example.backend.controller.AdminController.getStats(); target is of class [com.example.backend.controller.AdminController]
2026-07-05 15:56:28 [http-nio-8081-exec-8] DEBUG o.s.s.a.m.AuthorizationManagerBeforeMethodInterceptor - Authorized method invocation ReflectiveMethodInvocation: public com.example.backend.dto.response.ApiResponse com.example.backend.controller.AdminController.getReports(java.lang.String,int,int); target is of class [com.example.backend.controller.AdminController]
2026-07-05 15:56:28 [http-nio-8081-exec-7] DEBUG o.s.security.web.FilterChainProxy - Securing GET /api/admin/reports?status=PENDING&size=20
2026-07-05 15:56:28 [http-nio-8081-exec-7] DEBUG o.s.security.web.FilterChainProxy - Secured GET /api/admin/reports?status=PENDING&size=20
2026-07-05 15:56:28 [http-nio-8081-exec-7] DEBUG o.s.s.a.m.AuthorizationManagerBeforeMethodInterceptor - Authorizing method invocation ReflectiveMethodInvocation: public com.example.backend.dto.response.ApiResponse com.example.backend.controller.AdminController.getReports(java.lang.String,int,int); target is of class [com.example.backend.controller.AdminController]
2026-07-05 15:56:28 [http-nio-8081-exec-7] DEBUG o.s.s.a.m.AuthorizationManagerBeforeMethodInterceptor - Authorized method invocation ReflectiveMethodInvocation: public com.example.backend.dto.response.ApiResponse com.example.backend.controller.AdminController.getReports(java.lang.String,int,int); target is of class [com.example.backend.controller.AdminController]
2026-07-05 15:56:28 [http-nio-8081-exec-10] DEBUG o.s.security.web.FilterChainProxy - Securing GET /api/admin/stats
2026-07-05 15:56:28 [http-nio-8081-exec-10] DEBUG o.s.security.web.FilterChainProxy - Secured GET /api/admin/stats
2026-07-05 15:56:28 [http-nio-8081-exec-10] DEBUG o.s.s.a.m.AuthorizationManagerBeforeMethodInterceptor - Authorizing method invocation ReflectiveMethodInvocation: public com.example.backend.dto.response.ApiResponse com.example.backend.controller.AdminController.getStats(); target is of class [com.example.backend.controller.AdminController]
2026-07-05 15:56:28 [http-nio-8081-exec-10] DEBUG o.s.s.a.m.AuthorizationManagerBeforeMethodInterceptor - Authorized method invocation ReflectiveMethodInvocation: public com.example.backend.dto.response.ApiResponse com.example.backend.controller.AdminController.getStats(); target is of class [com.example.backend.controller.AdminController]
2026-07-05 15:56:29 [http-nio-8081-exec-5] DEBUG o.s.security.web.FilterChainProxy - Securing GET /api/admin/locations?page=0&size=10
2026-07-05 15:56:29 [http-nio-8081-exec-5] DEBUG o.s.security.web.FilterChainProxy - Secured GET /api/admin/locations?page=0&size=10
2026-07-05 15:56:29 [http-nio-8081-exec-5] DEBUG o.s.s.a.m.AuthorizationManagerBeforeMethodInterceptor - Authorizing method invocation ReflectiveMethodInvocation: public com.example.backend.dto.response.ApiResponse com.example.backend.controller.AdminController.getAllLocations(int,int); target is of class [com.example.backend.controller.AdminController]
2026-07-05 15:56:29 [http-nio-8081-exec-5] DEBUG o.s.s.a.m.AuthorizationManagerBeforeMethodInterceptor - Authorized method invocation ReflectiveMethodInvocation: public com.example.backend.dto.response.ApiResponse com.example.backend.controller.AdminController.getAllLocations(int,int); target is of class [com.example.backend.controller.AdminController]
2026-07-05 15:56:30 [http-nio-8081-exec-2] DEBUG o.s.security.web.FilterChainProxy - Securing PUT /api/admin/locations/d9d38450-5a17-455d-864e-4f8477590860/status?deleted=1
2026-07-05 15:56:30 [http-nio-8081-exec-2] DEBUG o.s.security.web.FilterChainProxy - Secured PUT /api/admin/locations/d9d38450-5a17-455d-864e-4f8477590860/status?deleted=1
2026-07-05 15:56:30 [http-nio-8081-exec-2] DEBUG o.s.s.a.m.AuthorizationManagerBeforeMethodInterceptor - Authorizing method invocation ReflectiveMethodInvocation: public com.example.backend.dto.response.ApiResponse com.example.backend.controller.AdminController.toggleLocationStatus(java.lang.String,int); target is of class [com.example.backend.controller.AdminController]
2026-07-05 15:56:30 [http-nio-8081-exec-2] DEBUG o.s.s.a.m.AuthorizationManagerBeforeMethodInterceptor - Authorized method invocation ReflectiveMethodInvocation: public com.example.backend.dto.response.ApiResponse com.example.backend.controller.AdminController.toggleLocationStatus(java.lang.String,int); target is of class [com.example.backend.controller.AdminController]
2026-07-05 15:56:31 [http-nio-8081-exec-2] INFO  c.e.b.s.admin.impl.AdminServiceImpl - Admin updated location d9d38450-5a17-455d-864e-4f8477590860 status to deleted=1
2026-07-05 15:56:31 [http-nio-8081-exec-3] DEBUG o.s.security.web.FilterChainProxy - Securing GET /api/admin/locations?page=0&size=10
2026-07-05 15:56:31 [http-nio-8081-exec-3] DEBUG o.s.security.web.FilterChainProxy - Secured GET /api/admin/locations?page=0&size=10
2026-07-05 15:56:31 [http-nio-8081-exec-3] DEBUG o.s.s.a.m.AuthorizationManagerBeforeMethodInterceptor - Authorizing method invocation ReflectiveMethodInvocation: public com.example.backend.dto.response.ApiResponse com.example.backend.controller.AdminController.getAllLocations(int,int); target is of class [com.example.backend.controller.AdminController]
2026-07-05 15:56:31 [http-nio-8081-exec-3] DEBUG o.s.s.a.m.AuthorizationManagerBeforeMethodInterceptor - Authorized method invocation ReflectiveMethodInvocation: public com.example.backend.dto.response.ApiResponse com.example.backend.controller.AdminController.getAllLocations(int,int); target is of class [com.example.backend.controller.AdminController]
2026-07-05 15:58:45 [http-nio-8081-exec-6] DEBUG o.s.security.web.FilterChainProxy - Securing GET /api/v1/notifications/unread-count
2026-07-05 15:58:45 [http-nio-8081-exec-6] DEBUG o.s.security.web.FilterChainProxy - Secured GET /api/v1/notifications/unread-count
2026-07-05 16:03:45 [http-nio-8081-exec-2] DEBUG o.s.security.web.FilterChainProxy - Securing GET /api/v1/notifications/unread-count
2026-07-05 16:03:45 [http-nio-8081-exec-2] DEBUG o.s.security.web.FilterChainProxy - Secured GET /api/v1/notifications/unread-count
2026-07-05 16:07:20 [MessageBroker-1] INFO  o.s.w.s.c.WebSocketMessageBrokerStats - WebSocketSession[0 current WS(0)-HttpStream(0)-HttpPoll(0), 0 total, 0 closed abnormally (0 connect failure, 0 send limit, 0 transport error)], stompSubProtocol[processed CONNECT(0)-CONNECTED(0)-DISCONNECT(0)], stompBrokerRelay[null], inboundChannel[pool size = 0, active threads = 0, queued tasks = 0, completed tasks = 0], outboundChannel[pool size = 0, active threads = 0, queued tasks = 0, completed tasks = 0], sockJsScheduler[pool size = 2, active threads = 1, queued tasks = 0, completed tasks = 1]
2026-07-05 16:08:45 [http-nio-8081-exec-7] DEBUG o.s.security.web.FilterChainProxy - Securing GET /api/v1/notifications/unread-count
2026-07-05 16:08:45 [http-nio-8081-exec-7] DEBUG o.s.security.web.FilterChainProxy - Secured GET /api/v1/notifications/unread-count
2026-07-05 16:13:45 [http-nio-8081-exec-10] DEBUG o.s.security.web.FilterChainProxy - Securing GET /api/v1/notifications/unread-count
2026-07-05 16:13:45 [http-nio-8081-exec-10] DEBUG o.s.security.web.FilterChainProxy - Secured GET /api/v1/notifications/unread-count
2026-07-05 16:15:07 [http-nio-8081-exec-3] DEBUG o.s.security.web.FilterChainProxy - Securing GET /api/admin/reports?status=PENDING&size=20
2026-07-05 16:15:07 [http-nio-8081-exec-2] DEBUG o.s.security.web.FilterChainProxy - Securing GET /api/admin/stats
2026-07-05 16:15:07 [http-nio-8081-exec-2] DEBUG o.s.security.web.FilterChainProxy - Secured GET /api/admin/stats
2026-07-05 16:15:07 [http-nio-8081-exec-3] DEBUG o.s.security.web.FilterChainProxy - Secured GET /api/admin/reports?status=PENDING&size=20
2026-07-05 16:15:07 [http-nio-8081-exec-2] DEBUG o.s.s.a.m.AuthorizationManagerBeforeMethodInterceptor - Authorizing method invocation ReflectiveMethodInvocation: public com.example.backend.dto.response.ApiResponse com.example.backend.controller.AdminController.getStats(); target is of class [com.example.backend.controller.AdminController]
2026-07-05 16:15:07 [http-nio-8081-exec-3] DEBUG o.s.s.a.m.AuthorizationManagerBeforeMethodInterceptor - Authorizing method invocation ReflectiveMethodInvocation: public com.example.backend.dto.response.ApiResponse com.example.backend.controller.AdminController.getReports(java.lang.String,int,int); target is of class [com.example.backend.controller.AdminController]
2026-07-05 16:15:07 [http-nio-8081-exec-2] DEBUG o.s.s.a.m.AuthorizationManagerBeforeMethodInterceptor - Authorized method invocation ReflectiveMethodInvocation: public com.example.backend.dto.response.ApiResponse com.example.backend.controller.AdminController.getStats(); target is of class [com.example.backend.controller.AdminController]
2026-07-05 16:15:07 [http-nio-8081-exec-3] DEBUG o.s.s.a.m.AuthorizationManagerBeforeMethodInterceptor - Authorized method invocation ReflectiveMethodInvocation: public com.example.backend.dto.response.ApiResponse com.example.backend.controller.AdminController.getReports(java.lang.String,int,int); target is of class [com.example.backend.controller.AdminController]
2026-07-05 16:17:36 [http-nio-8081-exec-4] DEBUG o.s.security.web.FilterChainProxy - Securing GET /api/admin/posts?page=0&size=10
2026-07-05 16:17:36 [http-nio-8081-exec-4] DEBUG o.s.security.web.FilterChainProxy - Secured GET /api/admin/posts?page=0&size=10
2026-07-05 16:17:36 [http-nio-8081-exec-4] DEBUG o.s.s.a.m.AuthorizationManagerBeforeMethodInterceptor - Authorizing method invocation ReflectiveMethodInvocation: public com.example.backend.dto.response.ApiResponse com.example.backend.controller.AdminController.getAllPosts(int,int); target is of class [com.example.backend.controller.AdminController]
2026-07-05 16:17:36 [http-nio-8081-exec-4] DEBUG o.s.s.a.m.AuthorizationManagerBeforeMethodInterceptor - Authorized method invocation ReflectiveMethodInvocation: public com.example.backend.dto.response.ApiResponse com.example.backend.controller.AdminController.getAllPosts(int,int); target is of class [com.example.backend.controller.AdminController]
2026-07-05 16:17:37 [http-nio-8081-exec-6] DEBUG o.s.security.web.FilterChainProxy - Securing GET /api/admin/users?page=0&size=10
2026-07-05 16:17:37 [http-nio-8081-exec-6] DEBUG o.s.security.web.FilterChainProxy - Secured GET /api/admin/users?page=0&size=10
2026-07-05 16:17:37 [http-nio-8081-exec-6] DEBUG o.s.s.a.m.AuthorizationManagerBeforeMethodInterceptor - Authorizing method invocation ReflectiveMethodInvocation: public com.example.backend.dto.response.ApiResponse com.example.backend.controller.AdminController.getAllUsers(int,int); target is of class [com.example.backend.controller.AdminController]
2026-07-05 16:17:37 [http-nio-8081-exec-6] DEBUG o.s.s.a.m.AuthorizationManagerBeforeMethodInterceptor - Authorized method invocation ReflectiveMethodInvocation: public com.example.backend.dto.response.ApiResponse com.example.backend.controller.AdminController.getAllUsers(int,int); target is of class [com.example.backend.controller.AdminController]
2026-07-05 16:17:37 [http-nio-8081-exec-9] DEBUG o.s.security.web.FilterChainProxy - Securing GET /api/admin/locations?page=0&size=10
2026-07-05 16:17:37 [http-nio-8081-exec-9] DEBUG o.s.security.web.FilterChainProxy - Secured GET /api/admin/locations?page=0&size=10
2026-07-05 16:17:37 [http-nio-8081-exec-9] DEBUG o.s.s.a.m.AuthorizationManagerBeforeMethodInterceptor - Authorizing method invocation ReflectiveMethodInvocation: public com.example.backend.dto.response.ApiResponse com.example.backend.controller.AdminController.getAllLocations(int,int); target is of class [com.example.backend.controller.AdminController]
2026-07-05 16:17:37 [http-nio-8081-exec-9] DEBUG o.s.s.a.m.AuthorizationManagerBeforeMethodInterceptor - Authorized method invocation ReflectiveMethodInvocation: public com.example.backend.dto.response.ApiResponse com.example.backend.controller.AdminController.getAllLocations(int,int); target is of class [com.example.backend.controller.AdminController]
2026-07-05 16:17:39 [http-nio-8081-exec-3] DEBUG o.s.security.web.FilterChainProxy - Securing GET /api/admin/locations?page=0&size=10
2026-07-05 16:17:39 [http-nio-8081-exec-3] DEBUG o.s.security.web.FilterChainProxy - Secured GET /api/admin/locations?page=0&size=10
2026-07-05 16:17:39 [http-nio-8081-exec-3] DEBUG o.s.s.a.m.AuthorizationManagerBeforeMethodInterceptor - Authorizing method invocation ReflectiveMethodInvocation: public com.example.backend.dto.response.ApiResponse com.example.backend.controller.AdminController.getAllLocations(int,int); target is of class [com.example.backend.controller.AdminController]
2026-07-05 16:17:39 [http-nio-8081-exec-3] DEBUG o.s.s.a.m.AuthorizationManagerBeforeMethodInterceptor - Authorized method invocation ReflectiveMethodInvocation: public com.example.backend.dto.response.ApiResponse com.example.backend.controller.AdminController.getAllLocations(int,int); target is of class [com.example.backend.controller.AdminController]
2026-07-05 16:17:41 [http-nio-8081-exec-2] DEBUG o.s.security.web.FilterChainProxy - Securing GET /api/admin/users?page=0&size=10
2026-07-05 16:17:41 [http-nio-8081-exec-2] DEBUG o.s.security.web.FilterChainProxy - Secured GET /api/admin/users?page=0&size=10
2026-07-05 16:17:41 [http-nio-8081-exec-2] DEBUG o.s.s.a.m.AuthorizationManagerBeforeMethodInterceptor - Authorizing method invocation ReflectiveMethodInvocation: public com.example.backend.dto.response.ApiResponse com.example.backend.controller.AdminController.getAllUsers(int,int); target is of class [com.example.backend.controller.AdminController]
2026-07-05 16:17:41 [http-nio-8081-exec-2] DEBUG o.s.s.a.m.AuthorizationManagerBeforeMethodInterceptor - Authorized method invocation ReflectiveMethodInvocation: public com.example.backend.dto.response.ApiResponse com.example.backend.controller.AdminController.getAllUsers(int,int); target is of class [com.example.backend.controller.AdminController]
2026-07-05 16:17:59 [http-nio-8081-exec-8] DEBUG o.s.security.web.FilterChainProxy - Securing GET /api/v1/notifications/unread-count
2026-07-05 16:17:59 [http-nio-8081-exec-4] DEBUG o.s.security.web.FilterChainProxy - Securing GET /chat/conversations
2026-07-05 16:17:59 [http-nio-8081-exec-4] DEBUG o.s.security.web.FilterChainProxy - Secured GET /chat/conversations
2026-07-05 16:17:59 [http-nio-8081-exec-8] DEBUG o.s.security.web.FilterChainProxy - Secured GET /api/v1/notifications/unread-count
2026-07-05 16:17:59 [http-nio-8081-exec-10] DEBUG o.s.security.web.FilterChainProxy - Securing GET /api/v1/notifications/stream?token=eyJhbGciOiJIUzI1NiJ9.eyJzdWIiOiJUdW5hLWFkbWluIiwicGVybWlzc2lvbnMiOlsiUk9MRV9BRE1JTiJdLCJpc3MiOiJkZXZ0ZXJpYS5jb20iLCJleHAiOjE3Nzk1MjAyNzUsImlhdCI6MTc3OTUxMzA3NSwidXNlcklkIjoiMGZiN2VkZjMtYzQ5YS00NTQ5LTg4YzUtNDk5OTMxNGEzMzFlIn0.bJu3f8N3VUhzhAlzxn07v98jJkgoo3H20isKAEyAScU
2026-07-05 16:17:59 [http-nio-8081-exec-10] DEBUG o.s.security.web.FilterChainProxy - Secured GET /api/v1/notifications/stream?token=eyJhbGciOiJIUzI1NiJ9.eyJzdWIiOiJUdW5hLWFkbWluIiwicGVybWlzc2lvbnMiOlsiUk9MRV9BRE1JTiJdLCJpc3MiOiJkZXZ0ZXJpYS5jb20iLCJleHAiOjE3Nzk1MjAyNzUsImlhdCI6MTc3OTUxMzA3NSwidXNlcklkIjoiMGZiN2VkZjMtYzQ5YS00NTQ5LTg4YzUtNDk5OTMxNGEzMzFlIn0.bJu3f8N3VUhzhAlzxn07v98jJkgoo3H20isKAEyAScU
2026-07-05 16:19:25 [http-nio-8081-exec-3] DEBUG o.s.security.web.FilterChainProxy - Securing GET /api/admin/stats
2026-07-05 16:19:25 [http-nio-8081-exec-2] DEBUG o.s.security.web.FilterChainProxy - Securing GET /api/admin/reports?status=PENDING&size=20
2026-07-05 16:19:25 [http-nio-8081-exec-2] DEBUG o.s.security.web.FilterChainProxy - Secured GET /api/admin/reports?status=PENDING&size=20
2026-07-05 16:19:25 [http-nio-8081-exec-3] DEBUG o.s.security.web.FilterChainProxy - Secured GET /api/admin/stats
2026-07-05 16:19:25 [http-nio-8081-exec-3] DEBUG o.s.s.a.m.AuthorizationManagerBeforeMethodInterceptor - Authorizing method invocation ReflectiveMethodInvocation: public com.example.backend.dto.response.ApiResponse com.example.backend.controller.AdminController.getStats(); target is of class [com.example.backend.controller.AdminController]
2026-07-05 16:19:25 [http-nio-8081-exec-3] DEBUG o.s.s.a.m.AuthorizationManagerBeforeMethodInterceptor - Authorized method invocation ReflectiveMethodInvocation: public com.example.backend.dto.response.ApiResponse com.example.backend.controller.AdminController.getStats(); target is of class [com.example.backend.controller.AdminController]
2026-07-05 16:19:25 [http-nio-8081-exec-2] DEBUG o.s.s.a.m.AuthorizationManagerBeforeMethodInterceptor - Authorizing method invocation ReflectiveMethodInvocation: public com.example.backend.dto.response.ApiResponse com.example.backend.controller.AdminController.getReports(java.lang.String,int,int); target is of class [com.example.backend.controller.AdminController]
2026-07-05 16:19:25 [http-nio-8081-exec-2] DEBUG o.s.s.a.m.AuthorizationManagerBeforeMethodInterceptor - Authorized method invocation ReflectiveMethodInvocation: public com.example.backend.dto.response.ApiResponse com.example.backend.controller.AdminController.getReports(java.lang.String,int,int); target is of class [com.example.backend.controller.AdminController]
2026-07-05 16:21:28 [http-nio-8081-exec-6] DEBUG o.s.security.web.FilterChainProxy - Securing GET /api/admin/stats
2026-07-05 16:21:28 [http-nio-8081-exec-9] DEBUG o.s.security.web.FilterChainProxy - Securing GET /api/admin/reports?status=PENDING&size=20
2026-07-05 16:21:28 [http-nio-8081-exec-6] DEBUG o.s.security.web.FilterChainProxy - Secured GET /api/admin/stats
2026-07-05 16:21:28 [http-nio-8081-exec-5] DEBUG o.s.security.web.FilterChainProxy - Securing GET /users/me
2026-07-05 16:21:28 [http-nio-8081-exec-9] DEBUG o.s.security.web.FilterChainProxy - Secured GET /api/admin/reports?status=PENDING&size=20
2026-07-05 16:21:28 [http-nio-8081-exec-6] DEBUG o.s.s.a.m.AuthorizationManagerBeforeMethodInterceptor - Authorizing method invocation ReflectiveMethodInvocation: public com.example.backend.dto.response.ApiResponse com.example.backend.controller.AdminController.getStats(); target is of class [com.example.backend.controller.AdminController]
2026-07-05 16:21:28 [http-nio-8081-exec-5] DEBUG o.s.security.web.FilterChainProxy - Secured GET /users/me
2026-07-05 16:21:28 [http-nio-8081-exec-6] DEBUG o.s.s.a.m.AuthorizationManagerBeforeMethodInterceptor - Authorized method invocation ReflectiveMethodInvocation: public com.example.backend.dto.response.ApiResponse com.example.backend.controller.AdminController.getStats(); target is of class [com.example.backend.controller.AdminController]
2026-07-05 16:21:28 [http-nio-8081-exec-9] DEBUG o.s.s.a.m.AuthorizationManagerBeforeMethodInterceptor - Authorizing method invocation ReflectiveMethodInvocation: public com.example.backend.dto.response.ApiResponse com.example.backend.controller.AdminController.getReports(java.lang.String,int,int); target is of class [com.example.backend.controller.AdminController]
2026-07-05 16:21:28 [http-nio-8081-exec-9] DEBUG o.s.s.a.m.AuthorizationManagerBeforeMethodInterceptor - Authorized method invocation ReflectiveMethodInvocation: public com.example.backend.dto.response.ApiResponse com.example.backend.controller.AdminController.getReports(java.lang.String,int,int); target is of class [com.example.backend.controller.AdminController]
2026-07-05 16:21:28 [http-nio-8081-exec-1] DEBUG o.s.security.web.FilterChainProxy - Securing GET /api/v1/notifications/unread-count
2026-07-05 16:21:28 [http-nio-8081-exec-1] DEBUG o.s.security.web.FilterChainProxy - Secured GET /api/v1/notifications/unread-count
2026-07-05 16:21:28 [http-nio-8081-exec-7] DEBUG o.s.security.web.FilterChainProxy - Securing GET /api/v1/notifications/stream?token=eyJhbGciOiJIUzI1NiJ9.eyJzdWIiOiJUdW5hLWFkbWluIiwicGVybWlzc2lvbnMiOlsiUk9MRV9BRE1JTiJdLCJpc3MiOiJkZXZ0ZXJpYS5jb20iLCJleHAiOjE3Nzk1MjAyNzUsImlhdCI6MTc3OTUxMzA3NSwidXNlcklkIjoiMGZiN2VkZjMtYzQ5YS00NTQ5LTg4YzUtNDk5OTMxNGEzMzFlIn0.bJu3f8N3VUhzhAlzxn07v98jJkgoo3H20isKAEyAScU
2026-07-05 16:21:28 [http-nio-8081-exec-7] DEBUG o.s.security.web.FilterChainProxy - Secured GET /api/v1/notifications/stream?token=eyJhbGciOiJIUzI1NiJ9.eyJzdWIiOiJUdW5hLWFkbWluIiwicGVybWlzc2lvbnMiOlsiUk9MRV9BRE1JTiJdLCJpc3MiOiJkZXZ0ZXJpYS5jb20iLCJleHAiOjE3Nzk1MjAyNzUsImlhdCI6MTc3OTUxMzA3NSwidXNlcklkIjoiMGZiN2VkZjMtYzQ5YS00NTQ5LTg4YzUtNDk5OTMxNGEzMzFlIn0.bJu3f8N3VUhzhAlzxn07v98jJkgoo3H20isKAEyAScU
2026-07-05 16:21:28 [http-nio-8081-exec-10] DEBUG o.s.security.web.FilterChainProxy - Securing GET /chat/conversations
2026-07-05 16:21:28 [http-nio-8081-exec-10] DEBUG o.s.security.web.FilterChainProxy - Secured GET /chat/conversations
2026-07-05 16:21:28 [http-nio-8081-exec-5] DEBUG o.s.security.web.FilterChainProxy - Securing GET /api/v1/notifications/unread-count
2026-07-05 16:21:28 [http-nio-8081-exec-5] DEBUG o.s.security.web.FilterChainProxy - Secured GET /api/v1/notifications/unread-count
2026-07-05 16:21:28 [http-nio-8081-exec-9] DEBUG o.s.security.web.FilterChainProxy - Securing GET /chat/conversations
2026-07-05 16:21:28 [http-nio-8081-exec-9] DEBUG o.s.security.web.FilterChainProxy - Secured GET /chat/conversations
2026-07-05 16:21:54 [http-nio-8081-exec-2] DEBUG o.s.security.web.FilterChainProxy - Securing GET /api/admin/posts?page=0&size=10
2026-07-05 16:21:54 [http-nio-8081-exec-2] DEBUG o.s.security.web.FilterChainProxy - Secured GET /api/admin/posts?page=0&size=10
2026-07-05 16:21:54 [http-nio-8081-exec-2] DEBUG o.s.s.a.m.AuthorizationManagerBeforeMethodInterceptor - Authorizing method invocation ReflectiveMethodInvocation: public com.example.backend.dto.response.ApiResponse com.example.backend.controller.AdminController.getAllPosts(int,int); target is of class [com.example.backend.controller.AdminController]
2026-07-05 16:21:54 [http-nio-8081-exec-2] DEBUG o.s.s.a.m.AuthorizationManagerBeforeMethodInterceptor - Authorized method invocation ReflectiveMethodInvocation: public com.example.backend.dto.response.ApiResponse com.example.backend.controller.AdminController.getAllPosts(int,int); target is of class [com.example.backend.controller.AdminController]
2026-07-05 16:21:56 [http-nio-8081-exec-7] DEBUG o.s.security.web.FilterChainProxy - Securing GET /api/admin/users?page=0&size=10
2026-07-05 16:21:56 [http-nio-8081-exec-7] DEBUG o.s.security.web.FilterChainProxy - Secured GET /api/admin/users?page=0&size=10
2026-07-05 16:21:56 [http-nio-8081-exec-7] DEBUG o.s.s.a.m.AuthorizationManagerBeforeMethodInterceptor - Authorizing method invocation ReflectiveMethodInvocation: public com.example.backend.dto.response.ApiResponse com.example.backend.controller.AdminController.getAllUsers(int,int); target is of class [com.example.backend.controller.AdminController]
2026-07-05 16:21:56 [http-nio-8081-exec-7] DEBUG o.s.s.a.m.AuthorizationManagerBeforeMethodInterceptor - Authorized method invocation ReflectiveMethodInvocation: public com.example.backend.dto.response.ApiResponse com.example.backend.controller.AdminController.getAllUsers(int,int); target is of class [com.example.backend.controller.AdminController]
2026-07-05 16:21:57 [http-nio-8081-exec-4] DEBUG o.s.security.web.FilterChainProxy - Securing GET /api/admin/locations?page=0&size=10
2026-07-05 16:21:57 [http-nio-8081-exec-4] DEBUG o.s.security.web.FilterChainProxy - Secured GET /api/admin/locations?page=0&size=10
2026-07-05 16:21:57 [http-nio-8081-exec-4] DEBUG o.s.s.a.m.AuthorizationManagerBeforeMethodInterceptor - Authorizing method invocation ReflectiveMethodInvocation: public com.example.backend.dto.response.ApiResponse com.example.backend.controller.AdminController.getAllLocations(int,int); target is of class [com.example.backend.controller.AdminController]
2026-07-05 16:21:57 [http-nio-8081-exec-4] DEBUG o.s.s.a.m.AuthorizationManagerBeforeMethodInterceptor - Authorized method invocation ReflectiveMethodInvocation: public com.example.backend.dto.response.ApiResponse com.example.backend.controller.AdminController.getAllLocations(int,int); target is of class [com.example.backend.controller.AdminController]
2026-07-05 16:22:18 [http-nio-8081-exec-5] DEBUG o.s.security.web.FilterChainProxy - Securing GET /api/admin/posts?page=0&size=10
2026-07-05 16:22:18 [http-nio-8081-exec-5] DEBUG o.s.security.web.FilterChainProxy - Secured GET /api/admin/posts?page=0&size=10
2026-07-05 16:22:18 [http-nio-8081-exec-5] DEBUG o.s.s.a.m.AuthorizationManagerBeforeMethodInterceptor - Authorizing method invocation ReflectiveMethodInvocation: public com.example.backend.dto.response.ApiResponse com.example.backend.controller.AdminController.getAllPosts(int,int); target is of class [com.example.backend.controller.AdminController]
2026-07-05 16:22:18 [http-nio-8081-exec-5] DEBUG o.s.s.a.m.AuthorizationManagerBeforeMethodInterceptor - Authorized method invocation ReflectiveMethodInvocation: public com.example.backend.dto.response.ApiResponse com.example.backend.controller.AdminController.getAllPosts(int,int); target is of class [com.example.backend.controller.AdminController]
2026-07-05 16:22:21 [http-nio-8081-exec-9] DEBUG o.s.security.web.FilterChainProxy - Securing GET /api/admin/posts/1e53a30f-ef3d-44cb-ae06-7d2354225791/reports
2026-07-05 16:22:21 [http-nio-8081-exec-9] DEBUG o.s.security.web.FilterChainProxy - Secured GET /api/admin/posts/1e53a30f-ef3d-44cb-ae06-7d2354225791/reports
2026-07-05 16:22:21 [http-nio-8081-exec-9] DEBUG o.s.s.a.m.AuthorizationManagerBeforeMethodInterceptor - Authorizing method invocation ReflectiveMethodInvocation: public com.example.backend.dto.response.ApiResponse com.example.backend.controller.AdminController.getPostReportHistory(java.lang.String); target is of class [com.example.backend.controller.AdminController]
2026-07-05 16:22:21 [http-nio-8081-exec-9] DEBUG o.s.s.a.m.AuthorizationManagerBeforeMethodInterceptor - Authorized method invocation ReflectiveMethodInvocation: public com.example.backend.dto.response.ApiResponse com.example.backend.controller.AdminController.getPostReportHistory(java.lang.String); target is of class [com.example.backend.controller.AdminController]
2026-07-05 16:22:56 [http-nio-8081-exec-7] DEBUG o.s.security.web.FilterChainProxy - Securing GET /api/admin/posts?page=0&size=10
2026-07-05 16:22:56 [http-nio-8081-exec-7] DEBUG o.s.security.web.FilterChainProxy - Secured GET /api/admin/posts?page=0&size=10
2026-07-05 16:22:56 [http-nio-8081-exec-7] DEBUG o.s.s.a.m.AuthorizationManagerBeforeMethodInterceptor - Authorizing method invocation ReflectiveMethodInvocation: public com.example.backend.dto.response.ApiResponse com.example.backend.controller.AdminController.getAllPosts(int,int); target is of class [com.example.backend.controller.AdminController]
2026-07-05 16:22:56 [http-nio-8081-exec-7] DEBUG o.s.s.a.m.AuthorizationManagerBeforeMethodInterceptor - Authorized method invocation ReflectiveMethodInvocation: public com.example.backend.dto.response.ApiResponse com.example.backend.controller.AdminController.getAllPosts(int,int); target is of class [com.example.backend.controller.AdminController]
2026-07-05 16:22:58 [http-nio-8081-exec-4] DEBUG o.s.security.web.FilterChainProxy - Securing GET /api/admin/users?page=0&size=10
2026-07-05 16:22:58 [http-nio-8081-exec-4] DEBUG o.s.security.web.FilterChainProxy - Secured GET /api/admin/users?page=0&size=10
2026-07-05 16:22:58 [http-nio-8081-exec-4] DEBUG o.s.s.a.m.AuthorizationManagerBeforeMethodInterceptor - Authorizing method invocation ReflectiveMethodInvocation: public com.example.backend.dto.response.ApiResponse com.example.backend.controller.AdminController.getAllUsers(int,int); target is of class [com.example.backend.controller.AdminController]
2026-07-05 16:22:58 [http-nio-8081-exec-4] DEBUG o.s.s.a.m.AuthorizationManagerBeforeMethodInterceptor - Authorized method invocation ReflectiveMethodInvocation: public com.example.backend.dto.response.ApiResponse com.example.backend.controller.AdminController.getAllUsers(int,int); target is of class [com.example.backend.controller.AdminController]
2026-07-05 16:23:00 [http-nio-8081-exec-5] DEBUG o.s.security.web.FilterChainProxy - Securing GET /api/admin/locations?page=0&size=10
2026-07-05 16:23:00 [http-nio-8081-exec-5] DEBUG o.s.security.web.FilterChainProxy - Secured GET /api/admin/locations?page=0&size=10
2026-07-05 16:23:00 [http-nio-8081-exec-5] DEBUG o.s.s.a.m.AuthorizationManagerBeforeMethodInterceptor - Authorizing method invocation ReflectiveMethodInvocation: public com.example.backend.dto.response.ApiResponse com.example.backend.controller.AdminController.getAllLocations(int,int); target is of class [com.example.backend.controller.AdminController]
2026-07-05 16:23:00 [http-nio-8081-exec-5] DEBUG o.s.s.a.m.AuthorizationManagerBeforeMethodInterceptor - Authorized method invocation ReflectiveMethodInvocation: public com.example.backend.dto.response.ApiResponse com.example.backend.controller.AdminController.getAllLocations(int,int); target is of class [com.example.backend.controller.AdminController]
2026-07-05 16:23:02 [http-nio-8081-exec-10] DEBUG o.s.security.web.FilterChainProxy - Securing GET /api/admin/locations?page=0&size=10
2026-07-05 16:23:02 [http-nio-8081-exec-10] DEBUG o.s.security.web.FilterChainProxy - Secured GET /api/admin/locations?page=0&size=10
2026-07-05 16:23:02 [http-nio-8081-exec-10] DEBUG o.s.s.a.m.AuthorizationManagerBeforeMethodInterceptor - Authorizing method invocation ReflectiveMethodInvocation: public com.example.backend.dto.response.ApiResponse com.example.backend.controller.AdminController.getAllLocations(int,int); target is of class [com.example.backend.controller.AdminController]
2026-07-05 16:23:02 [http-nio-8081-exec-10] DEBUG o.s.s.a.m.AuthorizationManagerBeforeMethodInterceptor - Authorized method invocation ReflectiveMethodInvocation: public com.example.backend.dto.response.ApiResponse com.example.backend.controller.AdminController.getAllLocations(int,int); target is of class [com.example.backend.controller.AdminController]
2026-07-05 16:23:02 [http-nio-8081-exec-9] DEBUG o.s.security.web.FilterChainProxy - Securing GET /api/admin/users?page=0&size=10
2026-07-05 16:23:02 [http-nio-8081-exec-9] DEBUG o.s.security.web.FilterChainProxy - Secured GET /api/admin/users?page=0&size=10
2026-07-05 16:23:02 [http-nio-8081-exec-9] DEBUG o.s.s.a.m.AuthorizationManagerBeforeMethodInterceptor - Authorizing method invocation ReflectiveMethodInvocation: public com.example.backend.dto.response.ApiResponse com.example.backend.controller.AdminController.getAllUsers(int,int); target is of class [com.example.backend.controller.AdminController]
2026-07-05 16:23:02 [http-nio-8081-exec-9] DEBUG o.s.s.a.m.AuthorizationManagerBeforeMethodInterceptor - Authorized method invocation ReflectiveMethodInvocation: public com.example.backend.dto.response.ApiResponse com.example.backend.controller.AdminController.getAllUsers(int,int); target is of class [com.example.backend.controller.AdminController]
2026-07-05 16:23:03 [http-nio-8081-exec-3] DEBUG o.s.security.web.FilterChainProxy - Securing GET /api/admin/posts?page=0&size=10
2026-07-05 16:23:03 [http-nio-8081-exec-3] DEBUG o.s.security.web.FilterChainProxy - Secured GET /api/admin/posts?page=0&size=10
2026-07-05 16:23:03 [http-nio-8081-exec-3] DEBUG o.s.s.a.m.AuthorizationManagerBeforeMethodInterceptor - Authorizing method invocation ReflectiveMethodInvocation: public com.example.backend.dto.response.ApiResponse com.example.backend.controller.AdminController.getAllPosts(int,int); target is of class [com.example.backend.controller.AdminController]
2026-07-05 16:23:03 [http-nio-8081-exec-3] DEBUG o.s.s.a.m.AuthorizationManagerBeforeMethodInterceptor - Authorized method invocation ReflectiveMethodInvocation: public com.example.backend.dto.response.ApiResponse com.example.backend.controller.AdminController.getAllPosts(int,int); target is of class [com.example.backend.controller.AdminController]
2026-07-05 16:26:29 [http-nio-8081-exec-8] DEBUG o.s.security.web.FilterChainProxy - Securing GET /api/v1/notifications/unread-count
2026-07-05 16:26:29 [http-nio-8081-exec-8] DEBUG o.s.security.web.FilterChainProxy - Secured GET /api/v1/notifications/unread-count
2026-07-05 16:29:13 [http-nio-8081-exec-5] DEBUG o.s.security.web.FilterChainProxy - Securing GET /api/admin/posts?page=0&size=10&pending=true
2026-07-05 16:29:13 [http-nio-8081-exec-5] DEBUG o.s.security.web.FilterChainProxy - Secured GET /api/admin/posts?page=0&size=10&pending=true
2026-07-05 16:29:13 [http-nio-8081-exec-5] DEBUG o.s.s.a.m.AuthorizationManagerBeforeMethodInterceptor - Authorizing method invocation ReflectiveMethodInvocation: public com.example.backend.dto.response.ApiResponse com.example.backend.controller.AdminController.getAllPosts(int,int); target is of class [com.example.backend.controller.AdminController]
2026-07-05 16:29:13 [http-nio-8081-exec-5] DEBUG o.s.s.a.m.AuthorizationManagerBeforeMethodInterceptor - Authorized method invocation ReflectiveMethodInvocation: public com.example.backend.dto.response.ApiResponse com.example.backend.controller.AdminController.getAllPosts(int,int); target is of class [com.example.backend.controller.AdminController]
2026-07-05 16:29:50 [http-nio-8081-exec-2] DEBUG o.s.security.web.FilterChainProxy - Securing GET /api/admin/stats
2026-07-05 16:29:50 [http-nio-8081-exec-2] DEBUG o.s.security.web.FilterChainProxy - Secured GET /api/admin/stats
2026-07-05 16:29:50 [http-nio-8081-exec-3] DEBUG o.s.security.web.FilterChainProxy - Securing GET /api/admin/reports?status=PENDING&size=20
2026-07-05 16:29:50 [http-nio-8081-exec-2] DEBUG o.s.s.a.m.AuthorizationManagerBeforeMethodInterceptor - Authorizing method invocation ReflectiveMethodInvocation: public com.example.backend.dto.response.ApiResponse com.example.backend.controller.AdminController.getStats(); target is of class [com.example.backend.controller.AdminController]
2026-07-05 16:29:50 [http-nio-8081-exec-3] DEBUG o.s.security.web.FilterChainProxy - Secured GET /api/admin/reports?status=PENDING&size=20
2026-07-05 16:29:50 [http-nio-8081-exec-3] DEBUG o.s.s.a.m.AuthorizationManagerBeforeMethodInterceptor - Authorizing method invocation ReflectiveMethodInvocation: public com.example.backend.dto.response.ApiResponse com.example.backend.controller.AdminController.getReports(java.lang.String,int,int); target is of class [com.example.backend.controller.AdminController]
2026-07-05 16:29:50 [http-nio-8081-exec-2] DEBUG o.s.s.w.a.AnonymousAuthenticationFilter - Set SecurityContextHolder to anonymous SecurityContext
2026-07-05 16:29:50 [http-nio-8081-exec-3] DEBUG o.s.s.w.a.AnonymousAuthenticationFilter - Set SecurityContextHolder to anonymous SecurityContext
2026-07-05 16:29:50 [http-nio-8081-exec-3] DEBUG o.s.s.a.m.AuthorizationManagerBeforeMethodInterceptor - Failed to authorize ReflectiveMethodInvocation: public com.example.backend.dto.response.ApiResponse com.example.backend.controller.AdminController.getReports(java.lang.String,int,int); target is of class [com.example.backend.controller.AdminController] with authorization manager org.springframework.security.authorization.method.PreAuthorizeAuthorizationManager@24a49a3a and result ExpressionAuthorizationDecision [granted=false, expressionAttribute=hasRole('ADMIN')]
2026-07-05 16:29:50 [http-nio-8081-exec-2] DEBUG o.s.s.a.m.AuthorizationManagerBeforeMethodInterceptor - Failed to authorize ReflectiveMethodInvocation: public com.example.backend.dto.response.ApiResponse com.example.backend.controller.AdminController.getStats(); target is of class [com.example.backend.controller.AdminController] with authorization manager org.springframework.security.authorization.method.PreAuthorizeAuthorizationManager@24a49a3a and result ExpressionAuthorizationDecision [granted=false, expressionAttribute=hasRole('ADMIN')]
2026-07-05 16:29:50 [http-nio-8081-exec-2] WARN  c.e.b.e.GlobalExceptionHandler - Access Denied: Access Denied
2026-07-05 16:29:50 [http-nio-8081-exec-3] WARN  c.e.b.e.GlobalExceptionHandler - Access Denied: Access Denied
2026-07-05 16:29:51 [http-nio-8081-exec-1] DEBUG o.s.security.web.FilterChainProxy - Securing GET /api/admin/reports?status=PENDING&size=20
2026-07-05 16:29:51 [http-nio-8081-exec-1] DEBUG o.s.security.web.FilterChainProxy - Secured GET /api/admin/reports?status=PENDING&size=20
2026-07-05 16:29:51 [http-nio-8081-exec-10] DEBUG o.s.security.web.FilterChainProxy - Securing GET /users/me
2026-07-05 16:29:51 [http-nio-8081-exec-9] DEBUG o.s.security.web.FilterChainProxy - Securing GET /api/admin/posts?page=0&size=10&pending=true
2026-07-05 16:29:51 [http-nio-8081-exec-10] DEBUG o.s.security.web.FilterChainProxy - Secured GET /users/me
2026-07-05 16:29:51 [http-nio-8081-exec-9] DEBUG o.s.security.web.FilterChainProxy - Secured GET /api/admin/posts?page=0&size=10&pending=true
2026-07-05 16:29:51 [http-nio-8081-exec-1] DEBUG o.s.s.a.m.AuthorizationManagerBeforeMethodInterceptor - Authorizing method invocation ReflectiveMethodInvocation: public com.example.backend.dto.response.ApiResponse com.example.backend.controller.AdminController.getReports(java.lang.String,int,int); target is of class [com.example.backend.controller.AdminController]
2026-07-05 16:29:51 [http-nio-8081-exec-1] DEBUG o.s.s.a.m.AuthorizationManagerBeforeMethodInterceptor - Authorized method invocation ReflectiveMethodInvocation: public com.example.backend.dto.response.ApiResponse com.example.backend.controller.AdminController.getReports(java.lang.String,int,int); target is of class [com.example.backend.controller.AdminController]
2026-07-05 16:29:51 [http-nio-8081-exec-9] DEBUG o.s.s.a.m.AuthorizationManagerBeforeMethodInterceptor - Authorizing method invocation ReflectiveMethodInvocation: public com.example.backend.dto.response.ApiResponse com.example.backend.controller.AdminController.getAllPosts(int,int); target is of class [com.example.backend.controller.AdminController]
2026-07-05 16:29:51 [http-nio-8081-exec-5] DEBUG o.s.security.web.FilterChainProxy - Securing GET /api/admin/stats
2026-07-05 16:29:51 [http-nio-8081-exec-9] DEBUG o.s.s.a.m.AuthorizationManagerBeforeMethodInterceptor - Authorized method invocation ReflectiveMethodInvocation: public com.example.backend.dto.response.ApiResponse com.example.backend.controller.AdminController.getAllPosts(int,int); target is of class [com.example.backend.controller.AdminController]
2026-07-05 16:29:51 [http-nio-8081-exec-5] DEBUG o.s.security.web.FilterChainProxy - Secured GET /api/admin/stats
2026-07-05 16:29:51 [http-nio-8081-exec-5] DEBUG o.s.s.a.m.AuthorizationManagerBeforeMethodInterceptor - Authorizing method invocation ReflectiveMethodInvocation: public com.example.backend.dto.response.ApiResponse com.example.backend.controller.AdminController.getStats(); target is of class [com.example.backend.controller.AdminController]
2026-07-05 16:29:51 [http-nio-8081-exec-5] DEBUG o.s.s.a.m.AuthorizationManagerBeforeMethodInterceptor - Authorized method invocation ReflectiveMethodInvocation: public com.example.backend.dto.response.ApiResponse com.example.backend.controller.AdminController.getStats(); target is of class [com.example.backend.controller.AdminController]
2026-07-05 16:29:51 [http-nio-8081-exec-2] DEBUG o.s.security.web.FilterChainProxy - Securing GET /api/v1/notifications/unread-count
2026-07-05 16:29:51 [http-nio-8081-exec-2] DEBUG o.s.security.web.FilterChainProxy - Secured GET /api/v1/notifications/unread-count
2026-07-05 16:29:51 [http-nio-8081-exec-7] DEBUG o.s.security.web.FilterChainProxy - Securing GET /api/v1/notifications/stream?token=eyJhbGciOiJIUzI1NiJ9.eyJzdWIiOiJUdW5hLWFkbWluIiwicGVybWlzc2lvbnMiOlsiUk9MRV9BRE1JTiJdLCJpc3MiOiJkZXZ0ZXJpYS5jb20iLCJleHAiOjE3Nzk1MjAyNzUsImlhdCI6MTc3OTUxMzA3NSwidXNlcklkIjoiMGZiN2VkZjMtYzQ5YS00NTQ5LTg4YzUtNDk5OTMxNGEzMzFlIn0.bJu3f8N3VUhzhAlzxn07v98jJkgoo3H20isKAEyAScU
2026-07-05 16:29:51 [http-nio-8081-exec-7] DEBUG o.s.security.web.FilterChainProxy - Secured GET /api/v1/notifications/stream?token=eyJhbGciOiJIUzI1NiJ9.eyJzdWIiOiJUdW5hLWFkbWluIiwicGVybWlzc2lvbnMiOlsiUk9MRV9BRE1JTiJdLCJpc3MiOiJkZXZ0ZXJpYS5jb20iLCJleHAiOjE3Nzk1MjAyNzUsImlhdCI6MTc3OTUxMzA3NSwidXNlcklkIjoiMGZiN2VkZjMtYzQ5YS00NTQ5LTg4YzUtNDk5OTMxNGEzMzFlIn0.bJu3f8N3VUhzhAlzxn07v98jJkgoo3H20isKAEyAScU
2026-07-05 16:29:51 [http-nio-8081-exec-6] DEBUG o.s.security.web.FilterChainProxy - Securing GET /api/v1/notifications/unread-count
2026-07-05 16:29:51 [http-nio-8081-exec-6] DEBUG o.s.security.web.FilterChainProxy - Secured GET /api/v1/notifications/unread-count
2026-07-05 16:29:51 [http-nio-8081-exec-10] DEBUG o.s.security.web.FilterChainProxy - Securing GET /chat/conversations
2026-07-05 16:29:51 [http-nio-8081-exec-10] DEBUG o.s.security.web.FilterChainProxy - Secured GET /chat/conversations
2026-07-05 16:29:51 [http-nio-8081-exec-1] DEBUG o.s.security.web.FilterChainProxy - Securing GET /chat/conversations
2026-07-05 16:29:51 [http-nio-8081-exec-1] DEBUG o.s.security.web.FilterChainProxy - Secured GET /chat/conversations
2026-07-05 16:30:08 [http-nio-8081-exec-5] DEBUG o.s.security.web.FilterChainProxy - Securing POST /auth/login
2026-07-05 16:30:08 [http-nio-8081-exec-5] DEBUG o.s.security.web.FilterChainProxy - Secured POST /auth/login
2026-07-05 16:30:08 [http-nio-8081-exec-5] DEBUG o.s.s.w.a.AnonymousAuthenticationFilter - Set SecurityContextHolder to anonymous SecurityContext
2026-07-05 16:30:08 [http-nio-8081-exec-7] DEBUG o.s.security.web.FilterChainProxy - Securing GET /users/me
2026-07-05 16:30:08 [http-nio-8081-exec-7] DEBUG o.s.security.web.FilterChainProxy - Secured GET /users/me
2026-07-05 16:30:08 [http-nio-8081-exec-8] DEBUG o.s.security.web.FilterChainProxy - Securing GET /api/v1/notifications/unread-count
2026-07-05 16:30:08 [http-nio-8081-exec-1] DEBUG o.s.security.web.FilterChainProxy - Securing GET /api/locations?size=20&page=0&level=2
2026-07-05 16:30:08 [http-nio-8081-exec-8] DEBUG o.s.security.web.FilterChainProxy - Secured GET /api/v1/notifications/unread-count
2026-07-05 16:30:08 [http-nio-8081-exec-9] DEBUG o.s.security.web.FilterChainProxy - Securing GET /api/v1/posts/getAll?size=200
2026-07-05 16:30:08 [http-nio-8081-exec-9] DEBUG o.s.security.web.FilterChainProxy - Secured GET /api/v1/posts/getAll?size=200
2026-07-05 16:30:08 [http-nio-8081-exec-1] DEBUG o.s.security.web.FilterChainProxy - Secured GET /api/locations?size=20&page=0&level=2
2026-07-05 16:30:08 [http-nio-8081-exec-5] DEBUG o.s.security.web.FilterChainProxy - Securing GET /api/v1/notifications/unread-count
2026-07-05 16:30:08 [http-nio-8081-exec-5] DEBUG o.s.security.web.FilterChainProxy - Secured GET /api/v1/notifications/unread-count
2026-07-05 16:30:08 [http-nio-8081-exec-3] DEBUG o.s.security.web.FilterChainProxy - Securing GET /api/v1/notifications/stream?token=eyJhbGciOiJIUzI1NiJ9.eyJzdWIiOiJ0dW50dW4iLCJwZXJtaXNzaW9ucyI6WyJST0xFX1VTRVIiXSwiaXNzIjoiZGV2dGVyaWEuY29tIiwiZXhwIjoxNzgzMjUxMDA4LCJpYXQiOjE3ODMyNDM4MDgsInVzZXJJZCI6ImQ4YmQ2ZmFkLWY3ZjktNGM0ZS05MDc3LWJiMTBkZDcxYzc5NiJ9.DV-ZEyKnBzO7cZfY2Xnyk_gSG2yuPaRULFaRY5WlkFo
2026-07-05 16:30:08 [http-nio-8081-exec-3] DEBUG o.s.security.web.FilterChainProxy - Secured GET /api/v1/notifications/stream?token=eyJhbGciOiJIUzI1NiJ9.eyJzdWIiOiJ0dW50dW4iLCJwZXJtaXNzaW9ucyI6WyJST0xFX1VTRVIiXSwiaXNzIjoiZGV2dGVyaWEuY29tIiwiZXhwIjoxNzgzMjUxMDA4LCJpYXQiOjE3ODMyNDM4MDgsInVzZXJJZCI6ImQ4YmQ2ZmFkLWY3ZjktNGM0ZS05MDc3LWJiMTBkZDcxYzc5NiJ9.DV-ZEyKnBzO7cZfY2Xnyk_gSG2yuPaRULFaRY5WlkFo
2026-07-05 16:30:08 [http-nio-8081-exec-10] DEBUG o.s.security.web.FilterChainProxy - Securing GET /chat/conversations
2026-07-05 16:30:08 [http-nio-8081-exec-10] DEBUG o.s.security.web.FilterChainProxy - Secured GET /chat/conversations
2026-07-05 16:30:08 [http-nio-8081-exec-8] DEBUG o.s.security.web.FilterChainProxy - Securing GET /api/v1/notifications/unread-count
2026-07-05 16:30:08 [http-nio-8081-exec-8] DEBUG o.s.security.web.FilterChainProxy - Secured GET /api/v1/notifications/unread-count
2026-07-05 16:30:08 [http-nio-8081-exec-3] DEBUG o.s.security.web.FilterChainProxy - Securing GET /chat/conversations
2026-07-05 16:30:08 [http-nio-8081-exec-3] DEBUG o.s.security.web.FilterChainProxy - Secured GET /chat/conversations
2026-07-05 16:30:08 [http-nio-8081-exec-7] DEBUG o.s.security.web.FilterChainProxy - Securing GET /chat/conversations
2026-07-05 16:30:08 [http-nio-8081-exec-7] DEBUG o.s.security.web.FilterChainProxy - Secured GET /chat/conversations
2026-07-05 16:30:08 [http-nio-8081-exec-2] DEBUG o.s.security.web.FilterChainProxy - Securing GET /api/v1/notifications/unread-count
2026-07-05 16:30:08 [http-nio-8081-exec-2] DEBUG o.s.security.web.FilterChainProxy - Secured GET /api/v1/notifications/unread-count
2026-07-05 16:30:08 [http-nio-8081-exec-6] DEBUG o.s.security.web.FilterChainProxy - Securing GET /chat/conversations
2026-07-05 16:30:08 [http-nio-8081-exec-6] DEBUG o.s.security.web.FilterChainProxy - Secured GET /chat/conversations
2026-07-05 16:30:08 [http-nio-8081-exec-4] DEBUG o.s.security.web.FilterChainProxy - Securing GET /api/locations?size=20&page=0&level=2
2026-07-05 16:30:08 [http-nio-8081-exec-4] DEBUG o.s.security.web.FilterChainProxy - Secured GET /api/locations?size=20&page=0&level=2
2026-07-05 16:30:09 [http-nio-8081-exec-5] DEBUG o.s.security.web.FilterChainProxy - Securing GET /api/v1/posts/getAll?size=200
2026-07-05 16:30:09 [http-nio-8081-exec-5] DEBUG o.s.security.web.FilterChainProxy - Secured GET /api/v1/posts/getAll?size=200
2026-07-05 16:30:11 [http-nio-8081-exec-7] DEBUG o.s.security.web.FilterChainProxy - Securing GET /api/locations?level=2&size=1000
2026-07-05 16:30:11 [http-nio-8081-exec-8] DEBUG o.s.security.web.FilterChainProxy - Securing GET /api/locations?level=2&size=1000
2026-07-05 16:30:11 [http-nio-8081-exec-7] DEBUG o.s.security.web.FilterChainProxy - Secured GET /api/locations?level=2&size=1000
2026-07-05 16:30:11 [http-nio-8081-exec-8] DEBUG o.s.security.web.FilterChainProxy - Secured GET /api/locations?level=2&size=1000
2026-07-05 16:30:19 [http-nio-8081-exec-2] DEBUG o.s.security.web.FilterChainProxy - Securing GET /api/vietmap/proxy?path=api/search/v3&text=ch%C3%B9a%20%C4%91%E1%BB%8Ba&size=5
2026-07-05 16:30:19 [http-nio-8081-exec-2] DEBUG o.s.security.web.FilterChainProxy - Secured GET /api/vietmap/proxy?path=api/search/v3&text=ch%C3%B9a%20%C4%91%E1%BB%8Ba&size=5
2026-07-05 16:30:19 [http-nio-8081-exec-4] DEBUG o.s.security.web.FilterChainProxy - Securing GET /api/vietmap/proxy?path=api/search/v3&text=ch%C3%B9a%20%C4%91%E1%BB%8Ba%20&size=5
2026-07-05 16:30:19 [http-nio-8081-exec-4] DEBUG o.s.security.web.FilterChainProxy - Secured GET /api/vietmap/proxy?path=api/search/v3&text=ch%C3%B9a%20%C4%91%E1%BB%8Ba%20&size=5
2026-07-05 16:30:22 [http-nio-8081-exec-5] DEBUG o.s.security.web.FilterChainProxy - Securing GET /api/vietmap/proxy?path=api/place/v3&refid=vm%3APOI%3AZLVQ5KQC4CQ6TQG1
2026-07-05 16:30:22 [http-nio-8081-exec-5] DEBUG o.s.security.web.FilterChainProxy - Secured GET /api/vietmap/proxy?path=api/place/v3&refid=vm%3APOI%3AZLVQ5KQC4CQ6TQG1
2026-07-05 16:30:32 [http-nio-8081-exec-3] DEBUG o.s.security.web.FilterChainProxy - Securing GET /api/vietmap/reverse?lat=20.445204&lng=105.952492
2026-07-05 16:30:32 [http-nio-8081-exec-3] DEBUG o.s.security.web.FilterChainProxy - Secured GET /api/vietmap/reverse?lat=20.445204&lng=105.952492
2026-07-05 16:30:32 [http-nio-8081-exec-3] DEBUG c.e.b.u.v.impl.VietMapServiceImpl - Calling VietMap reverse with lat=20.445204, lng=105.952492
2026-07-05 16:30:55 [http-nio-8081-exec-1] DEBUG o.s.security.web.FilterChainProxy - Securing POST /api/locations
2026-07-05 16:30:55 [http-nio-8081-exec-1] DEBUG o.s.security.web.FilterChainProxy - Secured POST /api/locations
2026-07-05 16:30:58 [http-nio-8081-exec-4] DEBUG o.s.security.web.FilterChainProxy - Securing POST /api/locations
2026-07-05 16:30:58 [http-nio-8081-exec-4] DEBUG o.s.security.web.FilterChainProxy - Secured POST /api/locations
2026-07-05 16:31:02 [http-nio-8081-exec-5] DEBUG o.s.security.web.FilterChainProxy - Securing POST /api/locations
2026-07-05 16:31:02 [http-nio-8081-exec-5] DEBUG o.s.security.web.FilterChainProxy - Secured POST /api/locations
2026-07-05 16:31:49 [http-nio-8081-exec-8] DEBUG o.s.security.web.FilterChainProxy - Securing GET /api/admin/locations?page=0&size=10
2026-07-05 16:31:49 [http-nio-8081-exec-8] DEBUG o.s.security.web.FilterChainProxy - Secured GET /api/admin/locations?page=0&size=10
2026-07-05 16:31:49 [http-nio-8081-exec-8] DEBUG o.s.s.a.m.AuthorizationManagerBeforeMethodInterceptor - Authorizing method invocation ReflectiveMethodInvocation: public com.example.backend.dto.response.ApiResponse com.example.backend.controller.AdminController.getAllLocations(int,int); target is of class [com.example.backend.controller.AdminController]
2026-07-05 16:31:49 [http-nio-8081-exec-8] DEBUG o.s.s.a.m.AuthorizationManagerBeforeMethodInterceptor - Authorized method invocation ReflectiveMethodInvocation: public com.example.backend.dto.response.ApiResponse com.example.backend.controller.AdminController.getAllLocations(int,int); target is of class [com.example.backend.controller.AdminController]
2026-07-05 16:31:56 [http-nio-8081-exec-2] DEBUG o.s.security.web.FilterChainProxy - Securing PUT /api/admin/locations/d9d38450-5a17-455d-864e-4f8477590860/status?deleted=0
2026-07-05 16:31:56 [http-nio-8081-exec-2] DEBUG o.s.security.web.FilterChainProxy - Secured PUT /api/admin/locations/d9d38450-5a17-455d-864e-4f8477590860/status?deleted=0
2026-07-05 16:31:56 [http-nio-8081-exec-2] DEBUG o.s.s.a.m.AuthorizationManagerBeforeMethodInterceptor - Authorizing method invocation ReflectiveMethodInvocation: public com.example.backend.dto.response.ApiResponse com.example.backend.controller.AdminController.toggleLocationStatus(java.lang.String,int); target is of class [com.example.backend.controller.AdminController]
2026-07-05 16:31:56 [http-nio-8081-exec-2] DEBUG o.s.s.a.m.AuthorizationManagerBeforeMethodInterceptor - Authorized method invocation ReflectiveMethodInvocation: public com.example.backend.dto.response.ApiResponse com.example.backend.controller.AdminController.toggleLocationStatus(java.lang.String,int); target is of class [com.example.backend.controller.AdminController]
2026-07-05 16:31:56 [http-nio-8081-exec-2] INFO  c.e.b.s.admin.impl.AdminServiceImpl - Admin updated location d9d38450-5a17-455d-864e-4f8477590860 status to deleted=0
2026-07-05 16:31:56 [http-nio-8081-exec-4] DEBUG o.s.security.web.FilterChainProxy - Securing GET /api/admin/locations?page=0&size=10
2026-07-05 16:31:56 [http-nio-8081-exec-4] DEBUG o.s.security.web.FilterChainProxy - Secured GET /api/admin/locations?page=0&size=10
2026-07-05 16:31:56 [http-nio-8081-exec-4] DEBUG o.s.s.a.m.AuthorizationManagerBeforeMethodInterceptor - Authorizing method invocation ReflectiveMethodInvocation: public com.example.backend.dto.response.ApiResponse com.example.backend.controller.AdminController.getAllLocations(int,int); target is of class [com.example.backend.controller.AdminController]
2026-07-05 16:31:56 [http-nio-8081-exec-4] DEBUG o.s.s.a.m.AuthorizationManagerBeforeMethodInterceptor - Authorized method invocation ReflectiveMethodInvocation: public com.example.backend.dto.response.ApiResponse com.example.backend.controller.AdminController.getAllLocations(int,int); target is of class [com.example.backend.controller.AdminController]
2026-07-05 16:31:57 [http-nio-8081-exec-3] DEBUG o.s.security.web.FilterChainProxy - Securing GET /api/locations?size=20&page=0&level=2
2026-07-05 16:31:57 [http-nio-8081-exec-3] DEBUG o.s.security.web.FilterChainProxy - Secured GET /api/locations?size=20&page=0&level=2
2026-07-05 16:31:57 [http-nio-8081-exec-6] DEBUG o.s.security.web.FilterChainProxy - Securing GET /api/v1/posts/getAll?size=200
2026-07-05 16:31:57 [http-nio-8081-exec-6] DEBUG o.s.security.web.FilterChainProxy - Secured GET /api/v1/posts/getAll?size=200
2026-07-05 16:31:57 [http-nio-8081-exec-8] DEBUG o.s.security.web.FilterChainProxy - Securing GET /api/locations?size=20&page=0&level=2
2026-07-05 16:31:57 [http-nio-8081-exec-8] DEBUG o.s.security.web.FilterChainProxy - Secured GET /api/locations?size=20&page=0&level=2
2026-07-05 16:31:58 [http-nio-8081-exec-7] DEBUG o.s.security.web.FilterChainProxy - Securing GET /api/v1/posts/getAll?size=200
2026-07-05 16:31:58 [http-nio-8081-exec-7] DEBUG o.s.security.web.FilterChainProxy - Secured GET /api/v1/posts/getAll?size=200
2026-07-05 16:32:14 [http-nio-8081-exec-1] DEBUG o.s.security.web.FilterChainProxy - Securing POST /api/locations
2026-07-05 16:32:14 [http-nio-8081-exec-1] DEBUG o.s.security.web.FilterChainProxy - Secured POST /api/locations
2026-07-05 16:33:37 [http-nio-8081-exec-7] DEBUG o.s.security.web.FilterChainProxy - Securing GET /api/admin/stats
2026-07-05 16:33:37 [http-nio-8081-exec-7] DEBUG o.s.security.web.FilterChainProxy - Secured GET /api/admin/stats
2026-07-05 16:33:37 [http-nio-8081-exec-7] DEBUG o.s.s.a.m.AuthorizationManagerBeforeMethodInterceptor - Authorizing method invocation ReflectiveMethodInvocation: public com.example.backend.dto.response.ApiResponse com.example.backend.controller.AdminController.getStats(); target is of class [com.example.backend.controller.AdminController]
2026-07-05 16:33:37 [http-nio-8081-exec-7] DEBUG o.s.s.a.m.AuthorizationManagerBeforeMethodInterceptor - Authorized method invocation ReflectiveMethodInvocation: public com.example.backend.dto.response.ApiResponse com.example.backend.controller.AdminController.getStats(); target is of class [com.example.backend.controller.AdminController]
2026-07-05 16:33:37 [http-nio-8081-exec-1] DEBUG o.s.security.web.FilterChainProxy - Securing GET /api/admin/locations?page=0&size=10
2026-07-05 16:33:37 [http-nio-8081-exec-1] DEBUG o.s.security.web.FilterChainProxy - Secured GET /api/admin/locations?page=0&size=10
2026-07-05 16:33:37 [http-nio-8081-exec-9] DEBUG o.s.security.web.FilterChainProxy - Securing GET /api/admin/reports?status=PENDING&size=20
2026-07-05 16:33:37 [http-nio-8081-exec-9] DEBUG o.s.security.web.FilterChainProxy - Secured GET /api/admin/reports?status=PENDING&size=20
2026-07-05 16:33:37 [http-nio-8081-exec-1] DEBUG o.s.s.a.m.AuthorizationManagerBeforeMethodInterceptor - Authorizing method invocation ReflectiveMethodInvocation: public com.example.backend.dto.response.ApiResponse com.example.backend.controller.AdminController.getAllLocations(int,int); target is of class [com.example.backend.controller.AdminController]
2026-07-05 16:33:37 [http-nio-8081-exec-1] DEBUG o.s.s.a.m.AuthorizationManagerBeforeMethodInterceptor - Authorized method invocation ReflectiveMethodInvocation: public com.example.backend.dto.response.ApiResponse com.example.backend.controller.AdminController.getAllLocations(int,int); target is of class [com.example.backend.controller.AdminController]
2026-07-05 16:33:37 [http-nio-8081-exec-9] DEBUG o.s.s.a.m.AuthorizationManagerBeforeMethodInterceptor - Authorizing method invocation ReflectiveMethodInvocation: public com.example.backend.dto.response.ApiResponse com.example.backend.controller.AdminController.getReports(java.lang.String,int,int); target is of class [com.example.backend.controller.AdminController]
2026-07-05 16:33:37 [http-nio-8081-exec-9] DEBUG o.s.s.a.m.AuthorizationManagerBeforeMethodInterceptor - Authorized method invocation ReflectiveMethodInvocation: public com.example.backend.dto.response.ApiResponse com.example.backend.controller.AdminController.getReports(java.lang.String,int,int); target is of class [com.example.backend.controller.AdminController]
2026-07-05 16:33:37 [http-nio-8081-exec-4] DEBUG o.s.security.web.FilterChainProxy - Securing GET /api/admin/locations?page=0&size=10
2026-07-05 16:33:37 [http-nio-8081-exec-4] DEBUG o.s.security.web.FilterChainProxy - Secured GET /api/admin/locations?page=0&size=10
2026-07-05 16:33:37 [http-nio-8081-exec-5] DEBUG o.s.security.web.FilterChainProxy - Securing GET /api/admin/reports?status=PENDING&size=20
2026-07-05 16:33:37 [http-nio-8081-exec-5] DEBUG o.s.security.web.FilterChainProxy - Secured GET /api/admin/reports?status=PENDING&size=20
2026-07-05 16:33:37 [http-nio-8081-exec-4] DEBUG o.s.s.a.m.AuthorizationManagerBeforeMethodInterceptor - Authorizing method invocation ReflectiveMethodInvocation: public com.example.backend.dto.response.ApiResponse com.example.backend.controller.AdminController.getAllLocations(int,int); target is of class [com.example.backend.controller.AdminController]
2026-07-05 16:33:37 [http-nio-8081-exec-4] DEBUG o.s.s.a.m.AuthorizationManagerBeforeMethodInterceptor - Authorized method invocation ReflectiveMethodInvocation: public com.example.backend.dto.response.ApiResponse com.example.backend.controller.AdminController.getAllLocations(int,int); target is of class [com.example.backend.controller.AdminController]
2026-07-05 16:33:37 [http-nio-8081-exec-5] DEBUG o.s.s.a.m.AuthorizationManagerBeforeMethodInterceptor - Authorizing method invocation ReflectiveMethodInvocation: public com.example.backend.dto.response.ApiResponse com.example.backend.controller.AdminController.getReports(java.lang.String,int,int); target is of class [com.example.backend.controller.AdminController]
2026-07-05 16:33:37 [http-nio-8081-exec-5] DEBUG o.s.s.a.m.AuthorizationManagerBeforeMethodInterceptor - Authorized method invocation ReflectiveMethodInvocation: public com.example.backend.dto.response.ApiResponse com.example.backend.controller.AdminController.getReports(java.lang.String,int,int); target is of class [com.example.backend.controller.AdminController]
2026-07-05 16:33:37 [http-nio-8081-exec-10] DEBUG o.s.security.web.FilterChainProxy - Securing GET /api/admin/stats
2026-07-05 16:33:37 [http-nio-8081-exec-10] DEBUG o.s.security.web.FilterChainProxy - Secured GET /api/admin/stats
2026-07-05 16:33:37 [http-nio-8081-exec-10] DEBUG o.s.s.a.m.AuthorizationManagerBeforeMethodInterceptor - Authorizing method invocation ReflectiveMethodInvocation: public com.example.backend.dto.response.ApiResponse com.example.backend.controller.AdminController.getStats(); target is of class [com.example.backend.controller.AdminController]
2026-07-05 16:33:37 [http-nio-8081-exec-10] DEBUG o.s.s.a.m.AuthorizationManagerBeforeMethodInterceptor - Authorized method invocation ReflectiveMethodInvocation: public com.example.backend.dto.response.ApiResponse com.example.backend.controller.AdminController.getStats(); target is of class [com.example.backend.controller.AdminController]
2026-07-05 16:33:38 [http-nio-8081-exec-8] DEBUG o.s.security.web.FilterChainProxy - Securing PUT /api/admin/locations/d9d38450-5a17-455d-864e-4f8477590860/status?deleted=1
2026-07-05 16:33:38 [http-nio-8081-exec-8] DEBUG o.s.security.web.FilterChainProxy - Secured PUT /api/admin/locations/d9d38450-5a17-455d-864e-4f8477590860/status?deleted=1
2026-07-05 16:33:38 [http-nio-8081-exec-8] DEBUG o.s.s.a.m.AuthorizationManagerBeforeMethodInterceptor - Authorizing method invocation ReflectiveMethodInvocation: public com.example.backend.dto.response.ApiResponse com.example.backend.controller.AdminController.toggleLocationStatus(java.lang.String,int); target is of class [com.example.backend.controller.AdminController]
2026-07-05 16:33:38 [http-nio-8081-exec-8] DEBUG o.s.s.a.m.AuthorizationManagerBeforeMethodInterceptor - Authorized method invocation ReflectiveMethodInvocation: public com.example.backend.dto.response.ApiResponse com.example.backend.controller.AdminController.toggleLocationStatus(java.lang.String,int); target is of class [com.example.backend.controller.AdminController]
2026-07-05 16:33:38 [http-nio-8081-exec-8] INFO  c.e.b.s.admin.impl.AdminServiceImpl - Admin updated location d9d38450-5a17-455d-864e-4f8477590860 status to deleted=1
2026-07-05 16:33:38 [http-nio-8081-exec-3] DEBUG o.s.security.web.FilterChainProxy - Securing GET /api/admin/locations?page=0&size=10
2026-07-05 16:33:38 [http-nio-8081-exec-3] DEBUG o.s.security.web.FilterChainProxy - Secured GET /api/admin/locations?page=0&size=10
2026-07-05 16:33:38 [http-nio-8081-exec-3] DEBUG o.s.s.a.m.AuthorizationManagerBeforeMethodInterceptor - Authorizing method invocation ReflectiveMethodInvocation: public com.example.backend.dto.response.ApiResponse com.example.backend.controller.AdminController.getAllLocations(int,int); target is of class [com.example.backend.controller.AdminController]
2026-07-05 16:33:38 [http-nio-8081-exec-3] DEBUG o.s.s.a.m.AuthorizationManagerBeforeMethodInterceptor - Authorized method invocation ReflectiveMethodInvocation: public com.example.backend.dto.response.ApiResponse com.example.backend.controller.AdminController.getAllLocations(int,int); target is of class [com.example.backend.controller.AdminController]
2026-07-05 16:34:07 [http-nio-8081-exec-1] DEBUG o.s.security.web.FilterChainProxy - Securing POST /api/locations
2026-07-05 16:34:07 [http-nio-8081-exec-1] DEBUG o.s.security.web.FilterChainProxy - Secured POST /api/locations
2026-07-05 16:34:52 [http-nio-8081-exec-8] DEBUG o.s.security.web.FilterChainProxy - Securing GET /api/v1/notifications/unread-count
2026-07-05 16:34:52 [http-nio-8081-exec-8] DEBUG o.s.security.web.FilterChainProxy - Secured GET /api/v1/notifications/unread-count
2026-07-05 16:34:52 [http-nio-8081-exec-2] DEBUG o.s.security.web.FilterChainProxy - Securing GET /api/locations?level=2&size=1000
2026-07-05 16:34:52 [http-nio-8081-exec-2] DEBUG o.s.security.web.FilterChainProxy - Secured GET /api/locations?level=2&size=1000
2026-07-05 16:35:08 [http-nio-8081-exec-9] DEBUG o.s.security.web.FilterChainProxy - Securing GET /api/v1/notifications/unread-count
2026-07-05 16:35:08 [http-nio-8081-exec-9] DEBUG o.s.security.web.FilterChainProxy - Secured GET /api/v1/notifications/unread-count
2026-07-05 16:36:05 [SpringApplicationShutdownHook] INFO  o.s.boot.tomcat.GracefulShutdown - Commencing graceful shutdown. Waiting for active requests to complete
2026-07-05 16:36:35 [SpringApplicationShutdownHook] INFO  o.s.c.s.DefaultLifecycleProcessor - Shutdown phase 2147482623 ends with 1 bean still running after timeout of 30000ms: [webServerGracefulShutdown]
2026-07-05 16:36:35 [tomcat-shutdown] INFO  o.s.boot.tomcat.GracefulShutdown - Graceful shutdown aborted with one or more requests still active
2026-07-05 16:36:35 [http-nio-8081-exec-6] DEBUG o.s.security.web.FilterChainProxy - Securing GET /api/v1/notifications/stream?token=eyJhbGciOiJIUzI1NiJ9.eyJzdWIiOiJUdW5hLWFkbWluIiwicGVybWlzc2lvbnMiOlsiUk9MRV9BRE1JTiJdLCJpc3MiOiJkZXZ0ZXJpYS5jb20iLCJleHAiOjE3Nzk1MjAyNzUsImlhdCI6MTc3OTUxMzA3NSwidXNlcklkIjoiMGZiN2VkZjMtYzQ5YS00NTQ5LTg4YzUtNDk5OTMxNGEzMzFlIn0.bJu3f8N3VUhzhAlzxn07v98jJkgoo3H20isKAEyAScU
2026-07-05 16:36:35 [http-nio-8081-exec-5] DEBUG o.s.security.web.FilterChainProxy - Securing GET /api/v1/notifications/stream?token=eyJhbGciOiJIUzI1NiJ9.eyJzdWIiOiJ0dW50dW4iLCJwZXJtaXNzaW9ucyI6WyJST0xFX1VTRVIiXSwiaXNzIjoiZGV2dGVyaWEuY29tIiwiZXhwIjoxNzgzMjUxMDA4LCJpYXQiOjE3ODMyNDM4MDgsInVzZXJJZCI6ImQ4YmQ2ZmFkLWY3ZjktNGM0ZS05MDc3LWJiMTBkZDcxYzc5NiJ9.DV-ZEyKnBzO7cZfY2Xnyk_gSG2yuPaRULFaRY5WlkFo
2026-07-05 16:36:35 [http-nio-8081-exec-6] DEBUG o.s.security.web.FilterChainProxy - Secured GET /api/v1/notifications/stream?token=eyJhbGciOiJIUzI1NiJ9.eyJzdWIiOiJUdW5hLWFkbWluIiwicGVybWlzc2lvbnMiOlsiUk9MRV9BRE1JTiJdLCJpc3MiOiJkZXZ0ZXJpYS5jb20iLCJleHAiOjE3Nzk1MjAyNzUsImlhdCI6MTc3OTUxMzA3NSwidXNlcklkIjoiMGZiN2VkZjMtYzQ5YS00NTQ5LTg4YzUtNDk5OTMxNGEzMzFlIn0.bJu3f8N3VUhzhAlzxn07v98jJkgoo3H20isKAEyAScU
2026-07-05 16:36:35 [http-nio-8081-exec-5] DEBUG o.s.security.web.FilterChainProxy - Secured GET /api/v1/notifications/stream?token=eyJhbGciOiJIUzI1NiJ9.eyJzdWIiOiJ0dW50dW4iLCJwZXJtaXNzaW9ucyI6WyJST0xFX1VTRVIiXSwiaXNzIjoiZGV2dGVyaWEuY29tIiwiZXhwIjoxNzgzMjUxMDA4LCJpYXQiOjE3ODMyNDM4MDgsInVzZXJJZCI6ImQ4YmQ2ZmFkLWY3ZjktNGM0ZS05MDc3LWJiMTBkZDcxYzc5NiJ9.DV-ZEyKnBzO7cZfY2Xnyk_gSG2yuPaRULFaRY5WlkFo
2026-07-05 16:36:35 [http-nio-8081-exec-10] DEBUG o.s.security.web.FilterChainProxy - Securing GET /api/v1/notifications/stream?token=eyJhbGciOiJIUzI1NiJ9.eyJzdWIiOiJUdW5hLWFkbWluIiwicGVybWlzc2lvbnMiOlsiUk9MRV9BRE1JTiJdLCJpc3MiOiJkZXZ0ZXJpYS5jb20iLCJleHAiOjE3Nzk1MjAyNzUsImlhdCI6MTc3OTUxMzA3NSwidXNlcklkIjoiMGZiN2VkZjMtYzQ5YS00NTQ5LTg4YzUtNDk5OTMxNGEzMzFlIn0.bJu3f8N3VUhzhAlzxn07v98jJkgoo3H20isKAEyAScU
2026-07-05 16:36:35 [http-nio-8081-exec-10] DEBUG o.s.security.web.FilterChainProxy - Secured GET /api/v1/notifications/stream?token=eyJhbGciOiJIUzI1NiJ9.eyJzdWIiOiJUdW5hLWFkbWluIiwicGVybWlzc2lvbnMiOlsiUk9MRV9BRE1JTiJdLCJpc3MiOiJkZXZ0ZXJpYS5jb20iLCJleHAiOjE3Nzk1MjAyNzUsImlhdCI6MTc3OTUxMzA3NSwidXNlcklkIjoiMGZiN2VkZjMtYzQ5YS00NTQ5LTg4YzUtNDk5OTMxNGEzMzFlIn0.bJu3f8N3VUhzhAlzxn07v98jJkgoo3H20isKAEyAScU
2026-07-05 16:36:35 [http-nio-8081-exec-5] ERROR c.e.b.e.GlobalExceptionHandler - Unhandled Exception: 
org.springframework.web.context.request.async.AsyncRequestTimeoutException
	at org.springframework.web.context.request.async.TimeoutDeferredResultProcessingInterceptor.handleTimeout(TimeoutDeferredResultProcessingInterceptor.java:42)
	at org.springframework.web.context.request.async.DeferredResultInterceptorChain.triggerAfterTimeout(DeferredResultInterceptorChain.java:80)
	at org.springframework.web.context.request.async.WebAsyncManager.lambda$startDeferredResultProcessing$0(WebAsyncManager.java:426)
	at java.base/java.util.ArrayList.forEach(ArrayList.java:1511)
	at org.springframework.web.context.request.async.StandardServletAsyncWebRequest.onTimeout(StandardServletAsyncWebRequest.java:184)
	at org.apache.catalina.core.AsyncListenerWrapper.fireOnTimeout(AsyncListenerWrapper.java:44)
	at org.apache.catalina.core.AsyncContextImpl.timeout(AsyncContextImpl.java:136)
	at org.apache.catalina.connector.CoyoteAdapter.asyncDispatch(CoyoteAdapter.java:134)
	at org.apache.coyote.AbstractProcessor.dispatch(AbstractProcessor.java:242)
	at org.apache.coyote.AbstractProcessorLight.process(AbstractProcessorLight.java:57)
	at org.apache.coyote.AbstractProtocol$ConnectionHandler.process(AbstractProtocol.java:903)
	at org.apache.tomcat.util.net.NioEndpoint$SocketProcessor.doRun(NioEndpoint.java:1779)
	at org.apache.tomcat.util.net.SocketProcessorBase.run(SocketProcessorBase.java:52)
	at org.apache.tomcat.util.threads.ThreadPoolExecutor.runWorker(ThreadPoolExecutor.java:946)
	at org.apache.tomcat.util.threads.ThreadPoolExecutor$Worker.run(ThreadPoolExecutor.java:480)
	at org.apache.tomcat.util.threads.TaskThread$WrappingRunnable.run(TaskThread.java:57)
	at java.base/java.lang.Thread.run(Thread.java:840)
2026-07-05 16:36:35 [http-nio-8081-exec-10] ERROR c.e.b.e.GlobalExceptionHandler - Unhandled Exception: 
org.springframework.web.context.request.async.AsyncRequestTimeoutException
	at org.springframework.web.context.request.async.TimeoutDeferredResultProcessingInterceptor.handleTimeout(TimeoutDeferredResultProcessingInterceptor.java:42)
	at org.springframework.web.context.request.async.DeferredResultInterceptorChain.triggerAfterTimeout(DeferredResultInterceptorChain.java:80)
	at org.springframework.web.context.request.async.WebAsyncManager.lambda$startDeferredResultProcessing$0(WebAsyncManager.java:426)
	at java.base/java.util.ArrayList.forEach(ArrayList.java:1511)
	at org.springframework.web.context.request.async.StandardServletAsyncWebRequest.onTimeout(StandardServletAsyncWebRequest.java:184)
	at org.apache.catalina.core.AsyncListenerWrapper.fireOnTimeout(AsyncListenerWrapper.java:44)
	at org.apache.catalina.core.AsyncContextImpl.timeout(AsyncContextImpl.java:136)
	at org.apache.catalina.connector.CoyoteAdapter.asyncDispatch(CoyoteAdapter.java:134)
	at org.apache.coyote.AbstractProcessor.dispatch(AbstractProcessor.java:242)
	at org.apache.coyote.AbstractProcessorLight.process(AbstractProcessorLight.java:57)
	at org.apache.coyote.AbstractProtocol$ConnectionHandler.process(AbstractProtocol.java:903)
	at org.apache.tomcat.util.net.NioEndpoint$SocketProcessor.doRun(NioEndpoint.java:1779)
	at org.apache.tomcat.util.net.SocketProcessorBase.run(SocketProcessorBase.java:52)
	at org.apache.tomcat.util.threads.ThreadPoolExecutor.runWorker(ThreadPoolExecutor.java:946)
	at org.apache.tomcat.util.threads.ThreadPoolExecutor$Worker.run(ThreadPoolExecutor.java:480)
	at org.apache.tomcat.util.threads.TaskThread$WrappingRunnable.run(TaskThread.java:57)
	at java.base/java.lang.Thread.run(Thread.java:840)
2026-07-05 16:36:35 [http-nio-8081-exec-6] ERROR c.e.b.e.GlobalExceptionHandler - Unhandled Exception: 
org.springframework.web.context.request.async.AsyncRequestTimeoutException
	at org.springframework.web.context.request.async.TimeoutDeferredResultProcessingInterceptor.handleTimeout(TimeoutDeferredResultProcessingInterceptor.java:42)
	at org.springframework.web.context.request.async.DeferredResultInterceptorChain.triggerAfterTimeout(DeferredResultInterceptorChain.java:80)
	at org.springframework.web.context.request.async.WebAsyncManager.lambda$startDeferredResultProcessing$0(WebAsyncManager.java:426)
	at java.base/java.util.ArrayList.forEach(ArrayList.java:1511)
	at org.springframework.web.context.request.async.StandardServletAsyncWebRequest.onTimeout(StandardServletAsyncWebRequest.java:184)
	at org.apache.catalina.core.AsyncListenerWrapper.fireOnTimeout(AsyncListenerWrapper.java:44)
	at org.apache.catalina.core.AsyncContextImpl.timeout(AsyncContextImpl.java:136)
	at org.apache.catalina.connector.CoyoteAdapter.asyncDispatch(CoyoteAdapter.java:134)
	at org.apache.coyote.AbstractProcessor.dispatch(AbstractProcessor.java:242)
	at org.apache.coyote.AbstractProcessorLight.process(AbstractProcessorLight.java:57)
	at org.apache.coyote.AbstractProtocol$ConnectionHandler.process(AbstractProtocol.java:903)
	at org.apache.tomcat.util.net.NioEndpoint$SocketProcessor.doRun(NioEndpoint.java:1779)
	at org.apache.tomcat.util.net.SocketProcessorBase.run(SocketProcessorBase.java:52)
	at org.apache.tomcat.util.threads.ThreadPoolExecutor.runWorker(ThreadPoolExecutor.java:946)
	at org.apache.tomcat.util.threads.ThreadPoolExecutor$Worker.run(ThreadPoolExecutor.java:480)
	at org.apache.tomcat.util.threads.TaskThread$WrappingRunnable.run(TaskThread.java:57)
	at java.base/java.lang.Thread.run(Thread.java:840)
2026-07-05 16:36:35 [http-nio-8081-exec-10] WARN  o.s.w.s.m.m.a.ExceptionHandlerExceptionResolver - Failure in @ExceptionHandler com.example.backend.exception.GlobalExceptionHandler#handleException(Exception)
org.springframework.http.converter.HttpMessageNotWritableException: No converter for [class com.example.backend.dto.response.ApiResponse] with preset Content-Type 'text/event-stream'
	at org.springframework.web.servlet.mvc.method.annotation.AbstractMessageConverterMethodProcessor.writeWithMessageConverters(AbstractMessageConverterMethodProcessor.java:364)
	at org.springframework.web.servlet.mvc.method.annotation.HttpEntityMethodProcessor.handleReturnValue(HttpEntityMethodProcessor.java:261)
	at org.springframework.web.method.support.HandlerMethodReturnValueHandlerComposite.handleReturnValue(HandlerMethodReturnValueHandlerComposite.java:78)
	at org.springframework.web.servlet.mvc.method.annotation.ServletInvocableHandlerMethod.invokeAndHandle(ServletInvocableHandlerMethod.java:135)
	at org.springframework.web.servlet.mvc.method.annotation.ExceptionHandlerExceptionResolver.doResolveHandlerMethodException(ExceptionHandlerExceptionResolver.java:460)
	at org.springframework.web.servlet.handler.AbstractHandlerMethodExceptionResolver.doResolveException(AbstractHandlerMethodExceptionResolver.java:72)
	at org.springframework.web.servlet.handler.AbstractHandlerExceptionResolver.resolveException(AbstractHandlerExceptionResolver.java:176)
	at org.springframework.web.servlet.handler.HandlerExceptionResolverComposite.resolveException(HandlerExceptionResolverComposite.java:78)
	at org.springframework.web.servlet.DispatcherServlet.processHandlerException(DispatcherServlet.java:1227)
	at org.springframework.web.servlet.DispatcherServlet.processDispatchResult(DispatcherServlet.java:1035)
	at org.springframework.web.servlet.DispatcherServlet.doDispatch(DispatcherServlet.java:980)
	at org.springframework.web.servlet.DispatcherServlet.doService(DispatcherServlet.java:866)
	at org.springframework.web.servlet.FrameworkServlet.processRequest(FrameworkServlet.java:1000)
	at org.springframework.web.servlet.FrameworkServlet.doGet(FrameworkServlet.java:892)
	at jakarta.servlet.http.HttpServlet.service(HttpServlet.java:622)
	at org.springframework.web.servlet.FrameworkServlet.service(FrameworkServlet.java:874)
	at jakarta.servlet.http.HttpServlet.service(HttpServlet.java:710)
	at org.apache.catalina.core.ApplicationFilterChain.doFilter(ApplicationFilterChain.java:128)
	at org.springframework.web.filter.OncePerRequestFilter.doFilter(OncePerRequestFilter.java:101)
	at org.apache.catalina.core.ApplicationFilterChain.doFilter(ApplicationFilterChain.java:107)
	at org.springframework.web.filter.CompositeFilter$VirtualFilterChain.doFilter(CompositeFilter.java:108)
	at org.springframework.security.web.FilterChainProxy.lambda$doFilterInternal$3(FilterChainProxy.java:235)
	at org.springframework.security.web.FilterChainProxy$VirtualFilterChain.doFilter(FilterChainProxy.java:371)
	at org.springframework.security.web.access.intercept.AuthorizationFilter.doFilter(AuthorizationFilter.java:101)
	at org.springframework.security.web.FilterChainProxy$VirtualFilterChain.doFilter(FilterChainProxy.java:380)
	at org.springframework.security.web.access.ExceptionTranslationFilter.doFilter(ExceptionTranslationFilter.java:126)
	at org.springframework.security.web.access.ExceptionTranslationFilter.doFilter(ExceptionTranslationFilter.java:120)
	at org.springframework.security.web.FilterChainProxy$VirtualFilterChain.doFilter(FilterChainProxy.java:380)
	at org.springframework.security.web.authentication.AnonymousAuthenticationFilter.doFilter(AnonymousAuthenticationFilter.java:100)
	at org.springframework.security.web.FilterChainProxy$VirtualFilterChain.doFilter(FilterChainProxy.java:380)
	at org.springframework.security.web.servletapi.SecurityContextHolderAwareRequestFilter.doFilter(SecurityContextHolderAwareRequestFilter.java:181)
	at org.springframework.security.web.FilterChainProxy$VirtualFilterChain.doFilter(FilterChainProxy.java:380)
	at org.springframework.security.web.savedrequest.RequestCacheAwareFilter.doFilter(RequestCacheAwareFilter.java:63)
	at org.springframework.security.web.FilterChainProxy$VirtualFilterChain.doFilter(FilterChainProxy.java:380)
	at org.springframework.web.filter.OncePerRequestFilter.doFilter(OncePerRequestFilter.java:101)
	at org.springframework.security.web.FilterChainProxy$VirtualFilterChain.doFilter(FilterChainProxy.java:380)
	at org.springframework.security.web.authentication.logout.LogoutFilter.doFilter(LogoutFilter.java:110)
	at org.springframework.security.web.authentication.logout.LogoutFilter.doFilter(LogoutFilter.java:96)
	at org.springframework.security.web.FilterChainProxy$VirtualFilterChain.doFilter(FilterChainProxy.java:380)
	at org.springframework.web.filter.OncePerRequestFilter.doFilter(OncePerRequestFilter.java:101)
	at org.springframework.security.web.FilterChainProxy$VirtualFilterChain.doFilter(FilterChainProxy.java:380)
	at org.springframework.web.filter.OncePerRequestFilter.doFilter(OncePerRequestFilter.java:101)
	at org.springframework.security.web.FilterChainProxy$VirtualFilterChain.doFilter(FilterChainProxy.java:380)
	at org.springframework.security.web.context.SecurityContextHolderFilter.doFilter(SecurityContextHolderFilter.java:82)
	at org.springframework.security.web.context.SecurityContextHolderFilter.doFilter(SecurityContextHolderFilter.java:69)
	at org.springframework.security.web.FilterChainProxy$VirtualFilterChain.doFilter(FilterChainProxy.java:380)
	at org.springframework.web.filter.OncePerRequestFilter.doFilter(OncePerRequestFilter.java:101)
	at org.springframework.security.web.FilterChainProxy$VirtualFilterChain.doFilter(FilterChainProxy.java:380)
	at org.springframework.web.filter.OncePerRequestFilter.doFilter(OncePerRequestFilter.java:101)
	at org.springframework.security.web.FilterChainProxy$VirtualFilterChain.doFilter(FilterChainProxy.java:380)
	at org.springframework.security.web.FilterChainProxy.doFilterInternal(FilterChainProxy.java:237)
	at org.springframework.security.web.FilterChainProxy.doFilter(FilterChainProxy.java:195)
	at org.springframework.web.filter.CompositeFilter$VirtualFilterChain.doFilter(CompositeFilter.java:113)
	at org.springframework.web.filter.ServletRequestPathFilter.doFilter(ServletRequestPathFilter.java:52)
	at org.springframework.web.filter.CompositeFilter$VirtualFilterChain.doFilter(CompositeFilter.java:113)
	at org.springframework.web.filter.CompositeFilter.doFilter(CompositeFilter.java:74)
	at org.springframework.security.config.annotation.web.configuration.WebSecurityConfiguration$CompositeFilterChainProxy.doFilter(WebSecurityConfiguration.java:317)
	at org.springframework.web.filter.DelegatingFilterProxy.invokeDelegate(DelegatingFilterProxy.java:355)
	at org.springframework.web.filter.DelegatingFilterProxy.doFilter(DelegatingFilterProxy.java:272)
	at org.apache.catalina.core.ApplicationFilterChain.doFilter(ApplicationFilterChain.java:107)
	at org.springframework.web.filter.RequestContextFilter.doFilterInternal(RequestContextFilter.java:100)
	at org.springframework.web.filter.OncePerRequestFilter.doFilter(OncePerRequestFilter.java:116)
	at org.apache.catalina.core.ApplicationFilterChain.doFilter(ApplicationFilterChain.java:107)
	at org.springframework.web.filter.OncePerRequestFilter.doFilter(OncePerRequestFilter.java:101)
	at org.apache.catalina.core.ApplicationFilterChain.doFilter(ApplicationFilterChain.java:107)
	at org.springframework.web.filter.OncePerRequestFilter.doFilter(OncePerRequestFilter.java:101)
	at org.apache.catalina.core.ApplicationFilterChain.doFilter(ApplicationFilterChain.java:107)
	at org.springframework.web.filter.OncePerRequestFilter.doFilter(OncePerRequestFilter.java:101)
	at org.apache.catalina.core.ApplicationFilterChain.doFilter(ApplicationFilterChain.java:107)
	at org.apache.catalina.core.ApplicationDispatcher.invoke(ApplicationDispatcher.java:513)
	at org.apache.catalina.core.ApplicationDispatcher.dispatch(ApplicationDispatcher.java:441)
	at org.apache.catalina.core.AsyncContextImpl$AsyncRunnable.run(AsyncContextImpl.java:585)
	at org.apache.catalina.core.AsyncContextImpl.doInternalDispatch(AsyncContextImpl.java:340)
	at org.apache.catalina.core.StandardWrapperValve.invoke(StandardWrapperValve.java:163)
	at org.apache.catalina.core.StandardContextValve.invoke(StandardContextValve.java:77)
	at org.apache.catalina.authenticator.AuthenticatorBase.invoke(AuthenticatorBase.java:492)
	at org.apache.catalina.core.StandardHostValve.invoke(StandardHostValve.java:113)
	at org.apache.catalina.valves.ErrorReportValve.invoke(ErrorReportValve.java:83)
	at org.apache.catalina.core.StandardEngineValve.invoke(StandardEngineValve.java:72)
	at org.apache.catalina.connector.CoyoteAdapter.asyncDispatch(CoyoteAdapter.java:238)
	at org.apache.coyote.AbstractProcessor.dispatch(AbstractProcessor.java:242)
	at org.apache.coyote.AbstractProcessorLight.process(AbstractProcessorLight.java:57)
	at org.apache.coyote.AbstractProtocol$ConnectionHandler.process(AbstractProtocol.java:903)
	at org.apache.tomcat.util.net.NioEndpoint$SocketProcessor.doRun(NioEndpoint.java:1779)
	at org.apache.tomcat.util.net.SocketProcessorBase.run(SocketProcessorBase.java:52)
	at org.apache.tomcat.util.threads.ThreadPoolExecutor.runWorker(ThreadPoolExecutor.java:946)
	at org.apache.tomcat.util.threads.ThreadPoolExecutor$Worker.run(ThreadPoolExecutor.java:480)
	at org.apache.tomcat.util.threads.TaskThread$WrappingRunnable.run(TaskThread.java:57)
	at java.base/java.lang.Thread.run(Thread.java:840)
2026-07-05 16:36:35 [http-nio-8081-exec-6] WARN  o.s.w.s.m.m.a.ExceptionHandlerExceptionResolver - Failure in @ExceptionHandler com.example.backend.exception.GlobalExceptionHandler#handleException(Exception)
org.springframework.http.converter.HttpMessageNotWritableException: No converter for [class com.example.backend.dto.response.ApiResponse] with preset Content-Type 'text/event-stream'
	at org.springframework.web.servlet.mvc.method.annotation.AbstractMessageConverterMethodProcessor.writeWithMessageConverters(AbstractMessageConverterMethodProcessor.java:364)
	at org.springframework.web.servlet.mvc.method.annotation.HttpEntityMethodProcessor.handleReturnValue(HttpEntityMethodProcessor.java:261)
	at org.springframework.web.method.support.HandlerMethodReturnValueHandlerComposite.handleReturnValue(HandlerMethodReturnValueHandlerComposite.java:78)
	at org.springframework.web.servlet.mvc.method.annotation.ServletInvocableHandlerMethod.invokeAndHandle(ServletInvocableHandlerMethod.java:135)
	at org.springframework.web.servlet.mvc.method.annotation.ExceptionHandlerExceptionResolver.doResolveHandlerMethodException(ExceptionHandlerExceptionResolver.java:460)
	at org.springframework.web.servlet.handler.AbstractHandlerMethodExceptionResolver.doResolveException(AbstractHandlerMethodExceptionResolver.java:72)
	at org.springframework.web.servlet.handler.AbstractHandlerExceptionResolver.resolveException(AbstractHandlerExceptionResolver.java:176)
	at org.springframework.web.servlet.handler.HandlerExceptionResolverComposite.resolveException(HandlerExceptionResolverComposite.java:78)
	at org.springframework.web.servlet.DispatcherServlet.processHandlerException(DispatcherServlet.java:1227)
	at org.springframework.web.servlet.DispatcherServlet.processDispatchResult(DispatcherServlet.java:1035)
	at org.springframework.web.servlet.DispatcherServlet.doDispatch(DispatcherServlet.java:980)
	at org.springframework.web.servlet.DispatcherServlet.doService(DispatcherServlet.java:866)
	at org.springframework.web.servlet.FrameworkServlet.processRequest(FrameworkServlet.java:1000)
	at org.springframework.web.servlet.FrameworkServlet.doGet(FrameworkServlet.java:892)
	at jakarta.servlet.http.HttpServlet.service(HttpServlet.java:622)
	at org.springframework.web.servlet.FrameworkServlet.service(FrameworkServlet.java:874)
	at jakarta.servlet.http.HttpServlet.service(HttpServlet.java:710)
	at org.apache.catalina.core.ApplicationFilterChain.doFilter(ApplicationFilterChain.java:128)
	at org.springframework.web.filter.OncePerRequestFilter.doFilter(OncePerRequestFilter.java:101)
	at org.apache.catalina.core.ApplicationFilterChain.doFilter(ApplicationFilterChain.java:107)
	at org.springframework.web.filter.CompositeFilter$VirtualFilterChain.doFilter(CompositeFilter.java:108)
	at org.springframework.security.web.FilterChainProxy.lambda$doFilterInternal$3(FilterChainProxy.java:235)
	at org.springframework.security.web.FilterChainProxy$VirtualFilterChain.doFilter(FilterChainProxy.java:371)
	at org.springframework.security.web.access.intercept.AuthorizationFilter.doFilter(AuthorizationFilter.java:101)
	at org.springframework.security.web.FilterChainProxy$VirtualFilterChain.doFilter(FilterChainProxy.java:380)
	at org.springframework.security.web.access.ExceptionTranslationFilter.doFilter(ExceptionTranslationFilter.java:126)
	at org.springframework.security.web.access.ExceptionTranslationFilter.doFilter(ExceptionTranslationFilter.java:120)
	at org.springframework.security.web.FilterChainProxy$VirtualFilterChain.doFilter(FilterChainProxy.java:380)
	at org.springframework.security.web.authentication.AnonymousAuthenticationFilter.doFilter(AnonymousAuthenticationFilter.java:100)
	at org.springframework.security.web.FilterChainProxy$VirtualFilterChain.doFilter(FilterChainProxy.java:380)
	at org.springframework.security.web.servletapi.SecurityContextHolderAwareRequestFilter.doFilter(SecurityContextHolderAwareRequestFilter.java:181)
	at org.springframework.security.web.FilterChainProxy$VirtualFilterChain.doFilter(FilterChainProxy.java:380)
	at org.springframework.security.web.savedrequest.RequestCacheAwareFilter.doFilter(RequestCacheAwareFilter.java:63)
	at org.springframework.security.web.FilterChainProxy$VirtualFilterChain.doFilter(FilterChainProxy.java:380)
	at org.springframework.web.filter.OncePerRequestFilter.doFilter(OncePerRequestFilter.java:101)
	at org.springframework.security.web.FilterChainProxy$VirtualFilterChain.doFilter(FilterChainProxy.java:380)
	at org.springframework.security.web.authentication.logout.LogoutFilter.doFilter(LogoutFilter.java:110)
	at org.springframework.security.web.authentication.logout.LogoutFilter.doFilter(LogoutFilter.java:96)
	at org.springframework.security.web.FilterChainProxy$VirtualFilterChain.doFilter(FilterChainProxy.java:380)
	at org.springframework.web.filter.OncePerRequestFilter.doFilter(OncePerRequestFilter.java:101)
	at org.springframework.security.web.FilterChainProxy$VirtualFilterChain.doFilter(FilterChainProxy.java:380)
	at org.springframework.web.filter.OncePerRequestFilter.doFilter(OncePerRequestFilter.java:101)
	at org.springframework.security.web.FilterChainProxy$VirtualFilterChain.doFilter(FilterChainProxy.java:380)
	at org.springframework.security.web.context.SecurityContextHolderFilter.doFilter(SecurityContextHolderFilter.java:82)
	at org.springframework.security.web.context.SecurityContextHolderFilter.doFilter(SecurityContextHolderFilter.java:69)
	at org.springframework.security.web.FilterChainProxy$VirtualFilterChain.doFilter(FilterChainProxy.java:380)
	at org.springframework.web.filter.OncePerRequestFilter.doFilter(OncePerRequestFilter.java:101)
	at org.springframework.security.web.FilterChainProxy$VirtualFilterChain.doFilter(FilterChainProxy.java:380)
	at org.springframework.web.filter.OncePerRequestFilter.doFilter(OncePerRequestFilter.java:101)
	at org.springframework.security.web.FilterChainProxy$VirtualFilterChain.doFilter(FilterChainProxy.java:380)
	at org.springframework.security.web.FilterChainProxy.doFilterInternal(FilterChainProxy.java:237)
	at org.springframework.security.web.FilterChainProxy.doFilter(FilterChainProxy.java:195)
	at org.springframework.web.filter.CompositeFilter$VirtualFilterChain.doFilter(CompositeFilter.java:113)
	at org.springframework.web.filter.ServletRequestPathFilter.doFilter(ServletRequestPathFilter.java:52)
	at org.springframework.web.filter.CompositeFilter$VirtualFilterChain.doFilter(CompositeFilter.java:113)
	at org.springframework.web.filter.CompositeFilter.doFilter(CompositeFilter.java:74)
	at org.springframework.security.config.annotation.web.configuration.WebSecurityConfiguration$CompositeFilterChainProxy.doFilter(WebSecurityConfiguration.java:317)
	at org.springframework.web.filter.DelegatingFilterProxy.invokeDelegate(DelegatingFilterProxy.java:355)
	at org.springframework.web.filter.DelegatingFilterProxy.doFilter(DelegatingFilterProxy.java:272)
	at org.apache.catalina.core.ApplicationFilterChain.doFilter(ApplicationFilterChain.java:107)
	at org.springframework.web.filter.RequestContextFilter.doFilterInternal(RequestContextFilter.java:100)
	at org.springframework.web.filter.OncePerRequestFilter.doFilter(OncePerRequestFilter.java:116)
	at org.apache.catalina.core.ApplicationFilterChain.doFilter(ApplicationFilterChain.java:107)
	at org.springframework.web.filter.OncePerRequestFilter.doFilter(OncePerRequestFilter.java:101)
	at org.apache.catalina.core.ApplicationFilterChain.doFilter(ApplicationFilterChain.java:107)
	at org.springframework.web.filter.OncePerRequestFilter.doFilter(OncePerRequestFilter.java:101)
	at org.apache.catalina.core.ApplicationFilterChain.doFilter(ApplicationFilterChain.java:107)
	at org.springframework.web.filter.OncePerRequestFilter.doFilter(OncePerRequestFilter.java:101)
	at org.apache.catalina.core.ApplicationFilterChain.doFilter(ApplicationFilterChain.java:107)
	at org.apache.catalina.core.ApplicationDispatcher.invoke(ApplicationDispatcher.java:513)
	at org.apache.catalina.core.ApplicationDispatcher.dispatch(ApplicationDispatcher.java:441)
	at org.apache.catalina.core.AsyncContextImpl$AsyncRunnable.run(AsyncContextImpl.java:585)
	at org.apache.catalina.core.AsyncContextImpl.doInternalDispatch(AsyncContextImpl.java:340)
	at org.apache.catalina.core.StandardWrapperValve.invoke(StandardWrapperValve.java:163)
	at org.apache.catalina.core.StandardContextValve.invoke(StandardContextValve.java:77)
	at org.apache.catalina.authenticator.AuthenticatorBase.invoke(AuthenticatorBase.java:492)
	at org.apache.catalina.core.StandardHostValve.invoke(StandardHostValve.java:113)
	at org.apache.catalina.valves.ErrorReportValve.invoke(ErrorReportValve.java:83)
	at org.apache.catalina.core.StandardEngineValve.invoke(StandardEngineValve.java:72)
	at org.apache.catalina.connector.CoyoteAdapter.asyncDispatch(CoyoteAdapter.java:238)
	at org.apache.coyote.AbstractProcessor.dispatch(AbstractProcessor.java:242)
	at org.apache.coyote.AbstractProcessorLight.process(AbstractProcessorLight.java:57)
	at org.apache.coyote.AbstractProtocol$ConnectionHandler.process(AbstractProtocol.java:903)
	at org.apache.tomcat.util.net.NioEndpoint$SocketProcessor.doRun(NioEndpoint.java:1779)
	at org.apache.tomcat.util.net.SocketProcessorBase.run(SocketProcessorBase.java:52)
	at org.apache.tomcat.util.threads.ThreadPoolExecutor.runWorker(ThreadPoolExecutor.java:946)
	at org.apache.tomcat.util.threads.ThreadPoolExecutor$Worker.run(ThreadPoolExecutor.java:480)
	at org.apache.tomcat.util.threads.TaskThread$WrappingRunnable.run(TaskThread.java:57)
	at java.base/java.lang.Thread.run(Thread.java:840)
2026-07-05 16:36:35 [http-nio-8081-exec-10] WARN  o.s.w.s.m.s.DefaultHandlerExceptionResolver - Ignoring exception, response committed already: org.springframework.web.context.request.async.AsyncRequestTimeoutException
2026-07-05 16:36:35 [http-nio-8081-exec-6] WARN  o.s.w.s.m.s.DefaultHandlerExceptionResolver - Ignoring exception, response committed already: org.springframework.web.context.request.async.AsyncRequestTimeoutException
2026-07-05 16:36:35 [http-nio-8081-exec-5] WARN  o.s.w.s.m.m.a.ExceptionHandlerExceptionResolver - Failure in @ExceptionHandler com.example.backend.exception.GlobalExceptionHandler#handleException(Exception)
org.springframework.http.converter.HttpMessageNotWritableException: No converter for [class com.example.backend.dto.response.ApiResponse] with preset Content-Type 'text/event-stream'
	at org.springframework.web.servlet.mvc.method.annotation.AbstractMessageConverterMethodProcessor.writeWithMessageConverters(AbstractMessageConverterMethodProcessor.java:364)
	at org.springframework.web.servlet.mvc.method.annotation.HttpEntityMethodProcessor.handleReturnValue(HttpEntityMethodProcessor.java:261)
	at org.springframework.web.method.support.HandlerMethodReturnValueHandlerComposite.handleReturnValue(HandlerMethodReturnValueHandlerComposite.java:78)
	at org.springframework.web.servlet.mvc.method.annotation.ServletInvocableHandlerMethod.invokeAndHandle(ServletInvocableHandlerMethod.java:135)
	at org.springframework.web.servlet.mvc.method.annotation.ExceptionHandlerExceptionResolver.doResolveHandlerMethodException(ExceptionHandlerExceptionResolver.java:460)
	at org.springframework.web.servlet.handler.AbstractHandlerMethodExceptionResolver.doResolveException(AbstractHandlerMethodExceptionResolver.java:72)
	at org.springframework.web.servlet.handler.AbstractHandlerExceptionResolver.resolveException(AbstractHandlerExceptionResolver.java:176)
	at org.springframework.web.servlet.handler.HandlerExceptionResolverComposite.resolveException(HandlerExceptionResolverComposite.java:78)
	at org.springframework.web.servlet.DispatcherServlet.processHandlerException(DispatcherServlet.java:1227)
	at org.springframework.web.servlet.DispatcherServlet.processDispatchResult(DispatcherServlet.java:1035)
	at org.springframework.web.servlet.DispatcherServlet.doDispatch(DispatcherServlet.java:980)
	at org.springframework.web.servlet.DispatcherServlet.doService(DispatcherServlet.java:866)
	at org.springframework.web.servlet.FrameworkServlet.processRequest(FrameworkServlet.java:1000)
	at org.springframework.web.servlet.FrameworkServlet.doGet(FrameworkServlet.java:892)
	at jakarta.servlet.http.HttpServlet.service(HttpServlet.java:622)
	at org.springframework.web.servlet.FrameworkServlet.service(FrameworkServlet.java:874)
	at jakarta.servlet.http.HttpServlet.service(HttpServlet.java:710)
	at org.apache.catalina.core.ApplicationFilterChain.doFilter(ApplicationFilterChain.java:128)
	at org.springframework.web.filter.OncePerRequestFilter.doFilter(OncePerRequestFilter.java:101)
	at org.apache.catalina.core.ApplicationFilterChain.doFilter(ApplicationFilterChain.java:107)
	at org.springframework.web.filter.CompositeFilter$VirtualFilterChain.doFilter(CompositeFilter.java:108)
	at org.springframework.security.web.FilterChainProxy.lambda$doFilterInternal$3(FilterChainProxy.java:235)
	at org.springframework.security.web.FilterChainProxy$VirtualFilterChain.doFilter(FilterChainProxy.java:371)
	at org.springframework.security.web.access.intercept.AuthorizationFilter.doFilter(AuthorizationFilter.java:101)
	at org.springframework.security.web.FilterChainProxy$VirtualFilterChain.doFilter(FilterChainProxy.java:380)
	at org.springframework.security.web.access.ExceptionTranslationFilter.doFilter(ExceptionTranslationFilter.java:126)
	at org.springframework.security.web.access.ExceptionTranslationFilter.doFilter(ExceptionTranslationFilter.java:120)
	at org.springframework.security.web.FilterChainProxy$VirtualFilterChain.doFilter(FilterChainProxy.java:380)
	at org.springframework.security.web.authentication.AnonymousAuthenticationFilter.doFilter(AnonymousAuthenticationFilter.java:100)
	at org.springframework.security.web.FilterChainProxy$VirtualFilterChain.doFilter(FilterChainProxy.java:380)
	at org.springframework.security.web.servletapi.SecurityContextHolderAwareRequestFilter.doFilter(SecurityContextHolderAwareRequestFilter.java:181)
	at org.springframework.security.web.FilterChainProxy$VirtualFilterChain.doFilter(FilterChainProxy.java:380)
	at org.springframework.security.web.savedrequest.RequestCacheAwareFilter.doFilter(RequestCacheAwareFilter.java:63)
	at org.springframework.security.web.FilterChainProxy$VirtualFilterChain.doFilter(FilterChainProxy.java:380)
	at org.springframework.web.filter.OncePerRequestFilter.doFilter(OncePerRequestFilter.java:101)
	at org.springframework.security.web.FilterChainProxy$VirtualFilterChain.doFilter(FilterChainProxy.java:380)
	at org.springframework.security.web.authentication.logout.LogoutFilter.doFilter(LogoutFilter.java:110)
	at org.springframework.security.web.authentication.logout.LogoutFilter.doFilter(LogoutFilter.java:96)
	at org.springframework.security.web.FilterChainProxy$VirtualFilterChain.doFilter(FilterChainProxy.java:380)
	at org.springframework.web.filter.OncePerRequestFilter.doFilter(OncePerRequestFilter.java:101)
	at org.springframework.security.web.FilterChainProxy$VirtualFilterChain.doFilter(FilterChainProxy.java:380)
	at org.springframework.web.filter.OncePerRequestFilter.doFilter(OncePerRequestFilter.java:101)
	at org.springframework.security.web.FilterChainProxy$VirtualFilterChain.doFilter(FilterChainProxy.java:380)
	at org.springframework.security.web.context.SecurityContextHolderFilter.doFilter(SecurityContextHolderFilter.java:82)
	at org.springframework.security.web.context.SecurityContextHolderFilter.doFilter(SecurityContextHolderFilter.java:69)
	at org.springframework.security.web.FilterChainProxy$VirtualFilterChain.doFilter(FilterChainProxy.java:380)
	at org.springframework.web.filter.OncePerRequestFilter.doFilter(OncePerRequestFilter.java:101)
	at org.springframework.security.web.FilterChainProxy$VirtualFilterChain.doFilter(FilterChainProxy.java:380)
	at org.springframework.web.filter.OncePerRequestFilter.doFilter(OncePerRequestFilter.java:101)
	at org.springframework.security.web.FilterChainProxy$VirtualFilterChain.doFilter(FilterChainProxy.java:380)
	at org.springframework.security.web.FilterChainProxy.doFilterInternal(FilterChainProxy.java:237)
	at org.springframework.security.web.FilterChainProxy.doFilter(FilterChainProxy.java:195)
	at org.springframework.web.filter.CompositeFilter$VirtualFilterChain.doFilter(CompositeFilter.java:113)
	at org.springframework.web.filter.ServletRequestPathFilter.doFilter(ServletRequestPathFilter.java:52)
	at org.springframework.web.filter.CompositeFilter$VirtualFilterChain.doFilter(CompositeFilter.java:113)
	at org.springframework.web.filter.CompositeFilter.doFilter(CompositeFilter.java:74)
	at org.springframework.security.config.annotation.web.configuration.WebSecurityConfiguration$CompositeFilterChainProxy.doFilter(WebSecurityConfiguration.java:317)
	at org.springframework.web.filter.DelegatingFilterProxy.invokeDelegate(DelegatingFilterProxy.java:355)
	at org.springframework.web.filter.DelegatingFilterProxy.doFilter(DelegatingFilterProxy.java:272)
	at org.apache.catalina.core.ApplicationFilterChain.doFilter(ApplicationFilterChain.java:107)
	at org.springframework.web.filter.RequestContextFilter.doFilterInternal(RequestContextFilter.java:100)
	at org.springframework.web.filter.OncePerRequestFilter.doFilter(OncePerRequestFilter.java:116)
	at org.apache.catalina.core.ApplicationFilterChain.doFilter(ApplicationFilterChain.java:107)
	at org.springframework.web.filter.OncePerRequestFilter.doFilter(OncePerRequestFilter.java:101)
	at org.apache.catalina.core.ApplicationFilterChain.doFilter(ApplicationFilterChain.java:107)
	at org.springframework.web.filter.OncePerRequestFilter.doFilter(OncePerRequestFilter.java:101)
	at org.apache.catalina.core.ApplicationFilterChain.doFilter(ApplicationFilterChain.java:107)
	at org.springframework.web.filter.OncePerRequestFilter.doFilter(OncePerRequestFilter.java:101)
	at org.apache.catalina.core.ApplicationFilterChain.doFilter(ApplicationFilterChain.java:107)
	at org.apache.catalina.core.ApplicationDispatcher.invoke(ApplicationDispatcher.java:513)
	at org.apache.catalina.core.ApplicationDispatcher.dispatch(ApplicationDispatcher.java:441)
	at org.apache.catalina.core.AsyncContextImpl$AsyncRunnable.run(AsyncContextImpl.java:585)
	at org.apache.catalina.core.AsyncContextImpl.doInternalDispatch(AsyncContextImpl.java:340)
	at org.apache.catalina.core.StandardWrapperValve.invoke(StandardWrapperValve.java:163)
	at org.apache.catalina.core.StandardContextValve.invoke(StandardContextValve.java:77)
	at org.apache.catalina.authenticator.AuthenticatorBase.invoke(AuthenticatorBase.java:492)
	at org.apache.catalina.core.StandardHostValve.invoke(StandardHostValve.java:113)
	at org.apache.catalina.valves.ErrorReportValve.invoke(ErrorReportValve.java:83)
	at org.apache.catalina.core.StandardEngineValve.invoke(StandardEngineValve.java:72)
	at org.apache.catalina.connector.CoyoteAdapter.asyncDispatch(CoyoteAdapter.java:238)
	at org.apache.coyote.AbstractProcessor.dispatch(AbstractProcessor.java:242)
	at org.apache.coyote.AbstractProcessorLight.process(AbstractProcessorLight.java:57)
	at org.apache.coyote.AbstractProtocol$ConnectionHandler.process(AbstractProtocol.java:903)
	at org.apache.tomcat.util.net.NioEndpoint$SocketProcessor.doRun(NioEndpoint.java:1779)
	at org.apache.tomcat.util.net.SocketProcessorBase.run(SocketProcessorBase.java:52)
	at org.apache.tomcat.util.threads.ThreadPoolExecutor.runWorker(ThreadPoolExecutor.java:946)
	at org.apache.tomcat.util.threads.ThreadPoolExecutor$Worker.run(ThreadPoolExecutor.java:480)
	at org.apache.tomcat.util.threads.TaskThread$WrappingRunnable.run(TaskThread.java:57)
	at java.base/java.lang.Thread.run(Thread.java:840)
2026-07-05 16:36:35 [http-nio-8081-exec-5] WARN  o.s.w.s.m.s.DefaultHandlerExceptionResolver - Ignoring exception, response committed already: org.springframework.web.context.request.async.AsyncRequestTimeoutException
2026-07-05 16:36:35 [http-nio-8081-exec-10] WARN  o.s.w.s.m.s.DefaultHandlerExceptionResolver - Resolved [org.springframework.web.context.request.async.AsyncRequestTimeoutException]
2026-07-05 16:36:35 [http-nio-8081-exec-6] WARN  o.s.w.s.m.s.DefaultHandlerExceptionResolver - Resolved [org.springframework.web.context.request.async.AsyncRequestTimeoutException]
2026-07-05 16:36:35 [http-nio-8081-exec-5] WARN  o.s.w.s.m.s.DefaultHandlerExceptionResolver - Resolved [org.springframework.web.context.request.async.AsyncRequestTimeoutException]
2026-07-05 16:36:35 [http-nio-8081-exec-5] DEBUG o.s.s.w.a.AnonymousAuthenticationFilter - Set SecurityContextHolder to anonymous SecurityContext
2026-07-05 16:36:35 [http-nio-8081-exec-10] DEBUG o.s.s.w.a.AnonymousAuthenticationFilter - Set SecurityContextHolder to anonymous SecurityContext
2026-07-05 16:36:35 [http-nio-8081-exec-6] DEBUG o.s.s.w.a.AnonymousAuthenticationFilter - Set SecurityContextHolder to anonymous SecurityContext
2026-07-05 16:36:35 [SpringApplicationShutdownHook] INFO  o.s.m.s.b.SimpleBrokerMessageHandler - Stopping...
2026-07-05 16:36:35 [SpringApplicationShutdownHook] INFO  o.s.m.s.b.SimpleBrokerMessageHandler - BrokerAvailabilityEvent[available=false, SimpleBrokerMessageHandler [org.springframework.messaging.simp.broker.DefaultSubscriptionRegistry@6448398f]]
2026-07-05 16:36:35 [SpringApplicationShutdownHook] INFO  o.s.m.s.b.SimpleBrokerMessageHandler - Stopped.
2026-07-05 16:36:35 [SpringApplicationShutdownHook] INFO  o.s.o.j.LocalContainerEntityManagerFactoryBean - Closing JPA EntityManagerFactory for persistence unit 'default'
2026-07-05 16:36:35 [SpringApplicationShutdownHook] INFO  com.zaxxer.hikari.HikariDataSource - HikariPool-1 - Shutdown initiated...
2026-07-05 16:36:35 [SpringApplicationShutdownHook] INFO  com.zaxxer.hikari.HikariDataSource - HikariPool-1 - Shutdown completed.
2026-07-05 16:41:56 [main] INFO  c.example.backend.BackendApplication - Starting BackendApplication using Java 17.0.18 with PID 7136 (D:\DATN\VietnamPhoto\backend\target\classes started by Tuna in D:\DATN\VietnamPhoto)
2026-07-05 16:41:56 [main] DEBUG c.example.backend.BackendApplication - Running with Spring Boot v4.0.3, Spring v7.0.5
2026-07-05 16:41:56 [main] INFO  c.example.backend.BackendApplication - No active profile set, falling back to 1 default profile: "default"
2026-07-05 16:41:56 [background-preinit] INFO  o.h.validator.internal.util.Version - HV000001: Hibernate Validator 9.0.1.Final
2026-07-05 16:41:57 [main] INFO  o.s.d.r.c.RepositoryConfigurationDelegate - Bootstrapping Spring Data JPA repositories in DEFAULT mode.
2026-07-05 16:41:57 [main] INFO  o.s.d.r.c.RepositoryConfigurationDelegate - Finished Spring Data repository scanning in 133 ms. Found 17 JPA repository interfaces.
2026-07-05 16:41:58 [main] INFO  o.s.boot.tomcat.TomcatWebServer - Tomcat initialized with port 8081 (http)
2026-07-05 16:41:58 [main] INFO  o.a.coyote.http11.Http11NioProtocol - Initializing ProtocolHandler ["http-nio-8081"]
2026-07-05 16:41:58 [main] INFO  o.a.catalina.core.StandardService - Starting service [Tomcat]
2026-07-05 16:41:58 [main] INFO  o.a.catalina.core.StandardEngine - Starting Servlet engine: [Apache Tomcat/11.0.18]
2026-07-05 16:41:58 [main] INFO  o.s.b.w.c.s.WebApplicationContextInitializer - Root WebApplicationContext: initialization completed in 2321 ms
2026-07-05 16:41:59 [main] DEBUG c.e.b.config.security.JwtFilter - Filter 'jwtFilter' configured for use
2026-07-05 16:41:59 [main] INFO  org.hibernate.orm.jpa - HHH008540: Processing PersistenceUnitInfo [name: default]
2026-07-05 16:41:59 [main] INFO  org.hibernate.orm.core - HHH000001: Hibernate ORM core version 7.2.4.Final
2026-07-05 16:42:00 [main] INFO  o.s.o.j.p.SpringPersistenceUnitInfo - No LoadTimeWeaver setup: ignoring JPA class transformer
2026-07-05 16:42:00 [main] INFO  com.zaxxer.hikari.HikariDataSource - HikariPool-1 - Starting...
2026-07-05 16:42:00 [main] INFO  com.zaxxer.hikari.pool.HikariPool - HikariPool-1 - Added connection com.mysql.cj.jdbc.ConnectionImpl@5617168c
2026-07-05 16:42:00 [main] INFO  com.zaxxer.hikari.HikariDataSource - HikariPool-1 - Start completed.
2026-07-05 16:42:00 [main] INFO  o.hibernate.orm.connections.pooling - HHH10001005: Database info:
	Database JDBC URL [jdbc:mysql://localhost:3306/VNScout?serverTimezone=Asia/Ho_Chi_Minh&useSSL=false&allowPublicKeyRetrieval=true]
	Database driver: MySQL Connector/J
	Database dialect: MySQLDialect
	Database version: 8.0.46
	Default catalog/schema: VNScout/undefined
	Autocommit mode: undefined/unknown
	Isolation level: REPEATABLE_READ [default REPEATABLE_READ]
	JDBC fetch size: none
	Pool: DataSourceConnectionProvider
	Minimum pool size: undefined/unknown
	Maximum pool size: undefined/unknown
2026-07-05 16:42:01 [main] INFO  org.hibernate.orm.core - HHH000489: No JTA platform available (set 'hibernate.transaction.jta.platform' to enable JTA platform integration)
2026-07-05 16:42:01 [main] INFO  o.s.o.j.LocalContainerEntityManagerFactoryBean - Initialized JPA EntityManagerFactory for persistence unit 'default'
2026-07-05 16:42:02 [main] INFO  o.s.d.j.r.q.QueryEnhancerFactories - Hibernate is in classpath; If applicable, HQL parser will be used.
2026-07-05 16:42:04 [main] INFO  c.e.b.s.banned.BadWordFilterService - Loaded 578 bad words from database into memory.
2026-07-05 16:42:04 [main] WARN  o.s.b.j.a.JpaBaseConfiguration$JpaWebConfiguration - spring.jpa.open-in-view is enabled by default. Therefore, database queries may be performed during view rendering. Explicitly configure spring.jpa.open-in-view to disable this warning
2026-07-05 16:42:04 [main] WARN  o.s.b.s.a.UserDetailsServiceAutoConfiguration - 

Using generated security password: 0dab7000-532c-47d6-ac24-7c29aaa32d03

This generated password is for development use only. Your security configuration must be updated before running your application in production.

2026-07-05 16:42:04 [main] INFO  o.s.s.c.a.a.c.InitializeUserDetailsBeanManagerConfigurer$InitializeUserDetailsManagerConfigurer - Global AuthenticationManager configured with UserDetailsService bean with name inMemoryUserDetailsManager
2026-07-05 16:42:05 [main] DEBUG o.s.s.web.DefaultSecurityFilterChain - Will secure any request with filters: DisableEncodeUrlFilter, WebAsyncManagerIntegrationFilter, SecurityContextHolderFilter, HeaderWriterFilter, CorsFilter, LogoutFilter, JwtFilter, RequestCacheAwareFilter, SecurityContextHolderAwareRequestFilter, AnonymousAuthenticationFilter, ExceptionTranslationFilter, AuthorizationFilter
2026-07-05 16:42:05 [main] INFO  o.s.m.s.b.SimpleBrokerMessageHandler - Starting...
2026-07-05 16:42:05 [main] INFO  o.s.m.s.b.SimpleBrokerMessageHandler - BrokerAvailabilityEvent[available=true, SimpleBrokerMessageHandler [org.springframework.messaging.simp.broker.DefaultSubscriptionRegistry@1d39c3ce]]
2026-07-05 16:42:05 [main] INFO  o.s.m.s.b.SimpleBrokerMessageHandler - Started.
2026-07-05 16:42:05 [main] INFO  o.a.coyote.http11.Http11NioProtocol - Starting ProtocolHandler ["http-nio-8081"]
2026-07-05 16:42:05 [main] INFO  o.s.boot.tomcat.TomcatWebServer - Tomcat started on port 8081 (http) with context path '/'
2026-07-05 16:42:05 [main] INFO  c.example.backend.BackendApplication - Started BackendApplication in 9.537 seconds (process running for 10.082)
2026-07-05 16:42:05 [main] INFO  c.e.b.c.i.BannedWordDataInitializer - Banned words already initialized. Skip import.
2026-07-05 16:42:05 [http-nio-8081-exec-1] INFO  o.a.c.c.C.[Tomcat].[localhost].[/] - Initializing Spring DispatcherServlet 'dispatcherServlet'
2026-07-05 16:42:05 [http-nio-8081-exec-1] INFO  o.s.web.servlet.DispatcherServlet - Initializing Servlet 'dispatcherServlet'
2026-07-05 16:42:05 [http-nio-8081-exec-1] INFO  o.s.web.servlet.DispatcherServlet - Completed initialization in 1 ms
2026-07-05 16:42:05 [http-nio-8081-exec-1] DEBUG o.s.security.web.FilterChainProxy - Securing GET /api/v1/notifications/stream?token=eyJhbGciOiJIUzI1NiJ9.eyJzdWIiOiJUdW5hLWFkbWluIiwicGVybWlzc2lvbnMiOlsiUk9MRV9BRE1JTiJdLCJpc3MiOiJkZXZ0ZXJpYS5jb20iLCJleHAiOjE3Nzk1MjAyNzUsImlhdCI6MTc3OTUxMzA3NSwidXNlcklkIjoiMGZiN2VkZjMtYzQ5YS00NTQ5LTg4YzUtNDk5OTMxNGEzMzFlIn0.bJu3f8N3VUhzhAlzxn07v98jJkgoo3H20isKAEyAScU
2026-07-05 16:42:05 [http-nio-8081-exec-1] WARN  o.s.w.s.h.HandlerMappingIntrospector - Cache miss for REQUEST dispatch to '/api/v1/notifications/stream' (previous null). Performing CorsConfiguration lookup. This is logged once only at WARN level, and every time at TRACE.
2026-07-05 16:42:05 [http-nio-8081-exec-1] DEBUG o.s.security.web.FilterChainProxy - Secured GET /api/v1/notifications/stream?token=eyJhbGciOiJIUzI1NiJ9.eyJzdWIiOiJUdW5hLWFkbWluIiwicGVybWlzc2lvbnMiOlsiUk9MRV9BRE1JTiJdLCJpc3MiOiJkZXZ0ZXJpYS5jb20iLCJleHAiOjE3Nzk1MjAyNzUsImlhdCI6MTc3OTUxMzA3NSwidXNlcklkIjoiMGZiN2VkZjMtYzQ5YS00NTQ5LTg4YzUtNDk5OTMxNGEzMzFlIn0.bJu3f8N3VUhzhAlzxn07v98jJkgoo3H20isKAEyAScU
2026-07-05 16:42:07 [http-nio-8081-exec-2] DEBUG o.s.security.web.FilterChainProxy - Securing GET /api/v1/notifications/stream?token=eyJhbGciOiJIUzI1NiJ9.eyJzdWIiOiJ0dW50dW4iLCJwZXJtaXNzaW9ucyI6WyJST0xFX1VTRVIiXSwiaXNzIjoiZGV2dGVyaWEuY29tIiwiZXhwIjoxNzgzMjUxMDA4LCJpYXQiOjE3ODMyNDM4MDgsInVzZXJJZCI6ImQ4YmQ2ZmFkLWY3ZjktNGM0ZS05MDc3LWJiMTBkZDcxYzc5NiJ9.DV-ZEyKnBzO7cZfY2Xnyk_gSG2yuPaRULFaRY5WlkFo
2026-07-05 16:42:07 [http-nio-8081-exec-2] DEBUG o.s.security.web.FilterChainProxy - Secured GET /api/v1/notifications/stream?token=eyJhbGciOiJIUzI1NiJ9.eyJzdWIiOiJ0dW50dW4iLCJwZXJtaXNzaW9ucyI6WyJST0xFX1VTRVIiXSwiaXNzIjoiZGV2dGVyaWEuY29tIiwiZXhwIjoxNzgzMjUxMDA4LCJpYXQiOjE3ODMyNDM4MDgsInVzZXJJZCI6ImQ4YmQ2ZmFkLWY3ZjktNGM0ZS05MDc3LWJiMTBkZDcxYzc5NiJ9.DV-ZEyKnBzO7cZfY2Xnyk_gSG2yuPaRULFaRY5WlkFo
2026-07-05 16:42:17 [http-nio-8081-exec-5] DEBUG o.s.security.web.FilterChainProxy - Securing GET /api/locations?level=2&size=1000
2026-07-05 16:42:17 [http-nio-8081-exec-6] DEBUG o.s.security.web.FilterChainProxy - Securing GET /users/me
2026-07-05 16:42:17 [http-nio-8081-exec-6] DEBUG o.s.security.web.FilterChainProxy - Secured GET /users/me
2026-07-05 16:42:17 [http-nio-8081-exec-5] DEBUG o.s.security.web.FilterChainProxy - Secured GET /api/locations?level=2&size=1000
2026-07-05 16:42:17 [http-nio-8081-exec-5] WARN  o.s.d.w.c.SpringDataJackson3Configuration$PageModule$WarningLoggingModifier - Serializing PageImpl instances as-is is not supported, meaning that there is no guarantee about the stability of the resulting JSON structure!
	For a stable JSON structure, please use Spring Data's PagedModel (globally via @EnableSpringDataWebSupport(pageSerializationMode = VIA_DTO))
	or Spring HATEOAS and Spring Data's PagedResourcesAssembler as documented in https://docs.spring.io/spring-data/commons/reference/repositories/core-extensions.html#core.web.pageables.

2026-07-05 16:42:18 [http-nio-8081-exec-8] DEBUG o.s.security.web.FilterChainProxy - Securing GET /api/v1/notifications/unread-count
2026-07-05 16:42:18 [http-nio-8081-exec-8] DEBUG o.s.security.web.FilterChainProxy - Secured GET /api/v1/notifications/unread-count
2026-07-05 16:42:18 [http-nio-8081-exec-9] DEBUG o.s.security.web.FilterChainProxy - Securing GET /api/v1/notifications/stream?token=eyJhbGciOiJIUzI1NiJ9.eyJzdWIiOiJ0dW50dW4iLCJwZXJtaXNzaW9ucyI6WyJST0xFX1VTRVIiXSwiaXNzIjoiZGV2dGVyaWEuY29tIiwiZXhwIjoxNzgzMjUxMDA4LCJpYXQiOjE3ODMyNDM4MDgsInVzZXJJZCI6ImQ4YmQ2ZmFkLWY3ZjktNGM0ZS05MDc3LWJiMTBkZDcxYzc5NiJ9.DV-ZEyKnBzO7cZfY2Xnyk_gSG2yuPaRULFaRY5WlkFo
2026-07-05 16:42:18 [http-nio-8081-exec-9] DEBUG o.s.security.web.FilterChainProxy - Secured GET /api/v1/notifications/stream?token=eyJhbGciOiJIUzI1NiJ9.eyJzdWIiOiJ0dW50dW4iLCJwZXJtaXNzaW9ucyI6WyJST0xFX1VTRVIiXSwiaXNzIjoiZGV2dGVyaWEuY29tIiwiZXhwIjoxNzgzMjUxMDA4LCJpYXQiOjE3ODMyNDM4MDgsInVzZXJJZCI6ImQ4YmQ2ZmFkLWY3ZjktNGM0ZS05MDc3LWJiMTBkZDcxYzc5NiJ9.DV-ZEyKnBzO7cZfY2Xnyk_gSG2yuPaRULFaRY5WlkFo
2026-07-05 16:42:18 [http-nio-8081-exec-2] DEBUG o.s.security.web.FilterChainProxy - Securing GET /chat/conversations
2026-07-05 16:42:18 [http-nio-8081-exec-2] DEBUG o.s.security.web.FilterChainProxy - Secured GET /chat/conversations
2026-07-05 16:42:18 [http-nio-8081-exec-3] DEBUG o.s.security.web.FilterChainProxy - Securing GET /api/v1/notifications/unread-count
2026-07-05 16:42:18 [http-nio-8081-exec-3] DEBUG o.s.security.web.FilterChainProxy - Secured GET /api/v1/notifications/unread-count
2026-07-05 16:42:18 [http-nio-8081-exec-4] DEBUG o.s.security.web.FilterChainProxy - Securing GET /chat/conversations
2026-07-05 16:42:18 [http-nio-8081-exec-4] DEBUG o.s.security.web.FilterChainProxy - Secured GET /chat/conversations
2026-07-05 16:42:19 [http-nio-8081-exec-10] DEBUG o.s.security.web.FilterChainProxy - Securing GET /api/admin/stats
2026-07-05 16:42:19 [http-nio-8081-exec-10] DEBUG o.s.security.web.FilterChainProxy - Secured GET /api/admin/stats
2026-07-05 16:42:19 [http-nio-8081-exec-1] DEBUG o.s.security.web.FilterChainProxy - Securing GET /api/admin/locations?page=0&size=10
2026-07-05 16:42:19 [http-nio-8081-exec-8] DEBUG o.s.security.web.FilterChainProxy - Securing GET /api/admin/reports?status=PENDING&size=20
2026-07-05 16:42:19 [http-nio-8081-exec-8] DEBUG o.s.security.web.FilterChainProxy - Secured GET /api/admin/reports?status=PENDING&size=20
2026-07-05 16:42:19 [http-nio-8081-exec-1] DEBUG o.s.security.web.FilterChainProxy - Secured GET /api/admin/locations?page=0&size=10
2026-07-05 16:42:19 [http-nio-8081-exec-10] DEBUG o.s.s.a.m.AuthorizationManagerBeforeMethodInterceptor - Authorizing method invocation ReflectiveMethodInvocation: public com.example.backend.dto.response.ApiResponse com.example.backend.controller.AdminController.getStats(); target is of class [com.example.backend.controller.AdminController]
2026-07-05 16:42:19 [http-nio-8081-exec-3] DEBUG o.s.security.web.FilterChainProxy - Securing GET /users/me
2026-07-05 16:42:19 [http-nio-8081-exec-1] DEBUG o.s.s.a.m.AuthorizationManagerBeforeMethodInterceptor - Authorizing method invocation ReflectiveMethodInvocation: public com.example.backend.dto.response.ApiResponse com.example.backend.controller.AdminController.getAllLocations(int,int); target is of class [com.example.backend.controller.AdminController]
2026-07-05 16:42:19 [http-nio-8081-exec-3] DEBUG o.s.security.web.FilterChainProxy - Secured GET /users/me
2026-07-05 16:42:19 [http-nio-8081-exec-8] DEBUG o.s.s.a.m.AuthorizationManagerBeforeMethodInterceptor - Authorizing method invocation ReflectiveMethodInvocation: public com.example.backend.dto.response.ApiResponse com.example.backend.controller.AdminController.getReports(java.lang.String,int,int); target is of class [com.example.backend.controller.AdminController]
2026-07-05 16:42:19 [http-nio-8081-exec-1] DEBUG o.s.s.a.m.AuthorizationManagerBeforeMethodInterceptor - Authorized method invocation ReflectiveMethodInvocation: public com.example.backend.dto.response.ApiResponse com.example.backend.controller.AdminController.getAllLocations(int,int); target is of class [com.example.backend.controller.AdminController]
2026-07-05 16:42:19 [http-nio-8081-exec-8] DEBUG o.s.s.a.m.AuthorizationManagerBeforeMethodInterceptor - Authorized method invocation ReflectiveMethodInvocation: public com.example.backend.dto.response.ApiResponse com.example.backend.controller.AdminController.getReports(java.lang.String,int,int); target is of class [com.example.backend.controller.AdminController]
2026-07-05 16:42:19 [http-nio-8081-exec-10] DEBUG o.s.s.a.m.AuthorizationManagerBeforeMethodInterceptor - Authorized method invocation ReflectiveMethodInvocation: public com.example.backend.dto.response.ApiResponse com.example.backend.controller.AdminController.getStats(); target is of class [com.example.backend.controller.AdminController]
2026-07-05 16:42:19 [http-nio-8081-exec-6] DEBUG o.s.security.web.FilterChainProxy - Securing GET /api/v1/notifications/unread-count
2026-07-05 16:42:19 [http-nio-8081-exec-6] DEBUG o.s.security.web.FilterChainProxy - Secured GET /api/v1/notifications/unread-count
2026-07-05 16:42:19 [http-nio-8081-exec-5] DEBUG o.s.security.web.FilterChainProxy - Securing GET /api/v1/notifications/stream?token=eyJhbGciOiJIUzI1NiJ9.eyJzdWIiOiJUdW5hLWFkbWluIiwicGVybWlzc2lvbnMiOlsiUk9MRV9BRE1JTiJdLCJpc3MiOiJkZXZ0ZXJpYS5jb20iLCJleHAiOjE3Nzk1MjAyNzUsImlhdCI6MTc3OTUxMzA3NSwidXNlcklkIjoiMGZiN2VkZjMtYzQ5YS00NTQ5LTg4YzUtNDk5OTMxNGEzMzFlIn0.bJu3f8N3VUhzhAlzxn07v98jJkgoo3H20isKAEyAScU
2026-07-05 16:42:19 [http-nio-8081-exec-5] DEBUG o.s.security.web.FilterChainProxy - Secured GET /api/v1/notifications/stream?token=eyJhbGciOiJIUzI1NiJ9.eyJzdWIiOiJUdW5hLWFkbWluIiwicGVybWlzc2lvbnMiOlsiUk9MRV9BRE1JTiJdLCJpc3MiOiJkZXZ0ZXJpYS5jb20iLCJleHAiOjE3Nzk1MjAyNzUsImlhdCI6MTc3OTUxMzA3NSwidXNlcklkIjoiMGZiN2VkZjMtYzQ5YS00NTQ5LTg4YzUtNDk5OTMxNGEzMzFlIn0.bJu3f8N3VUhzhAlzxn07v98jJkgoo3H20isKAEyAScU
2026-07-05 16:42:19 [http-nio-8081-exec-8] DEBUG o.s.security.web.FilterChainProxy - Securing GET /chat/conversations
2026-07-05 16:42:19 [http-nio-8081-exec-3] DEBUG o.s.security.web.FilterChainProxy - Securing GET /api/v1/notifications/unread-count
2026-07-05 16:42:19 [http-nio-8081-exec-3] DEBUG o.s.security.web.FilterChainProxy - Secured GET /api/v1/notifications/unread-count
2026-07-05 16:42:19 [http-nio-8081-exec-8] DEBUG o.s.security.web.FilterChainProxy - Secured GET /chat/conversations
2026-07-05 16:42:19 [http-nio-8081-exec-1] DEBUG o.s.security.web.FilterChainProxy - Securing GET /chat/conversations
2026-07-05 16:42:19 [http-nio-8081-exec-1] DEBUG o.s.security.web.FilterChainProxy - Secured GET /chat/conversations
2026-07-05 16:42:22 [http-nio-8081-exec-4] DEBUG o.s.security.web.FilterChainProxy - Securing GET /api/vietmap/proxy?path=api/search/v3&text=ch%C3%B9a%20%C4%91%E1%BB%8Ba%20t%E1%BA%A1ng&size=5
2026-07-05 16:42:22 [http-nio-8081-exec-4] DEBUG o.s.security.web.FilterChainProxy - Secured GET /api/vietmap/proxy?path=api/search/v3&text=ch%C3%B9a%20%C4%91%E1%BB%8Ba%20t%E1%BA%A1ng&size=5
2026-07-05 16:42:24 [http-nio-8081-exec-10] DEBUG o.s.security.web.FilterChainProxy - Securing GET /api/vietmap/proxy?path=api/place/v3&refid=vm%3APOI%3AZLVQ5KQC4CQ6TQG1
2026-07-05 16:42:24 [http-nio-8081-exec-10] DEBUG o.s.security.web.FilterChainProxy - Secured GET /api/vietmap/proxy?path=api/place/v3&refid=vm%3APOI%3AZLVQ5KQC4CQ6TQG1
2026-07-05 16:42:27 [http-nio-8081-exec-9] DEBUG o.s.security.web.FilterChainProxy - Securing GET /api/vietmap/reverse?lat=20.445204&lng=105.952492
2026-07-05 16:42:27 [http-nio-8081-exec-9] DEBUG o.s.security.web.FilterChainProxy - Secured GET /api/vietmap/reverse?lat=20.445204&lng=105.952492
2026-07-05 16:42:27 [http-nio-8081-exec-9] DEBUG c.e.b.u.v.impl.VietMapServiceImpl - Calling VietMap reverse with lat=20.445204, lng=105.952492
2026-07-05 16:42:42 [http-nio-8081-exec-3] DEBUG o.s.security.web.FilterChainProxy - Securing POST /api/locations
2026-07-05 16:42:42 [http-nio-8081-exec-3] DEBUG o.s.security.web.FilterChainProxy - Secured POST /api/locations
2026-07-05 16:42:43 [http-nio-8081-exec-3] DEBUG c.e.b.u.v.impl.VietMapServiceImpl - Calling VietMap reverse with lat=20.445204, lng=105.952492
2026-07-05 16:42:52 [http-nio-8081-exec-1] DEBUG o.s.security.web.FilterChainProxy - Securing POST /api/photos/upload
2026-07-05 16:42:52 [http-nio-8081-exec-1] DEBUG o.s.security.web.FilterChainProxy - Secured POST /api/photos/upload
2026-07-05 16:42:57 [PhotoWorker-1] DEBUG c.e.b.u.gemini.GeminiModerationUtils - [Gemini Moderation] HTTP status=200 OK
2026-07-05 16:42:57 [PhotoWorker-1] DEBUG c.e.b.u.gemini.GeminiModerationUtils - [Gemini Moderation] raw text: {"label": "SAFE", "reason": "Hình ảnh ghi lại kiến trúc truyền thống, mái ngói và các chi tiết trang trí nghệ thuật trong một không gian văn hóa, tâm linh, hoàn toàn phù hợp với tiêu chuẩn an toàn."}
2026-07-05 16:42:57 [PhotoWorker-1] INFO  c.e.b.u.gemini.GeminiModerationUtils - [Gemini Moderation] label=SAFE score=0.0 reason=Hình ảnh ghi lại kiến trúc truyền thống, mái ngói và các chi tiết trang trí nghệ thuật trong một không gian văn hóa, tâm linh, hoàn toàn phù hợp với tiêu chuẩn an toàn.
2026-07-05 16:42:57 [PhotoWorker-1] DEBUG c.e.b.u.v.impl.VietMapServiceImpl - Calling VietMap reverse with lat=20.4451240, lng=105.9524940
2026-07-05 16:43:02 [PhotoWorker-1] INFO  c.e.b.s.p.i.PhotoUploadServiceImpl - Uploaded photo file=IMG_20260630_161100.jpg thread=PhotoWorker-1 moderation=SAFE
2026-07-05 16:43:05 [MessageBroker-1] INFO  o.s.w.s.c.WebSocketMessageBrokerStats - WebSocketSession[0 current WS(0)-HttpStream(0)-HttpPoll(0), 0 total, 0 closed abnormally (0 connect failure, 0 send limit, 0 transport error)], stompSubProtocol[processed CONNECT(0)-CONNECTED(0)-DISCONNECT(0)], stompBrokerRelay[null], inboundChannel[pool size = 0, active threads = 0, queued tasks = 0, completed tasks = 0], outboundChannel[pool size = 0, active threads = 0, queued tasks = 0, completed tasks = 0], sockJsScheduler[pool size = 1, active threads = 1, queued tasks = 0, completed tasks = 0]
2026-07-05 16:43:09 [http-nio-8081-exec-5] DEBUG o.s.security.web.FilterChainProxy - Securing GET /api/locations?level=2&size=1000
2026-07-05 16:43:09 [http-nio-8081-exec-5] DEBUG o.s.security.web.FilterChainProxy - Secured GET /api/locations?level=2&size=1000
2026-07-05 16:43:09 [http-nio-8081-exec-10] DEBUG o.s.security.web.FilterChainProxy - Securing GET /users/me
2026-07-05 16:43:09 [http-nio-8081-exec-10] DEBUG o.s.security.web.FilterChainProxy - Secured GET /users/me
2026-07-05 16:43:09 [http-nio-8081-exec-9] DEBUG o.s.security.web.FilterChainProxy - Securing GET /api/v1/notifications/unread-count
2026-07-05 16:43:09 [http-nio-8081-exec-9] DEBUG o.s.security.web.FilterChainProxy - Secured GET /api/v1/notifications/unread-count
2026-07-05 16:43:09 [http-nio-8081-exec-6] DEBUG o.s.security.web.FilterChainProxy - Securing GET /api/v1/notifications/stream?token=eyJhbGciOiJIUzI1NiJ9.eyJzdWIiOiJ0dW50dW4iLCJwZXJtaXNzaW9ucyI6WyJST0xFX1VTRVIiXSwiaXNzIjoiZGV2dGVyaWEuY29tIiwiZXhwIjoxNzgzMjUxMDA4LCJpYXQiOjE3ODMyNDM4MDgsInVzZXJJZCI6ImQ4YmQ2ZmFkLWY3ZjktNGM0ZS05MDc3LWJiMTBkZDcxYzc5NiJ9.DV-ZEyKnBzO7cZfY2Xnyk_gSG2yuPaRULFaRY5WlkFo
2026-07-05 16:43:09 [http-nio-8081-exec-6] DEBUG o.s.security.web.FilterChainProxy - Secured GET /api/v1/notifications/stream?token=eyJhbGciOiJIUzI1NiJ9.eyJzdWIiOiJ0dW50dW4iLCJwZXJtaXNzaW9ucyI6WyJST0xFX1VTRVIiXSwiaXNzIjoiZGV2dGVyaWEuY29tIiwiZXhwIjoxNzgzMjUxMDA4LCJpYXQiOjE3ODMyNDM4MDgsInVzZXJJZCI6ImQ4YmQ2ZmFkLWY3ZjktNGM0ZS05MDc3LWJiMTBkZDcxYzc5NiJ9.DV-ZEyKnBzO7cZfY2Xnyk_gSG2yuPaRULFaRY5WlkFo
2026-07-05 16:43:09 [http-nio-8081-exec-8] DEBUG o.s.security.web.FilterChainProxy - Securing GET /chat/conversations
2026-07-05 16:43:09 [http-nio-8081-exec-8] DEBUG o.s.security.web.FilterChainProxy - Secured GET /chat/conversations
2026-07-05 16:43:09 [http-nio-8081-exec-4] DEBUG o.s.security.web.FilterChainProxy - Securing GET /chat/conversations
2026-07-05 16:43:09 [http-nio-8081-exec-1] DEBUG o.s.security.web.FilterChainProxy - Securing GET /api/v1/notifications/unread-count
2026-07-05 16:43:09 [http-nio-8081-exec-4] DEBUG o.s.security.web.FilterChainProxy - Secured GET /chat/conversations
2026-07-05 16:43:09 [http-nio-8081-exec-1] DEBUG o.s.security.web.FilterChainProxy - Secured GET /api/v1/notifications/unread-count
2026-07-05 16:43:17 [http-nio-8081-exec-10] DEBUG o.s.security.web.FilterChainProxy - Securing POST /api/photos/upload
2026-07-05 16:43:17 [http-nio-8081-exec-10] DEBUG o.s.security.web.FilterChainProxy - Secured POST /api/photos/upload
2026-07-05 16:43:21 [PhotoWorker-3] DEBUG c.e.b.u.gemini.GeminiModerationUtils - [Gemini Moderation] HTTP status=200 OK
2026-07-05 16:43:21 [PhotoWorker-3] DEBUG c.e.b.u.gemini.GeminiModerationUtils - [Gemini Moderation] raw text: {"label": "SAFE", "reason": "Ảnh chụp kiến trúc truyền thống Việt Nam, mang tính chất du lịch và phong cảnh, không có nội dung vi phạm."}
2026-07-05 16:43:21 [PhotoWorker-3] INFO  c.e.b.u.gemini.GeminiModerationUtils - [Gemini Moderation] label=SAFE score=0.0 reason=Ảnh chụp kiến trúc truyền thống Việt Nam, mang tính chất du lịch và phong cảnh, không có nội dung vi phạm.
2026-07-05 16:43:21 [PhotoWorker-3] DEBUG c.e.b.u.v.impl.VietMapServiceImpl - Calling VietMap reverse with lat=20.4451240, lng=105.9526860
2026-07-05 16:43:21 [PhotoWorker-4] DEBUG c.e.b.u.gemini.GeminiModerationUtils - [Gemini Moderation] HTTP status=200 OK
2026-07-05 16:43:21 [PhotoWorker-4] DEBUG c.e.b.u.gemini.GeminiModerationUtils - [Gemini Moderation] raw text: {"label": "SAFE", "reason": "Ảnh phong cảnh thiên nhiên, chụp một góc vườn với phiến đá có khắc thư pháp nghệ thuật, phù hợp với tiêu chuẩn nội dung phong cảnh và văn hóa."}
2026-07-05 16:43:21 [PhotoWorker-4] INFO  c.e.b.u.gemini.GeminiModerationUtils - [Gemini Moderation] label=SAFE score=0.0 reason=Ảnh phong cảnh thiên nhiên, chụp một góc vườn với phiến đá có khắc thư pháp nghệ thuật, phù hợp với tiêu chuẩn nội dung phong cảnh và văn hóa.
2026-07-05 16:43:21 [PhotoWorker-4] DEBUG c.e.b.u.v.impl.VietMapServiceImpl - Calling VietMap reverse with lat=20.4454860, lng=105.9522250
2026-07-05 16:43:21 [PhotoWorker-2] DEBUG c.e.b.u.gemini.GeminiModerationUtils - [Gemini Moderation] HTTP status=200 OK
2026-07-05 16:43:21 [PhotoWorker-2] DEBUG c.e.b.u.gemini.GeminiModerationUtils - [Gemini Moderation] raw text: {"label": "SAFE", "reason": "Ảnh chụp kiến trúc ngôi chùa truyền thống Việt Nam, mang tính thẩm mỹ và du lịch, không chứa nội dung vi phạm."}
2026-07-05 16:43:21 [PhotoWorker-2] INFO  c.e.b.u.gemini.GeminiModerationUtils - [Gemini Moderation] label=SAFE score=0.0 reason=Ảnh chụp kiến trúc ngôi chùa truyền thống Việt Nam, mang tính thẩm mỹ và du lịch, không chứa nội dung vi phạm.
2026-07-05 16:43:21 [PhotoWorker-2] DEBUG c.e.b.u.v.impl.VietMapServiceImpl - Calling VietMap reverse with lat=20.4451240, lng=105.9525900
2026-07-05 16:43:24 [PhotoWorker-3] INFO  c.e.b.s.p.i.PhotoUploadServiceImpl - Uploaded photo file=IMG_20260630_162238.jpg thread=PhotoWorker-3 moderation=SAFE
2026-07-05 16:43:25 [PhotoWorker-2] INFO  c.e.b.s.p.i.PhotoUploadServiceImpl - Uploaded photo file=IMG_20260630_162225.jpg thread=PhotoWorker-2 moderation=SAFE
2026-07-05 16:43:25 [PhotoWorker-4] INFO  c.e.b.s.p.i.PhotoUploadServiceImpl - Uploaded photo file=IMG_20260630_163124.jpg thread=PhotoWorker-4 moderation=SAFE
2026-07-05 16:43:53 [http-nio-8081-exec-8] DEBUG o.s.security.web.FilterChainProxy - Securing GET /api/v1/tags/suggest?keyword=chua
2026-07-05 16:43:53 [http-nio-8081-exec-8] DEBUG o.s.security.web.FilterChainProxy - Secured GET /api/v1/tags/suggest?keyword=chua
2026-07-05 16:43:57 [http-nio-8081-exec-1] DEBUG o.s.security.web.FilterChainProxy - Securing GET /api/v1/tags/suggest?keyword=d
2026-07-05 16:43:57 [http-nio-8081-exec-1] DEBUG o.s.security.web.FilterChainProxy - Secured GET /api/v1/tags/suggest?keyword=d
2026-07-05 16:43:59 [http-nio-8081-exec-6] DEBUG o.s.security.web.FilterChainProxy - Securing GET /api/v1/tags/suggest?keyword=di
2026-07-05 16:43:59 [http-nio-8081-exec-6] DEBUG o.s.security.web.FilterChainProxy - Secured GET /api/v1/tags/suggest?keyword=di
2026-07-05 16:44:00 [http-nio-8081-exec-3] DEBUG o.s.security.web.FilterChainProxy - Securing GET /api/v1/tags/suggest?keyword=dia
2026-07-05 16:44:00 [http-nio-8081-exec-3] DEBUG o.s.security.web.FilterChainProxy - Secured GET /api/v1/tags/suggest?keyword=dia
2026-07-05 16:44:00 [http-nio-8081-exec-10] DEBUG o.s.security.web.FilterChainProxy - Securing GET /api/v1/tags/suggest?keyword=diata
2026-07-05 16:44:00 [http-nio-8081-exec-10] DEBUG o.s.security.web.FilterChainProxy - Secured GET /api/v1/tags/suggest?keyword=diata
2026-07-05 16:44:01 [http-nio-8081-exec-8] DEBUG o.s.security.web.FilterChainProxy - Securing GET /api/v1/tags/suggest?keyword=diatang
2026-07-05 16:44:01 [http-nio-8081-exec-8] DEBUG o.s.security.web.FilterChainProxy - Secured GET /api/v1/tags/suggest?keyword=diatang
2026-07-05 16:44:08 [http-nio-8081-exec-1] DEBUG o.s.security.web.FilterChainProxy - Securing GET /api/v1/tags/suggest?keyword=ni
2026-07-05 16:44:08 [http-nio-8081-exec-1] DEBUG o.s.security.web.FilterChainProxy - Secured GET /api/v1/tags/suggest?keyword=ni
2026-07-05 16:44:08 [http-nio-8081-exec-6] DEBUG o.s.security.web.FilterChainProxy - Securing GET /api/v1/tags/suggest?keyword=nin
2026-07-05 16:44:08 [http-nio-8081-exec-6] DEBUG o.s.security.web.FilterChainProxy - Secured GET /api/v1/tags/suggest?keyword=nin
2026-07-05 16:44:13 [http-nio-8081-exec-9] DEBUG o.s.security.web.FilterChainProxy - Securing GET /api/v1/tags/suggest?keyword=n
2026-07-05 16:44:13 [http-nio-8081-exec-9] DEBUG o.s.security.web.FilterChainProxy - Secured GET /api/v1/tags/suggest?keyword=n
2026-07-05 16:44:13 [http-nio-8081-exec-4] DEBUG o.s.security.web.FilterChainProxy - Securing GET /api/v1/tags/suggest?keyword=ni
2026-07-05 16:44:13 [http-nio-8081-exec-4] DEBUG o.s.security.web.FilterChainProxy - Secured GET /api/v1/tags/suggest?keyword=ni
2026-07-05 16:45:05 [http-nio-8081-exec-2] DEBUG o.s.security.web.FilterChainProxy - Securing POST /api/v1/posts/created
2026-07-05 16:45:05 [http-nio-8081-exec-2] DEBUG o.s.security.web.FilterChainProxy - Secured POST /api/v1/posts/created
2026-07-05 16:45:05 [http-nio-8081-exec-2] DEBUG o.s.s.a.m.AuthorizationManagerBeforeMethodInterceptor - Authorizing method invocation ReflectiveMethodInvocation: public com.example.backend.dto.response.post.PostResponse com.example.backend.controller.post.PostController.createPost(java.lang.String,com.example.backend.dto.request.post.PostCreateRequest); target is of class [com.example.backend.controller.post.PostController]
2026-07-05 16:45:05 [http-nio-8081-exec-2] DEBUG o.s.s.a.m.AuthorizationManagerBeforeMethodInterceptor - Authorized method invocation ReflectiveMethodInvocation: public com.example.backend.dto.response.post.PostResponse com.example.backend.controller.post.PostController.createPost(java.lang.String,com.example.backend.dto.request.post.PostCreateRequest); target is of class [com.example.backend.controller.post.PostController]
2026-07-05 16:45:05 [http-nio-8081-exec-2] INFO  c.e.b.s.c.ToxicCommentModerationService - [Toxic Moderation] Requesting PhoBERT to check toxic for text: Chùa Địa Tạng Phi Lai Tự có nét đệp hoài cổ và bình yên
2026-07-05 16:45:07 [http-nio-8081-exec-2] ERROR c.e.b.s.c.ToxicCommentModerationService - [Toxic Moderation] Error calling moderation service (Fail-open mode active): I/O error on POST request for "http://localhost:8000/check-toxic": Read timed out
2026-07-05 16:45:11 [http-nio-8081-exec-5] DEBUG o.s.security.web.FilterChainProxy - Securing POST /api/v1/posts/created
2026-07-05 16:45:11 [http-nio-8081-exec-5] DEBUG o.s.security.web.FilterChainProxy - Secured POST /api/v1/posts/created
2026-07-05 16:45:11 [http-nio-8081-exec-5] DEBUG o.s.s.a.m.AuthorizationManagerBeforeMethodInterceptor - Authorizing method invocation ReflectiveMethodInvocation: public com.example.backend.dto.response.post.PostResponse com.example.backend.controller.post.PostController.createPost(java.lang.String,com.example.backend.dto.request.post.PostCreateRequest); target is of class [com.example.backend.controller.post.PostController]
2026-07-05 16:45:11 [http-nio-8081-exec-5] DEBUG o.s.s.a.m.AuthorizationManagerBeforeMethodInterceptor - Authorized method invocation ReflectiveMethodInvocation: public com.example.backend.dto.response.post.PostResponse com.example.backend.controller.post.PostController.createPost(java.lang.String,com.example.backend.dto.request.post.PostCreateRequest); target is of class [com.example.backend.controller.post.PostController]
2026-07-05 16:45:11 [http-nio-8081-exec-5] INFO  c.e.b.s.c.ToxicCommentModerationService - [Toxic Moderation] Requesting PhoBERT to check toxic for text: Chùa Địa Tạng Phi Lai Tự có nét đệp hoài cổ và bình yên
2026-07-05 16:45:11 [http-nio-8081-exec-5] INFO  c.e.b.s.c.ToxicCommentModerationService - [Toxic Moderation] Response: label=LABEL_0, action=APPROVED, score=0.9912312626838684
2026-07-05 16:45:16 [http-nio-8081-exec-3] DEBUG o.s.security.web.FilterChainProxy - Securing POST /api/v1/posts/created
2026-07-05 16:45:16 [http-nio-8081-exec-3] DEBUG o.s.security.web.FilterChainProxy - Secured POST /api/v1/posts/created
2026-07-05 16:45:16 [http-nio-8081-exec-3] DEBUG o.s.s.a.m.AuthorizationManagerBeforeMethodInterceptor - Authorizing method invocation ReflectiveMethodInvocation: public com.example.backend.dto.response.post.PostResponse com.example.backend.controller.post.PostController.createPost(java.lang.String,com.example.backend.dto.request.post.PostCreateRequest); target is of class [com.example.backend.controller.post.PostController]
2026-07-05 16:45:16 [http-nio-8081-exec-3] DEBUG o.s.s.a.m.AuthorizationManagerBeforeMethodInterceptor - Authorized method invocation ReflectiveMethodInvocation: public com.example.backend.dto.response.post.PostResponse com.example.backend.controller.post.PostController.createPost(java.lang.String,com.example.backend.dto.request.post.PostCreateRequest); target is of class [com.example.backend.controller.post.PostController]
2026-07-05 16:45:17 [http-nio-8081-exec-3] INFO  c.e.b.s.c.ToxicCommentModerationService - [Toxic Moderation] Requesting PhoBERT to check toxic for text: Chùa Địa Tạng Phi Lai Tự có nét đệp hoài cổ và bình yên
2026-07-05 16:45:17 [http-nio-8081-exec-3] INFO  c.e.b.s.c.ToxicCommentModerationService - [Toxic Moderation] Response: label=LABEL_0, action=APPROVED, score=0.9912312626838684
2026-07-05 16:45:17 [http-nio-8081-exec-3] INFO  c.e.b.s.u.impl.ReputationServiceImpl - User tuntun gained 2 points. Reason: Upload ảnh thành công
2026-07-05 16:45:17 [http-nio-8081-exec-3] INFO  c.e.b.s.u.impl.ReputationServiceImpl - User tuntun gained 1 points. Reason: Đăng ảnh an toàn (SAFE)
2026-07-05 16:45:17 [http-nio-8081-exec-3] INFO  c.e.b.s.u.impl.ReputationServiceImpl - User tuntun gained 1 points. Reason: Có caption và shooting tip
2026-07-05 16:45:17 [http-nio-8081-exec-9] DEBUG o.s.security.web.FilterChainProxy - Securing GET /api/locations?size=20&page=0&level=2
2026-07-05 16:45:17 [http-nio-8081-exec-9] DEBUG o.s.security.web.FilterChainProxy - Secured GET /api/locations?size=20&page=0&level=2
2026-07-05 16:45:17 [http-nio-8081-exec-4] DEBUG o.s.security.web.FilterChainProxy - Securing GET /api/v1/posts/getAll?size=200
2026-07-05 16:45:17 [http-nio-8081-exec-4] DEBUG o.s.security.web.FilterChainProxy - Secured GET /api/v1/posts/getAll?size=200
2026-07-05 16:45:17 [http-nio-8081-exec-1] DEBUG o.s.security.web.FilterChainProxy - Securing GET /api/locations?size=20&page=0&level=2
2026-07-05 16:45:17 [http-nio-8081-exec-1] DEBUG o.s.security.web.FilterChainProxy - Secured GET /api/locations?size=20&page=0&level=2
2026-07-05 16:45:17 [http-nio-8081-exec-2] DEBUG o.s.security.web.FilterChainProxy - Securing GET /api/v1/posts/getAll?size=200
2026-07-05 16:45:17 [http-nio-8081-exec-2] DEBUG o.s.security.web.FilterChainProxy - Secured GET /api/v1/posts/getAll?size=200
2026-07-05 16:45:38 [http-nio-8081-exec-10] DEBUG o.s.security.web.FilterChainProxy - Securing GET /api/admin/stats
2026-07-05 16:45:38 [http-nio-8081-exec-10] DEBUG o.s.security.web.FilterChainProxy - Secured GET /api/admin/stats
2026-07-05 16:45:38 [http-nio-8081-exec-10] DEBUG o.s.s.a.m.AuthorizationManagerBeforeMethodInterceptor - Authorizing method invocation ReflectiveMethodInvocation: public com.example.backend.dto.response.ApiResponse com.example.backend.controller.AdminController.getStats(); target is of class [com.example.backend.controller.AdminController]
2026-07-05 16:45:38 [http-nio-8081-exec-8] DEBUG o.s.security.web.FilterChainProxy - Securing GET /api/admin/reports?status=PENDING&size=20
2026-07-05 16:45:38 [http-nio-8081-exec-9] DEBUG o.s.security.web.FilterChainProxy - Securing GET /users/me
2026-07-05 16:45:38 [http-nio-8081-exec-1] DEBUG o.s.security.web.FilterChainProxy - Securing GET /api/admin/locations?page=0&size=10
2026-07-05 16:45:38 [http-nio-8081-exec-10] DEBUG o.s.s.a.m.AuthorizationManagerBeforeMethodInterceptor - Authorized method invocation ReflectiveMethodInvocation: public com.example.backend.dto.response.ApiResponse com.example.backend.controller.AdminController.getStats(); target is of class [com.example.backend.controller.AdminController]
2026-07-05 16:45:38 [http-nio-8081-exec-9] DEBUG o.s.security.web.FilterChainProxy - Secured GET /users/me
2026-07-05 16:45:38 [http-nio-8081-exec-8] DEBUG o.s.security.web.FilterChainProxy - Secured GET /api/admin/reports?status=PENDING&size=20
2026-07-05 16:45:38 [http-nio-8081-exec-1] DEBUG o.s.security.web.FilterChainProxy - Secured GET /api/admin/locations?page=0&size=10
2026-07-05 16:45:38 [http-nio-8081-exec-1] DEBUG o.s.s.a.m.AuthorizationManagerBeforeMethodInterceptor - Authorizing method invocation ReflectiveMethodInvocation: public com.example.backend.dto.response.ApiResponse com.example.backend.controller.AdminController.getAllLocations(int,int); target is of class [com.example.backend.controller.AdminController]
2026-07-05 16:45:38 [http-nio-8081-exec-8] DEBUG o.s.s.a.m.AuthorizationManagerBeforeMethodInterceptor - Authorizing method invocation ReflectiveMethodInvocation: public com.example.backend.dto.response.ApiResponse com.example.backend.controller.AdminController.getReports(java.lang.String,int,int); target is of class [com.example.backend.controller.AdminController]
2026-07-05 16:45:38 [http-nio-8081-exec-1] DEBUG o.s.s.a.m.AuthorizationManagerBeforeMethodInterceptor - Authorized method invocation ReflectiveMethodInvocation: public com.example.backend.dto.response.ApiResponse com.example.backend.controller.AdminController.getAllLocations(int,int); target is of class [com.example.backend.controller.AdminController]
2026-07-05 16:45:38 [http-nio-8081-exec-8] DEBUG o.s.s.a.m.AuthorizationManagerBeforeMethodInterceptor - Authorized method invocation ReflectiveMethodInvocation: public com.example.backend.dto.response.ApiResponse com.example.backend.controller.AdminController.getReports(java.lang.String,int,int); target is of class [com.example.backend.controller.AdminController]
2026-07-05 16:45:38 [http-nio-8081-exec-6] DEBUG o.s.security.web.FilterChainProxy - Securing GET /api/v1/notifications/unread-count
2026-07-05 16:45:38 [http-nio-8081-exec-6] DEBUG o.s.security.web.FilterChainProxy - Secured GET /api/v1/notifications/unread-count
2026-07-05 16:45:38 [http-nio-8081-exec-7] DEBUG o.s.security.web.FilterChainProxy - Securing GET /api/v1/notifications/stream?token=eyJhbGciOiJIUzI1NiJ9.eyJzdWIiOiJUdW5hLWFkbWluIiwicGVybWlzc2lvbnMiOlsiUk9MRV9BRE1JTiJdLCJpc3MiOiJkZXZ0ZXJpYS5jb20iLCJleHAiOjE3Nzk1MjAyNzUsImlhdCI6MTc3OTUxMzA3NSwidXNlcklkIjoiMGZiN2VkZjMtYzQ5YS00NTQ5LTg4YzUtNDk5OTMxNGEzMzFlIn0.bJu3f8N3VUhzhAlzxn07v98jJkgoo3H20isKAEyAScU
2026-07-05 16:45:38 [http-nio-8081-exec-7] DEBUG o.s.security.web.FilterChainProxy - Secured GET /api/v1/notifications/stream?token=eyJhbGciOiJIUzI1NiJ9.eyJzdWIiOiJUdW5hLWFkbWluIiwicGVybWlzc2lvbnMiOlsiUk9MRV9BRE1JTiJdLCJpc3MiOiJkZXZ0ZXJpYS5jb20iLCJleHAiOjE3Nzk1MjAyNzUsImlhdCI6MTc3OTUxMzA3NSwidXNlcklkIjoiMGZiN2VkZjMtYzQ5YS00NTQ5LTg4YzUtNDk5OTMxNGEzMzFlIn0.bJu3f8N3VUhzhAlzxn07v98jJkgoo3H20isKAEyAScU
2026-07-05 16:45:38 [http-nio-8081-exec-9] DEBUG o.s.security.web.FilterChainProxy - Securing GET /chat/conversations
2026-07-05 16:45:38 [http-nio-8081-exec-9] DEBUG o.s.security.web.FilterChainProxy - Secured GET /chat/conversations
2026-07-05 16:45:38 [http-nio-8081-exec-8] DEBUG o.s.security.web.FilterChainProxy - Securing GET /api/v1/notifications/unread-count
2026-07-05 16:45:38 [http-nio-8081-exec-8] DEBUG o.s.security.web.FilterChainProxy - Secured GET /api/v1/notifications/unread-count
2026-07-05 16:45:38 [http-nio-8081-exec-1] DEBUG o.s.security.web.FilterChainProxy - Securing GET /chat/conversations
2026-07-05 16:45:38 [http-nio-8081-exec-1] DEBUG o.s.security.web.FilterChainProxy - Secured GET /chat/conversations
2026-07-05 16:46:26 [http-nio-8081-exec-3] DEBUG o.s.security.web.FilterChainProxy - Securing PUT /api/admin/locations/b72196ab-25e9-45ad-9381-37f35b034614/status?deleted=1
2026-07-05 16:46:26 [http-nio-8081-exec-3] DEBUG o.s.security.web.FilterChainProxy - Secured PUT /api/admin/locations/b72196ab-25e9-45ad-9381-37f35b034614/status?deleted=1
2026-07-05 16:46:26 [http-nio-8081-exec-3] DEBUG o.s.s.a.m.AuthorizationManagerBeforeMethodInterceptor - Authorizing method invocation ReflectiveMethodInvocation: public com.example.backend.dto.response.ApiResponse com.example.backend.controller.AdminController.toggleLocationStatus(java.lang.String,int); target is of class [com.example.backend.controller.AdminController]
2026-07-05 16:46:26 [http-nio-8081-exec-3] DEBUG o.s.s.a.m.AuthorizationManagerBeforeMethodInterceptor - Authorized method invocation ReflectiveMethodInvocation: public com.example.backend.dto.response.ApiResponse com.example.backend.controller.AdminController.toggleLocationStatus(java.lang.String,int); target is of class [com.example.backend.controller.AdminController]
2026-07-05 16:46:26 [http-nio-8081-exec-3] INFO  c.e.b.s.admin.impl.AdminServiceImpl - Admin updated location b72196ab-25e9-45ad-9381-37f35b034614 status to deleted=1
2026-07-05 16:46:26 [http-nio-8081-exec-6] DEBUG o.s.security.web.FilterChainProxy - Securing GET /api/admin/locations?page=0&size=10
2026-07-05 16:46:26 [http-nio-8081-exec-6] DEBUG o.s.security.web.FilterChainProxy - Secured GET /api/admin/locations?page=0&size=10
2026-07-05 16:46:26 [http-nio-8081-exec-6] DEBUG o.s.s.a.m.AuthorizationManagerBeforeMethodInterceptor - Authorizing method invocation ReflectiveMethodInvocation: public com.example.backend.dto.response.ApiResponse com.example.backend.controller.AdminController.getAllLocations(int,int); target is of class [com.example.backend.controller.AdminController]
2026-07-05 16:46:26 [http-nio-8081-exec-6] DEBUG o.s.s.a.m.AuthorizationManagerBeforeMethodInterceptor - Authorized method invocation ReflectiveMethodInvocation: public com.example.backend.dto.response.ApiResponse com.example.backend.controller.AdminController.getAllLocations(int,int); target is of class [com.example.backend.controller.AdminController]
2026-07-05 16:46:31 [http-nio-8081-exec-9] DEBUG o.s.security.web.FilterChainProxy - Securing GET /api/vietmap/proxy?path=api/search/v3&text=%C4%91%E1%BB%8Ba%20t%E1%BA%A1ng&size=5
2026-07-05 16:46:31 [http-nio-8081-exec-9] DEBUG o.s.security.web.FilterChainProxy - Secured GET /api/vietmap/proxy?path=api/search/v3&text=%C4%91%E1%BB%8Ba%20t%E1%BA%A1ng&size=5
2026-07-05 16:46:35 [http-nio-8081-exec-4] DEBUG o.s.security.web.FilterChainProxy - Securing GET /api/vietmap/proxy?path=api/place/v3&refid=vm%3APOI%3AZLVQ5KQC4CQ6TQG1
2026-07-05 16:46:35 [http-nio-8081-exec-4] DEBUG o.s.security.web.FilterChainProxy - Secured GET /api/vietmap/proxy?path=api/place/v3&refid=vm%3APOI%3AZLVQ5KQC4CQ6TQG1
2026-07-05 16:46:39 [http-nio-8081-exec-10] DEBUG o.s.security.web.FilterChainProxy - Securing POST /api/locations
2026-07-05 16:46:39 [http-nio-8081-exec-10] DEBUG o.s.security.web.FilterChainProxy - Secured POST /api/locations
2026-07-05 16:46:39 [http-nio-8081-exec-10] DEBUG c.e.b.u.v.impl.VietMapServiceImpl - Calling VietMap reverse with lat=20.445204, lng=105.952492
2026-07-05 16:46:42 [http-nio-8081-exec-2] DEBUG o.s.security.web.FilterChainProxy - Securing GET /api/admin/locations?page=0&size=10
2026-07-05 16:46:42 [http-nio-8081-exec-7] DEBUG o.s.security.web.FilterChainProxy - Securing GET /api/admin/stats
2026-07-05 16:46:42 [http-nio-8081-exec-5] DEBUG o.s.security.web.FilterChainProxy - Securing GET /users/me
2026-07-05 16:46:42 [http-nio-8081-exec-4] DEBUG o.s.security.web.FilterChainProxy - Securing GET /api/admin/reports?status=PENDING&size=20
2026-07-05 16:46:42 [http-nio-8081-exec-5] DEBUG o.s.security.web.FilterChainProxy - Secured GET /users/me
2026-07-05 16:46:42 [http-nio-8081-exec-7] DEBUG o.s.security.web.FilterChainProxy - Secured GET /api/admin/stats
2026-07-05 16:46:42 [http-nio-8081-exec-7] DEBUG o.s.s.a.m.AuthorizationManagerBeforeMethodInterceptor - Authorizing method invocation ReflectiveMethodInvocation: public com.example.backend.dto.response.ApiResponse com.example.backend.controller.AdminController.getStats(); target is of class [com.example.backend.controller.AdminController]
2026-07-05 16:46:42 [http-nio-8081-exec-2] DEBUG o.s.security.web.FilterChainProxy - Secured GET /api/admin/locations?page=0&size=10
2026-07-05 16:46:42 [http-nio-8081-exec-7] DEBUG o.s.s.a.m.AuthorizationManagerBeforeMethodInterceptor - Authorized method invocation ReflectiveMethodInvocation: public com.example.backend.dto.response.ApiResponse com.example.backend.controller.AdminController.getStats(); target is of class [com.example.backend.controller.AdminController]
2026-07-05 16:46:42 [http-nio-8081-exec-4] DEBUG o.s.security.web.FilterChainProxy - Secured GET /api/admin/reports?status=PENDING&size=20
2026-07-05 16:46:42 [http-nio-8081-exec-2] DEBUG o.s.s.a.m.AuthorizationManagerBeforeMethodInterceptor - Authorizing method invocation ReflectiveMethodInvocation: public com.example.backend.dto.response.ApiResponse com.example.backend.controller.AdminController.getAllLocations(int,int); target is of class [com.example.backend.controller.AdminController]
2026-07-05 16:46:42 [http-nio-8081-exec-4] DEBUG o.s.s.a.m.AuthorizationManagerBeforeMethodInterceptor - Authorizing method invocation ReflectiveMethodInvocation: public com.example.backend.dto.response.ApiResponse com.example.backend.controller.AdminController.getReports(java.lang.String,int,int); target is of class [com.example.backend.controller.AdminController]
2026-07-05 16:46:42 [http-nio-8081-exec-2] DEBUG o.s.s.a.m.AuthorizationManagerBeforeMethodInterceptor - Authorized method invocation ReflectiveMethodInvocation: public com.example.backend.dto.response.ApiResponse com.example.backend.controller.AdminController.getAllLocations(int,int); target is of class [com.example.backend.controller.AdminController]
2026-07-05 16:46:42 [http-nio-8081-exec-4] DEBUG o.s.s.a.m.AuthorizationManagerBeforeMethodInterceptor - Authorized method invocation ReflectiveMethodInvocation: public com.example.backend.dto.response.ApiResponse com.example.backend.controller.AdminController.getReports(java.lang.String,int,int); target is of class [com.example.backend.controller.AdminController]
2026-07-05 16:46:42 [http-nio-8081-exec-9] DEBUG o.s.security.web.FilterChainProxy - Securing GET /api/v1/notifications/unread-count
2026-07-05 16:46:42 [http-nio-8081-exec-8] DEBUG o.s.security.web.FilterChainProxy - Securing GET /api/v1/notifications/stream?token=eyJhbGciOiJIUzI1NiJ9.eyJzdWIiOiJUdW5hLWFkbWluIiwicGVybWlzc2lvbnMiOlsiUk9MRV9BRE1JTiJdLCJpc3MiOiJkZXZ0ZXJpYS5jb20iLCJleHAiOjE3Nzk1MjAyNzUsImlhdCI6MTc3OTUxMzA3NSwidXNlcklkIjoiMGZiN2VkZjMtYzQ5YS00NTQ5LTg4YzUtNDk5OTMxNGEzMzFlIn0.bJu3f8N3VUhzhAlzxn07v98jJkgoo3H20isKAEyAScU
2026-07-05 16:46:42 [http-nio-8081-exec-8] DEBUG o.s.security.web.FilterChainProxy - Secured GET /api/v1/notifications/stream?token=eyJhbGciOiJIUzI1NiJ9.eyJzdWIiOiJUdW5hLWFkbWluIiwicGVybWlzc2lvbnMiOlsiUk9MRV9BRE1JTiJdLCJpc3MiOiJkZXZ0ZXJpYS5jb20iLCJleHAiOjE3Nzk1MjAyNzUsImlhdCI6MTc3OTUxMzA3NSwidXNlcklkIjoiMGZiN2VkZjMtYzQ5YS00NTQ5LTg4YzUtNDk5OTMxNGEzMzFlIn0.bJu3f8N3VUhzhAlzxn07v98jJkgoo3H20isKAEyAScU
2026-07-05 16:46:42 [http-nio-8081-exec-9] DEBUG o.s.security.web.FilterChainProxy - Secured GET /api/v1/notifications/unread-count
2026-07-05 16:46:42 [http-nio-8081-exec-4] DEBUG o.s.security.web.FilterChainProxy - Securing GET /chat/conversations
2026-07-05 16:46:42 [http-nio-8081-exec-4] DEBUG o.s.security.web.FilterChainProxy - Secured GET /chat/conversations
2026-07-05 16:46:43 [http-nio-8081-exec-5] DEBUG o.s.security.web.FilterChainProxy - Securing GET /api/v1/notifications/unread-count
2026-07-05 16:46:43 [http-nio-8081-exec-5] DEBUG o.s.security.web.FilterChainProxy - Secured GET /api/v1/notifications/unread-count
2026-07-05 16:46:43 [http-nio-8081-exec-2] DEBUG o.s.security.web.FilterChainProxy - Securing GET /chat/conversations
2026-07-05 16:46:43 [http-nio-8081-exec-2] DEBUG o.s.security.web.FilterChainProxy - Secured GET /chat/conversations
2026-07-05 16:46:45 [http-nio-8081-exec-7] DEBUG o.s.security.web.FilterChainProxy - Securing GET /api/locations?size=20&page=0&level=2
2026-07-05 16:46:45 [http-nio-8081-exec-1] DEBUG o.s.security.web.FilterChainProxy - Securing GET /api/v1/posts/getAll?size=200
2026-07-05 16:46:45 [http-nio-8081-exec-7] DEBUG o.s.security.web.FilterChainProxy - Secured GET /api/locations?size=20&page=0&level=2
2026-07-05 16:46:45 [http-nio-8081-exec-1] DEBUG o.s.security.web.FilterChainProxy - Secured GET /api/v1/posts/getAll?size=200
2026-07-05 16:46:45 [http-nio-8081-exec-9] DEBUG o.s.security.web.FilterChainProxy - Securing GET /api/locations?size=20&page=0&level=2
2026-07-05 16:46:45 [http-nio-8081-exec-9] DEBUG o.s.security.web.FilterChainProxy - Secured GET /api/locations?size=20&page=0&level=2
2026-07-05 16:46:46 [http-nio-8081-exec-5] DEBUG o.s.security.web.FilterChainProxy - Securing GET /api/v1/posts/getAll?size=200
2026-07-05 16:46:46 [http-nio-8081-exec-5] DEBUG o.s.security.web.FilterChainProxy - Secured GET /api/v1/posts/getAll?size=200
2026-07-05 16:47:02 [http-nio-8081-exec-9] DEBUG o.s.security.web.FilterChainProxy - Securing GET /api/admin/reports?status=PENDING&size=20
2026-07-05 16:47:02 [http-nio-8081-exec-7] DEBUG o.s.security.web.FilterChainProxy - Securing GET /api/admin/stats
2026-07-05 16:47:02 [http-nio-8081-exec-1] DEBUG o.s.security.web.FilterChainProxy - Securing GET /api/admin/locations?page=0&size=10
2026-07-05 16:47:02 [http-nio-8081-exec-7] DEBUG o.s.security.web.FilterChainProxy - Secured GET /api/admin/stats
2026-07-05 16:47:02 [http-nio-8081-exec-9] DEBUG o.s.security.web.FilterChainProxy - Secured GET /api/admin/reports?status=PENDING&size=20
2026-07-05 16:47:02 [http-nio-8081-exec-1] DEBUG o.s.security.web.FilterChainProxy - Secured GET /api/admin/locations?page=0&size=10
2026-07-05 16:47:02 [http-nio-8081-exec-7] DEBUG o.s.s.a.m.AuthorizationManagerBeforeMethodInterceptor - Authorizing method invocation ReflectiveMethodInvocation: public com.example.backend.dto.response.ApiResponse com.example.backend.controller.AdminController.getStats(); target is of class [com.example.backend.controller.AdminController]
2026-07-05 16:47:02 [http-nio-8081-exec-9] DEBUG o.s.s.a.m.AuthorizationManagerBeforeMethodInterceptor - Authorizing method invocation ReflectiveMethodInvocation: public com.example.backend.dto.response.ApiResponse com.example.backend.controller.AdminController.getReports(java.lang.String,int,int); target is of class [com.example.backend.controller.AdminController]
2026-07-05 16:47:02 [http-nio-8081-exec-1] DEBUG o.s.s.a.m.AuthorizationManagerBeforeMethodInterceptor - Authorizing method invocation ReflectiveMethodInvocation: public com.example.backend.dto.response.ApiResponse com.example.backend.controller.AdminController.getAllLocations(int,int); target is of class [com.example.backend.controller.AdminController]
2026-07-05 16:47:02 [http-nio-8081-exec-7] DEBUG o.s.s.a.m.AuthorizationManagerBeforeMethodInterceptor - Authorized method invocation ReflectiveMethodInvocation: public com.example.backend.dto.response.ApiResponse com.example.backend.controller.AdminController.getStats(); target is of class [com.example.backend.controller.AdminController]
2026-07-05 16:47:02 [http-nio-8081-exec-9] DEBUG o.s.s.a.m.AuthorizationManagerBeforeMethodInterceptor - Authorized method invocation ReflectiveMethodInvocation: public com.example.backend.dto.response.ApiResponse com.example.backend.controller.AdminController.getReports(java.lang.String,int,int); target is of class [com.example.backend.controller.AdminController]
2026-07-05 16:47:02 [http-nio-8081-exec-1] DEBUG o.s.s.a.m.AuthorizationManagerBeforeMethodInterceptor - Authorized method invocation ReflectiveMethodInvocation: public com.example.backend.dto.response.ApiResponse com.example.backend.controller.AdminController.getAllLocations(int,int); target is of class [com.example.backend.controller.AdminController]
2026-07-05 16:47:02 [http-nio-8081-exec-5] DEBUG o.s.security.web.FilterChainProxy - Securing GET /api/admin/reports?status=PENDING&size=20
2026-07-05 16:47:02 [http-nio-8081-exec-5] DEBUG o.s.security.web.FilterChainProxy - Secured GET /api/admin/reports?status=PENDING&size=20
2026-07-05 16:47:02 [http-nio-8081-exec-5] DEBUG o.s.s.a.m.AuthorizationManagerBeforeMethodInterceptor - Authorizing method invocation ReflectiveMethodInvocation: public com.example.backend.dto.response.ApiResponse com.example.backend.controller.AdminController.getReports(java.lang.String,int,int); target is of class [com.example.backend.controller.AdminController]
2026-07-05 16:47:02 [http-nio-8081-exec-5] DEBUG o.s.s.a.m.AuthorizationManagerBeforeMethodInterceptor - Authorized method invocation ReflectiveMethodInvocation: public com.example.backend.dto.response.ApiResponse com.example.backend.controller.AdminController.getReports(java.lang.String,int,int); target is of class [com.example.backend.controller.AdminController]
2026-07-05 16:47:02 [http-nio-8081-exec-10] DEBUG o.s.security.web.FilterChainProxy - Securing GET /api/admin/locations?page=0&size=10
2026-07-05 16:47:02 [http-nio-8081-exec-10] DEBUG o.s.security.web.FilterChainProxy - Secured GET /api/admin/locations?page=0&size=10
2026-07-05 16:47:02 [http-nio-8081-exec-10] DEBUG o.s.s.a.m.AuthorizationManagerBeforeMethodInterceptor - Authorizing method invocation ReflectiveMethodInvocation: public com.example.backend.dto.response.ApiResponse com.example.backend.controller.AdminController.getAllLocations(int,int); target is of class [com.example.backend.controller.AdminController]
2026-07-05 16:47:02 [http-nio-8081-exec-10] DEBUG o.s.s.a.m.AuthorizationManagerBeforeMethodInterceptor - Authorized method invocation ReflectiveMethodInvocation: public com.example.backend.dto.response.ApiResponse com.example.backend.controller.AdminController.getAllLocations(int,int); target is of class [com.example.backend.controller.AdminController]
2026-07-05 16:47:02 [http-nio-8081-exec-7] DEBUG o.s.security.web.FilterChainProxy - Securing GET /api/admin/stats
2026-07-05 16:47:02 [http-nio-8081-exec-7] DEBUG o.s.security.web.FilterChainProxy - Secured GET /api/admin/stats
2026-07-05 16:47:02 [http-nio-8081-exec-7] DEBUG o.s.s.a.m.AuthorizationManagerBeforeMethodInterceptor - Authorizing method invocation ReflectiveMethodInvocation: public com.example.backend.dto.response.ApiResponse com.example.backend.controller.AdminController.getStats(); target is of class [com.example.backend.controller.AdminController]
2026-07-05 16:47:02 [http-nio-8081-exec-7] DEBUG o.s.s.a.m.AuthorizationManagerBeforeMethodInterceptor - Authorized method invocation ReflectiveMethodInvocation: public com.example.backend.dto.response.ApiResponse com.example.backend.controller.AdminController.getStats(); target is of class [com.example.backend.controller.AdminController]
2026-07-05 16:47:03 [http-nio-8081-exec-4] DEBUG o.s.security.web.FilterChainProxy - Securing PUT /api/admin/locations/71bc78bc-d5e9-43a7-9d94-b1b5a3e3cf3a/status?deleted=1
2026-07-05 16:47:03 [http-nio-8081-exec-4] DEBUG o.s.security.web.FilterChainProxy - Secured PUT /api/admin/locations/71bc78bc-d5e9-43a7-9d94-b1b5a3e3cf3a/status?deleted=1
2026-07-05 16:47:03 [http-nio-8081-exec-4] DEBUG o.s.s.a.m.AuthorizationManagerBeforeMethodInterceptor - Authorizing method invocation ReflectiveMethodInvocation: public com.example.backend.dto.response.ApiResponse com.example.backend.controller.AdminController.toggleLocationStatus(java.lang.String,int); target is of class [com.example.backend.controller.AdminController]
2026-07-05 16:47:03 [http-nio-8081-exec-4] DEBUG o.s.s.a.m.AuthorizationManagerBeforeMethodInterceptor - Authorized method invocation ReflectiveMethodInvocation: public com.example.backend.dto.response.ApiResponse com.example.backend.controller.AdminController.toggleLocationStatus(java.lang.String,int); target is of class [com.example.backend.controller.AdminController]
2026-07-05 16:47:03 [http-nio-8081-exec-4] INFO  c.e.b.s.admin.impl.AdminServiceImpl - Admin updated location 71bc78bc-d5e9-43a7-9d94-b1b5a3e3cf3a status to deleted=1
2026-07-05 16:47:03 [http-nio-8081-exec-8] DEBUG o.s.security.web.FilterChainProxy - Securing GET /api/admin/locations?page=0&size=10
2026-07-05 16:47:03 [http-nio-8081-exec-8] DEBUG o.s.security.web.FilterChainProxy - Secured GET /api/admin/locations?page=0&size=10
2026-07-05 16:47:03 [http-nio-8081-exec-8] DEBUG o.s.s.a.m.AuthorizationManagerBeforeMethodInterceptor - Authorizing method invocation ReflectiveMethodInvocation: public com.example.backend.dto.response.ApiResponse com.example.backend.controller.AdminController.getAllLocations(int,int); target is of class [com.example.backend.controller.AdminController]
2026-07-05 16:47:03 [http-nio-8081-exec-8] DEBUG o.s.s.a.m.AuthorizationManagerBeforeMethodInterceptor - Authorized method invocation ReflectiveMethodInvocation: public com.example.backend.dto.response.ApiResponse com.example.backend.controller.AdminController.getAllLocations(int,int); target is of class [com.example.backend.controller.AdminController]
2026-07-05 16:47:57 [http-nio-8081-exec-10] DEBUG o.s.security.web.FilterChainProxy - Securing GET /api/v1/posts/getAll?size=200
2026-07-05 16:47:57 [http-nio-8081-exec-6] DEBUG o.s.security.web.FilterChainProxy - Securing GET /api/locations?size=20&page=0&level=2
2026-07-05 16:47:57 [http-nio-8081-exec-10] DEBUG o.s.security.web.FilterChainProxy - Secured GET /api/v1/posts/getAll?size=200
2026-07-05 16:47:57 [http-nio-8081-exec-6] DEBUG o.s.security.web.FilterChainProxy - Secured GET /api/locations?size=20&page=0&level=2
2026-07-05 16:47:57 [http-nio-8081-exec-7] DEBUG o.s.security.web.FilterChainProxy - Securing GET /api/locations?size=20&page=0&level=2
2026-07-05 16:47:57 [http-nio-8081-exec-7] DEBUG o.s.security.web.FilterChainProxy - Secured GET /api/locations?size=20&page=0&level=2
2026-07-05 16:47:57 [http-nio-8081-exec-2] DEBUG o.s.security.web.FilterChainProxy - Securing GET /api/v1/posts/getAll?size=200
2026-07-05 16:47:57 [http-nio-8081-exec-2] DEBUG o.s.security.web.FilterChainProxy - Secured GET /api/v1/posts/getAll?size=200
2026-07-05 16:48:01 [http-nio-8081-exec-9] DEBUG o.s.security.web.FilterChainProxy - Securing GET /api/admin/stats
2026-07-05 16:48:01 [http-nio-8081-exec-5] DEBUG o.s.security.web.FilterChainProxy - Securing GET /api/admin/reports?status=PENDING&size=20
2026-07-05 16:48:01 [http-nio-8081-exec-1] DEBUG o.s.security.web.FilterChainProxy - Securing GET /api/admin/locations?page=0&size=10
2026-07-05 16:48:01 [http-nio-8081-exec-9] DEBUG o.s.security.web.FilterChainProxy - Secured GET /api/admin/stats
2026-07-05 16:48:01 [http-nio-8081-exec-5] DEBUG o.s.security.web.FilterChainProxy - Secured GET /api/admin/reports?status=PENDING&size=20
2026-07-05 16:48:01 [http-nio-8081-exec-1] DEBUG o.s.security.web.FilterChainProxy - Secured GET /api/admin/locations?page=0&size=10
2026-07-05 16:48:01 [http-nio-8081-exec-9] DEBUG o.s.s.a.m.AuthorizationManagerBeforeMethodInterceptor - Authorizing method invocation ReflectiveMethodInvocation: public com.example.backend.dto.response.ApiResponse com.example.backend.controller.AdminController.getStats(); target is of class [com.example.backend.controller.AdminController]
2026-07-05 16:48:01 [http-nio-8081-exec-1] DEBUG o.s.s.a.m.AuthorizationManagerBeforeMethodInterceptor - Authorizing method invocation ReflectiveMethodInvocation: public com.example.backend.dto.response.ApiResponse com.example.backend.controller.AdminController.getAllLocations(int,int); target is of class [com.example.backend.controller.AdminController]
2026-07-05 16:48:01 [http-nio-8081-exec-9] DEBUG o.s.s.a.m.AuthorizationManagerBeforeMethodInterceptor - Authorized method invocation ReflectiveMethodInvocation: public com.example.backend.dto.response.ApiResponse com.example.backend.controller.AdminController.getStats(); target is of class [com.example.backend.controller.AdminController]
2026-07-05 16:48:01 [http-nio-8081-exec-1] DEBUG o.s.s.a.m.AuthorizationManagerBeforeMethodInterceptor - Authorized method invocation ReflectiveMethodInvocation: public com.example.backend.dto.response.ApiResponse com.example.backend.controller.AdminController.getAllLocations(int,int); target is of class [com.example.backend.controller.AdminController]
2026-07-05 16:48:01 [http-nio-8081-exec-5] DEBUG o.s.s.a.m.AuthorizationManagerBeforeMethodInterceptor - Authorizing method invocation ReflectiveMethodInvocation: public com.example.backend.dto.response.ApiResponse com.example.backend.controller.AdminController.getReports(java.lang.String,int,int); target is of class [com.example.backend.controller.AdminController]
2026-07-05 16:48:01 [http-nio-8081-exec-5] DEBUG o.s.s.a.m.AuthorizationManagerBeforeMethodInterceptor - Authorized method invocation ReflectiveMethodInvocation: public com.example.backend.dto.response.ApiResponse com.example.backend.controller.AdminController.getReports(java.lang.String,int,int); target is of class [com.example.backend.controller.AdminController]
2026-07-05 16:48:01 [http-nio-8081-exec-6] DEBUG o.s.security.web.FilterChainProxy - Securing GET /api/admin/reports?status=PENDING&size=20
2026-07-05 16:48:01 [http-nio-8081-exec-6] DEBUG o.s.security.web.FilterChainProxy - Secured GET /api/admin/reports?status=PENDING&size=20
2026-07-05 16:48:01 [http-nio-8081-exec-6] DEBUG o.s.s.a.m.AuthorizationManagerBeforeMethodInterceptor - Authorizing method invocation ReflectiveMethodInvocation: public com.example.backend.dto.response.ApiResponse com.example.backend.controller.AdminController.getReports(java.lang.String,int,int); target is of class [com.example.backend.controller.AdminController]
2026-07-05 16:48:01 [http-nio-8081-exec-6] DEBUG o.s.s.a.m.AuthorizationManagerBeforeMethodInterceptor - Authorized method invocation ReflectiveMethodInvocation: public com.example.backend.dto.response.ApiResponse com.example.backend.controller.AdminController.getReports(java.lang.String,int,int); target is of class [com.example.backend.controller.AdminController]
2026-07-05 16:48:01 [http-nio-8081-exec-7] DEBUG o.s.security.web.FilterChainProxy - Securing GET /api/admin/locations?page=0&size=10
2026-07-05 16:48:01 [http-nio-8081-exec-7] DEBUG o.s.security.web.FilterChainProxy - Secured GET /api/admin/locations?page=0&size=10
2026-07-05 16:48:01 [http-nio-8081-exec-7] DEBUG o.s.s.a.m.AuthorizationManagerBeforeMethodInterceptor - Authorizing method invocation ReflectiveMethodInvocation: public com.example.backend.dto.response.ApiResponse com.example.backend.controller.AdminController.getAllLocations(int,int); target is of class [com.example.backend.controller.AdminController]
2026-07-05 16:48:01 [http-nio-8081-exec-7] DEBUG o.s.s.a.m.AuthorizationManagerBeforeMethodInterceptor - Authorized method invocation ReflectiveMethodInvocation: public com.example.backend.dto.response.ApiResponse com.example.backend.controller.AdminController.getAllLocations(int,int); target is of class [com.example.backend.controller.AdminController]
2026-07-05 16:48:01 [http-nio-8081-exec-10] DEBUG o.s.security.web.FilterChainProxy - Securing GET /api/admin/stats
2026-07-05 16:48:01 [http-nio-8081-exec-10] DEBUG o.s.security.web.FilterChainProxy - Secured GET /api/admin/stats
2026-07-05 16:48:01 [http-nio-8081-exec-10] DEBUG o.s.s.a.m.AuthorizationManagerBeforeMethodInterceptor - Authorizing method invocation ReflectiveMethodInvocation: public com.example.backend.dto.response.ApiResponse com.example.backend.controller.AdminController.getStats(); target is of class [com.example.backend.controller.AdminController]
2026-07-05 16:48:01 [http-nio-8081-exec-10] DEBUG o.s.s.a.m.AuthorizationManagerBeforeMethodInterceptor - Authorized method invocation ReflectiveMethodInvocation: public com.example.backend.dto.response.ApiResponse com.example.backend.controller.AdminController.getStats(); target is of class [com.example.backend.controller.AdminController]
2026-07-05 16:48:03 [http-nio-8081-exec-4] DEBUG o.s.security.web.FilterChainProxy - Securing PUT /api/admin/locations/b72196ab-25e9-45ad-9381-37f35b034614/status?deleted=0
2026-07-05 16:48:03 [http-nio-8081-exec-4] DEBUG o.s.security.web.FilterChainProxy - Secured PUT /api/admin/locations/b72196ab-25e9-45ad-9381-37f35b034614/status?deleted=0
2026-07-05 16:48:03 [http-nio-8081-exec-4] DEBUG o.s.s.a.m.AuthorizationManagerBeforeMethodInterceptor - Authorizing method invocation ReflectiveMethodInvocation: public com.example.backend.dto.response.ApiResponse com.example.backend.controller.AdminController.toggleLocationStatus(java.lang.String,int); target is of class [com.example.backend.controller.AdminController]
2026-07-05 16:48:03 [http-nio-8081-exec-4] DEBUG o.s.s.a.m.AuthorizationManagerBeforeMethodInterceptor - Authorized method invocation ReflectiveMethodInvocation: public com.example.backend.dto.response.ApiResponse com.example.backend.controller.AdminController.toggleLocationStatus(java.lang.String,int); target is of class [com.example.backend.controller.AdminController]
2026-07-05 16:48:03 [http-nio-8081-exec-4] INFO  c.e.b.s.admin.impl.AdminServiceImpl - Admin updated location b72196ab-25e9-45ad-9381-37f35b034614 status to deleted=0
2026-07-05 16:48:03 [http-nio-8081-exec-3] DEBUG o.s.security.web.FilterChainProxy - Securing GET /api/admin/locations?page=0&size=10
2026-07-05 16:48:03 [http-nio-8081-exec-3] DEBUG o.s.security.web.FilterChainProxy - Secured GET /api/admin/locations?page=0&size=10
2026-07-05 16:48:03 [http-nio-8081-exec-3] DEBUG o.s.s.a.m.AuthorizationManagerBeforeMethodInterceptor - Authorizing method invocation ReflectiveMethodInvocation: public com.example.backend.dto.response.ApiResponse com.example.backend.controller.AdminController.getAllLocations(int,int); target is of class [com.example.backend.controller.AdminController]
2026-07-05 16:48:03 [http-nio-8081-exec-3] DEBUG o.s.s.a.m.AuthorizationManagerBeforeMethodInterceptor - Authorized method invocation ReflectiveMethodInvocation: public com.example.backend.dto.response.ApiResponse com.example.backend.controller.AdminController.getAllLocations(int,int); target is of class [com.example.backend.controller.AdminController]
2026-07-05 16:48:04 [http-nio-8081-exec-10] DEBUG o.s.security.web.FilterChainProxy - Securing GET /api/locations?size=20&page=0&level=2
2026-07-05 16:48:04 [http-nio-8081-exec-9] DEBUG o.s.security.web.FilterChainProxy - Securing GET /api/v1/posts/getAll?size=200
2026-07-05 16:48:04 [http-nio-8081-exec-10] DEBUG o.s.security.web.FilterChainProxy - Secured GET /api/locations?size=20&page=0&level=2
2026-07-05 16:48:04 [http-nio-8081-exec-9] DEBUG o.s.security.web.FilterChainProxy - Secured GET /api/v1/posts/getAll?size=200
2026-07-05 16:48:04 [http-nio-8081-exec-2] DEBUG o.s.security.web.FilterChainProxy - Securing GET /api/locations?size=20&page=0&level=2
2026-07-05 16:48:04 [http-nio-8081-exec-2] DEBUG o.s.security.web.FilterChainProxy - Secured GET /api/locations?size=20&page=0&level=2
2026-07-05 16:48:04 [http-nio-8081-exec-8] DEBUG o.s.security.web.FilterChainProxy - Securing GET /api/v1/posts/getAll?size=200
2026-07-05 16:48:04 [http-nio-8081-exec-8] DEBUG o.s.security.web.FilterChainProxy - Secured GET /api/v1/posts/getAll?size=200
2026-07-05 16:48:07 [http-nio-8081-exec-5] DEBUG o.s.security.web.FilterChainProxy - Securing GET /api/locations/b72196ab-25e9-45ad-9381-37f35b034614
2026-07-05 16:48:07 [http-nio-8081-exec-5] DEBUG o.s.security.web.FilterChainProxy - Secured GET /api/locations/b72196ab-25e9-45ad-9381-37f35b034614
2026-07-05 16:48:07 [http-nio-8081-exec-1] DEBUG o.s.security.web.FilterChainProxy - Securing GET /api/locations/b72196ab-25e9-45ad-9381-37f35b034614
2026-07-05 16:48:07 [http-nio-8081-exec-1] DEBUG o.s.security.web.FilterChainProxy - Secured GET /api/locations/b72196ab-25e9-45ad-9381-37f35b034614
2026-07-05 16:48:07 [http-nio-8081-exec-6] DEBUG o.s.security.web.FilterChainProxy - Securing GET /api/v1/posts/location/b72196ab-25e9-45ad-9381-37f35b034614?size=50&viewerId=0fb7edf3-c49a-4549-88c5-4999314a331e
2026-07-05 16:48:07 [http-nio-8081-exec-6] DEBUG o.s.security.web.FilterChainProxy - Secured GET /api/v1/posts/location/b72196ab-25e9-45ad-9381-37f35b034614?size=50&viewerId=0fb7edf3-c49a-4549-88c5-4999314a331e
2026-07-05 16:48:07 [http-nio-8081-exec-10] DEBUG o.s.security.web.FilterChainProxy - Securing GET /api/v1/posts/location/b72196ab-25e9-45ad-9381-37f35b034614?size=50&viewerId=0fb7edf3-c49a-4549-88c5-4999314a331e
2026-07-05 16:48:07 [http-nio-8081-exec-10] DEBUG o.s.security.web.FilterChainProxy - Secured GET /api/v1/posts/location/b72196ab-25e9-45ad-9381-37f35b034614?size=50&viewerId=0fb7edf3-c49a-4549-88c5-4999314a331e
2026-07-05 16:48:10 [http-nio-8081-exec-9] DEBUG o.s.security.web.FilterChainProxy - Securing GET /api/v1/notifications/unread-count
2026-07-05 16:48:10 [http-nio-8081-exec-9] DEBUG o.s.security.web.FilterChainProxy - Secured GET /api/v1/notifications/unread-count
2026-07-05 16:48:15 [http-nio-8081-exec-1] DEBUG o.s.security.web.FilterChainProxy - Securing GET /api/v1/posts/getAll?size=200
2026-07-05 16:48:15 [http-nio-8081-exec-7] DEBUG o.s.security.web.FilterChainProxy - Securing GET /api/locations?size=20&page=0&level=2
2026-07-05 16:48:15 [http-nio-8081-exec-1] DEBUG o.s.security.web.FilterChainProxy - Secured GET /api/v1/posts/getAll?size=200
2026-07-05 16:48:15 [http-nio-8081-exec-7] DEBUG o.s.security.web.FilterChainProxy - Secured GET /api/locations?size=20&page=0&level=2
2026-07-05 16:48:15 [http-nio-8081-exec-7] DEBUG o.s.security.web.FilterChainProxy - Securing GET /api/locations?size=20&page=0&level=2
2026-07-05 16:48:15 [http-nio-8081-exec-7] DEBUG o.s.security.web.FilterChainProxy - Secured GET /api/locations?size=20&page=0&level=2
2026-07-05 16:48:15 [http-nio-8081-exec-10] DEBUG o.s.security.web.FilterChainProxy - Securing GET /api/v1/posts/getAll?size=200
2026-07-05 16:48:15 [http-nio-8081-exec-10] DEBUG o.s.security.web.FilterChainProxy - Secured GET /api/v1/posts/getAll?size=200
2026-07-05 16:48:18 [http-nio-8081-exec-1] DEBUG o.s.security.web.FilterChainProxy - Securing GET /api/admin/locations?page=0&size=10
2026-07-05 16:48:18 [http-nio-8081-exec-6] DEBUG o.s.security.web.FilterChainProxy - Securing GET /api/admin/stats
2026-07-05 16:48:18 [http-nio-8081-exec-7] DEBUG o.s.security.web.FilterChainProxy - Securing GET /api/admin/reports?status=PENDING&size=20
2026-07-05 16:48:18 [http-nio-8081-exec-6] DEBUG o.s.security.web.FilterChainProxy - Secured GET /api/admin/stats
2026-07-05 16:48:18 [http-nio-8081-exec-7] DEBUG o.s.security.web.FilterChainProxy - Secured GET /api/admin/reports?status=PENDING&size=20
2026-07-05 16:48:18 [http-nio-8081-exec-1] DEBUG o.s.security.web.FilterChainProxy - Secured GET /api/admin/locations?page=0&size=10
2026-07-05 16:48:18 [http-nio-8081-exec-6] DEBUG o.s.s.a.m.AuthorizationManagerBeforeMethodInterceptor - Authorizing method invocation ReflectiveMethodInvocation: public com.example.backend.dto.response.ApiResponse com.example.backend.controller.AdminController.getStats(); target is of class [com.example.backend.controller.AdminController]
2026-07-05 16:48:18 [http-nio-8081-exec-1] DEBUG o.s.s.a.m.AuthorizationManagerBeforeMethodInterceptor - Authorizing method invocation ReflectiveMethodInvocation: public com.example.backend.dto.response.ApiResponse com.example.backend.controller.AdminController.getAllLocations(int,int); target is of class [com.example.backend.controller.AdminController]
2026-07-05 16:48:18 [http-nio-8081-exec-7] DEBUG o.s.s.a.m.AuthorizationManagerBeforeMethodInterceptor - Authorizing method invocation ReflectiveMethodInvocation: public com.example.backend.dto.response.ApiResponse com.example.backend.controller.AdminController.getReports(java.lang.String,int,int); target is of class [com.example.backend.controller.AdminController]
2026-07-05 16:48:18 [http-nio-8081-exec-6] DEBUG o.s.s.a.m.AuthorizationManagerBeforeMethodInterceptor - Authorized method invocation ReflectiveMethodInvocation: public com.example.backend.dto.response.ApiResponse com.example.backend.controller.AdminController.getStats(); target is of class [com.example.backend.controller.AdminController]
2026-07-05 16:48:18 [http-nio-8081-exec-1] DEBUG o.s.s.a.m.AuthorizationManagerBeforeMethodInterceptor - Authorized method invocation ReflectiveMethodInvocation: public com.example.backend.dto.response.ApiResponse com.example.backend.controller.AdminController.getAllLocations(int,int); target is of class [com.example.backend.controller.AdminController]
2026-07-05 16:48:18 [http-nio-8081-exec-7] DEBUG o.s.s.a.m.AuthorizationManagerBeforeMethodInterceptor - Authorized method invocation ReflectiveMethodInvocation: public com.example.backend.dto.response.ApiResponse com.example.backend.controller.AdminController.getReports(java.lang.String,int,int); target is of class [com.example.backend.controller.AdminController]
2026-07-05 16:48:18 [http-nio-8081-exec-10] DEBUG o.s.security.web.FilterChainProxy - Securing GET /api/admin/reports?status=PENDING&size=20
2026-07-05 16:48:18 [http-nio-8081-exec-10] DEBUG o.s.security.web.FilterChainProxy - Secured GET /api/admin/reports?status=PENDING&size=20
2026-07-05 16:48:18 [http-nio-8081-exec-10] DEBUG o.s.s.a.m.AuthorizationManagerBeforeMethodInterceptor - Authorizing method invocation ReflectiveMethodInvocation: public com.example.backend.dto.response.ApiResponse com.example.backend.controller.AdminController.getReports(java.lang.String,int,int); target is of class [com.example.backend.controller.AdminController]
2026-07-05 16:48:18 [http-nio-8081-exec-10] DEBUG o.s.s.a.m.AuthorizationManagerBeforeMethodInterceptor - Authorized method invocation ReflectiveMethodInvocation: public com.example.backend.dto.response.ApiResponse com.example.backend.controller.AdminController.getReports(java.lang.String,int,int); target is of class [com.example.backend.controller.AdminController]
2026-07-05 16:48:18 [http-nio-8081-exec-9] DEBUG o.s.security.web.FilterChainProxy - Securing GET /api/admin/locations?page=0&size=10
2026-07-05 16:48:18 [http-nio-8081-exec-9] DEBUG o.s.security.web.FilterChainProxy - Secured GET /api/admin/locations?page=0&size=10
2026-07-05 16:48:18 [http-nio-8081-exec-9] DEBUG o.s.s.a.m.AuthorizationManagerBeforeMethodInterceptor - Authorizing method invocation ReflectiveMethodInvocation: public com.example.backend.dto.response.ApiResponse com.example.backend.controller.AdminController.getAllLocations(int,int); target is of class [com.example.backend.controller.AdminController]
2026-07-05 16:48:18 [http-nio-8081-exec-9] DEBUG o.s.s.a.m.AuthorizationManagerBeforeMethodInterceptor - Authorized method invocation ReflectiveMethodInvocation: public com.example.backend.dto.response.ApiResponse com.example.backend.controller.AdminController.getAllLocations(int,int); target is of class [com.example.backend.controller.AdminController]
2026-07-05 16:48:18 [http-nio-8081-exec-2] DEBUG o.s.security.web.FilterChainProxy - Securing GET /api/admin/stats
2026-07-05 16:48:18 [http-nio-8081-exec-2] DEBUG o.s.security.web.FilterChainProxy - Secured GET /api/admin/stats
2026-07-05 16:48:18 [http-nio-8081-exec-2] DEBUG o.s.s.a.m.AuthorizationManagerBeforeMethodInterceptor - Authorizing method invocation ReflectiveMethodInvocation: public com.example.backend.dto.response.ApiResponse com.example.backend.controller.AdminController.getStats(); target is of class [com.example.backend.controller.AdminController]
2026-07-05 16:48:18 [http-nio-8081-exec-2] DEBUG o.s.s.a.m.AuthorizationManagerBeforeMethodInterceptor - Authorized method invocation ReflectiveMethodInvocation: public com.example.backend.dto.response.ApiResponse com.example.backend.controller.AdminController.getStats(); target is of class [com.example.backend.controller.AdminController]
2026-07-05 16:48:20 [http-nio-8081-exec-4] DEBUG o.s.security.web.FilterChainProxy - Securing PUT /api/admin/locations/b72196ab-25e9-45ad-9381-37f35b034614/status?deleted=1
2026-07-05 16:48:20 [http-nio-8081-exec-4] DEBUG o.s.security.web.FilterChainProxy - Secured PUT /api/admin/locations/b72196ab-25e9-45ad-9381-37f35b034614/status?deleted=1
2026-07-05 16:48:20 [http-nio-8081-exec-4] DEBUG o.s.s.a.m.AuthorizationManagerBeforeMethodInterceptor - Authorizing method invocation ReflectiveMethodInvocation: public com.example.backend.dto.response.ApiResponse com.example.backend.controller.AdminController.toggleLocationStatus(java.lang.String,int); target is of class [com.example.backend.controller.AdminController]
2026-07-05 16:48:20 [http-nio-8081-exec-4] DEBUG o.s.s.a.m.AuthorizationManagerBeforeMethodInterceptor - Authorized method invocation ReflectiveMethodInvocation: public com.example.backend.dto.response.ApiResponse com.example.backend.controller.AdminController.toggleLocationStatus(java.lang.String,int); target is of class [com.example.backend.controller.AdminController]
2026-07-05 16:48:20 [http-nio-8081-exec-4] INFO  c.e.b.s.admin.impl.AdminServiceImpl - Admin updated location b72196ab-25e9-45ad-9381-37f35b034614 status to deleted=1
2026-07-05 16:48:20 [http-nio-8081-exec-5] DEBUG o.s.security.web.FilterChainProxy - Securing GET /api/admin/locations?page=0&size=10
2026-07-05 16:48:20 [http-nio-8081-exec-5] DEBUG o.s.security.web.FilterChainProxy - Secured GET /api/admin/locations?page=0&size=10
2026-07-05 16:48:20 [http-nio-8081-exec-5] DEBUG o.s.s.a.m.AuthorizationManagerBeforeMethodInterceptor - Authorizing method invocation ReflectiveMethodInvocation: public com.example.backend.dto.response.ApiResponse com.example.backend.controller.AdminController.getAllLocations(int,int); target is of class [com.example.backend.controller.AdminController]
2026-07-05 16:48:20 [http-nio-8081-exec-5] DEBUG o.s.s.a.m.AuthorizationManagerBeforeMethodInterceptor - Authorized method invocation ReflectiveMethodInvocation: public com.example.backend.dto.response.ApiResponse com.example.backend.controller.AdminController.getAllLocations(int,int); target is of class [com.example.backend.controller.AdminController]
2026-07-05 16:48:21 [http-nio-8081-exec-7] DEBUG o.s.security.web.FilterChainProxy - Securing PUT /api/admin/locations/d9d38450-5a17-455d-864e-4f8477590860/status?deleted=0
2026-07-05 16:48:21 [http-nio-8081-exec-7] DEBUG o.s.security.web.FilterChainProxy - Secured PUT /api/admin/locations/d9d38450-5a17-455d-864e-4f8477590860/status?deleted=0
2026-07-05 16:48:21 [http-nio-8081-exec-7] DEBUG o.s.s.a.m.AuthorizationManagerBeforeMethodInterceptor - Authorizing method invocation ReflectiveMethodInvocation: public com.example.backend.dto.response.ApiResponse com.example.backend.controller.AdminController.toggleLocationStatus(java.lang.String,int); target is of class [com.example.backend.controller.AdminController]
2026-07-05 16:48:21 [http-nio-8081-exec-7] DEBUG o.s.s.a.m.AuthorizationManagerBeforeMethodInterceptor - Authorized method invocation ReflectiveMethodInvocation: public com.example.backend.dto.response.ApiResponse com.example.backend.controller.AdminController.toggleLocationStatus(java.lang.String,int); target is of class [com.example.backend.controller.AdminController]
2026-07-05 16:48:21 [http-nio-8081-exec-7] INFO  c.e.b.s.admin.impl.AdminServiceImpl - Admin updated location d9d38450-5a17-455d-864e-4f8477590860 status to deleted=0
2026-07-05 16:48:21 [http-nio-8081-exec-1] DEBUG o.s.security.web.FilterChainProxy - Securing GET /api/admin/locations?page=0&size=10
2026-07-05 16:48:21 [http-nio-8081-exec-1] DEBUG o.s.security.web.FilterChainProxy - Secured GET /api/admin/locations?page=0&size=10
2026-07-05 16:48:21 [http-nio-8081-exec-1] DEBUG o.s.s.a.m.AuthorizationManagerBeforeMethodInterceptor - Authorizing method invocation ReflectiveMethodInvocation: public com.example.backend.dto.response.ApiResponse com.example.backend.controller.AdminController.getAllLocations(int,int); target is of class [com.example.backend.controller.AdminController]
2026-07-05 16:48:21 [http-nio-8081-exec-1] DEBUG o.s.s.a.m.AuthorizationManagerBeforeMethodInterceptor - Authorized method invocation ReflectiveMethodInvocation: public com.example.backend.dto.response.ApiResponse com.example.backend.controller.AdminController.getAllLocations(int,int); target is of class [com.example.backend.controller.AdminController]
2026-07-05 16:48:22 [http-nio-8081-exec-4] DEBUG o.s.security.web.FilterChainProxy - Securing GET /api/v1/posts/getAll?size=200
2026-07-05 16:48:22 [http-nio-8081-exec-8] DEBUG o.s.security.web.FilterChainProxy - Securing GET /api/locations?size=20&page=0&level=2
2026-07-05 16:48:22 [http-nio-8081-exec-8] DEBUG o.s.security.web.FilterChainProxy - Secured GET /api/locations?size=20&page=0&level=2
2026-07-05 16:48:22 [http-nio-8081-exec-4] DEBUG o.s.security.web.FilterChainProxy - Secured GET /api/v1/posts/getAll?size=200
2026-07-05 16:48:22 [http-nio-8081-exec-5] DEBUG o.s.security.web.FilterChainProxy - Securing GET /api/locations?size=20&page=0&level=2
2026-07-05 16:48:22 [http-nio-8081-exec-5] DEBUG o.s.security.web.FilterChainProxy - Secured GET /api/locations?size=20&page=0&level=2
2026-07-05 16:48:22 [http-nio-8081-exec-3] DEBUG o.s.security.web.FilterChainProxy - Securing GET /api/v1/posts/getAll?size=200
2026-07-05 16:48:22 [http-nio-8081-exec-3] DEBUG o.s.security.web.FilterChainProxy - Secured GET /api/v1/posts/getAll?size=200
2026-07-05 16:48:24 [http-nio-8081-exec-9] DEBUG o.s.security.web.FilterChainProxy - Securing GET /api/locations/d9d38450-5a17-455d-864e-4f8477590860
2026-07-05 16:48:24 [http-nio-8081-exec-9] DEBUG o.s.security.web.FilterChainProxy - Secured GET /api/locations/d9d38450-5a17-455d-864e-4f8477590860
2026-07-05 16:48:24 [http-nio-8081-exec-10] DEBUG o.s.security.web.FilterChainProxy - Securing GET /api/locations/d9d38450-5a17-455d-864e-4f8477590860
2026-07-05 16:48:24 [http-nio-8081-exec-10] DEBUG o.s.security.web.FilterChainProxy - Secured GET /api/locations/d9d38450-5a17-455d-864e-4f8477590860
2026-07-05 16:48:24 [http-nio-8081-exec-2] DEBUG o.s.security.web.FilterChainProxy - Securing GET /api/v1/posts/location/d9d38450-5a17-455d-864e-4f8477590860?size=50&viewerId=0fb7edf3-c49a-4549-88c5-4999314a331e
2026-07-05 16:48:24 [http-nio-8081-exec-2] DEBUG o.s.security.web.FilterChainProxy - Secured GET /api/v1/posts/location/d9d38450-5a17-455d-864e-4f8477590860?size=50&viewerId=0fb7edf3-c49a-4549-88c5-4999314a331e
2026-07-05 16:48:24 [http-nio-8081-exec-8] DEBUG o.s.security.web.FilterChainProxy - Securing GET /api/v1/posts/location/d9d38450-5a17-455d-864e-4f8477590860?size=50&viewerId=0fb7edf3-c49a-4549-88c5-4999314a331e
2026-07-05 16:48:24 [http-nio-8081-exec-8] DEBUG o.s.security.web.FilterChainProxy - Secured GET /api/v1/posts/location/d9d38450-5a17-455d-864e-4f8477590860?size=50&viewerId=0fb7edf3-c49a-4549-88c5-4999314a331e
2026-07-05 16:48:28 [http-nio-8081-exec-4] DEBUG o.s.security.web.FilterChainProxy - Securing GET /api/locations?size=20&page=0&level=2
2026-07-05 16:48:28 [http-nio-8081-exec-4] DEBUG o.s.security.web.FilterChainProxy - Secured GET /api/locations?size=20&page=0&level=2
2026-07-05 16:48:28 [http-nio-8081-exec-1] DEBUG o.s.security.web.FilterChainProxy - Securing GET /api/locations?size=20&page=0&level=2
2026-07-05 16:48:28 [http-nio-8081-exec-1] DEBUG o.s.security.web.FilterChainProxy - Secured GET /api/locations?size=20&page=0&level=2
2026-07-05 16:48:28 [http-nio-8081-exec-9] DEBUG o.s.security.web.FilterChainProxy - Securing GET /api/v1/posts/getAll?size=200
2026-07-05 16:48:28 [http-nio-8081-exec-9] DEBUG o.s.security.web.FilterChainProxy - Secured GET /api/v1/posts/getAll?size=200
2026-07-05 16:48:28 [http-nio-8081-exec-6] DEBUG o.s.security.web.FilterChainProxy - Securing GET /api/v1/posts/getAll?size=200
2026-07-05 16:48:28 [http-nio-8081-exec-6] DEBUG o.s.security.web.FilterChainProxy - Secured GET /api/v1/posts/getAll?size=200
2026-07-05 16:48:38 [http-nio-8081-exec-7] DEBUG o.s.security.web.FilterChainProxy - Securing GET /api/v1/saved?userId=0fb7edf3-c49a-4549-88c5-4999314a331e
2026-07-05 16:48:38 [http-nio-8081-exec-3] DEBUG o.s.security.web.FilterChainProxy - Securing GET /api/v1/posts/getAll
2026-07-05 16:48:38 [http-nio-8081-exec-4] DEBUG o.s.security.web.FilterChainProxy - Securing GET /api/v1/follow/counts/0fb7edf3-c49a-4549-88c5-4999314a331e
2026-07-05 16:48:38 [http-nio-8081-exec-3] DEBUG o.s.security.web.FilterChainProxy - Secured GET /api/v1/posts/getAll
2026-07-05 16:48:38 [http-nio-8081-exec-4] DEBUG o.s.security.web.FilterChainProxy - Secured GET /api/v1/follow/counts/0fb7edf3-c49a-4549-88c5-4999314a331e
2026-07-05 16:48:38 [http-nio-8081-exec-7] DEBUG o.s.security.web.FilterChainProxy - Secured GET /api/v1/saved?userId=0fb7edf3-c49a-4549-88c5-4999314a331e
2026-07-05 16:48:38 [http-nio-8081-exec-1] DEBUG o.s.security.web.FilterChainProxy - Securing GET /api/v1/follow/counts/0fb7edf3-c49a-4549-88c5-4999314a331e
2026-07-05 16:48:38 [http-nio-8081-exec-1] DEBUG o.s.security.web.FilterChainProxy - Secured GET /api/v1/follow/counts/0fb7edf3-c49a-4549-88c5-4999314a331e
2026-07-05 16:48:38 [http-nio-8081-exec-7] DEBUG o.s.security.web.FilterChainProxy - Securing GET /api/v1/saved?userId=0fb7edf3-c49a-4549-88c5-4999314a331e
2026-07-05 16:48:38 [http-nio-8081-exec-7] DEBUG o.s.security.web.FilterChainProxy - Secured GET /api/v1/saved?userId=0fb7edf3-c49a-4549-88c5-4999314a331e
2026-07-05 16:48:38 [http-nio-8081-exec-6] DEBUG o.s.security.web.FilterChainProxy - Securing GET /api/v1/posts/getAll
2026-07-05 16:48:38 [http-nio-8081-exec-6] DEBUG o.s.security.web.FilterChainProxy - Secured GET /api/v1/posts/getAll
2026-07-05 16:48:38 [http-nio-8081-exec-8] DEBUG o.s.security.web.FilterChainProxy - Securing GET /api/v1/saved?userId=0fb7edf3-c49a-4549-88c5-4999314a331e
2026-07-05 16:48:38 [http-nio-8081-exec-2] DEBUG o.s.security.web.FilterChainProxy - Securing GET /api/v1/follow/counts/0fb7edf3-c49a-4549-88c5-4999314a331e
2026-07-05 16:48:38 [http-nio-8081-exec-2] DEBUG o.s.security.web.FilterChainProxy - Secured GET /api/v1/follow/counts/0fb7edf3-c49a-4549-88c5-4999314a331e
2026-07-05 16:48:38 [http-nio-8081-exec-8] DEBUG o.s.security.web.FilterChainProxy - Secured GET /api/v1/saved?userId=0fb7edf3-c49a-4549-88c5-4999314a331e
2026-07-05 16:48:38 [http-nio-8081-exec-10] DEBUG o.s.security.web.FilterChainProxy - Securing GET /api/v1/follow/counts/0fb7edf3-c49a-4549-88c5-4999314a331e
2026-07-05 16:48:38 [http-nio-8081-exec-10] DEBUG o.s.security.web.FilterChainProxy - Secured GET /api/v1/follow/counts/0fb7edf3-c49a-4549-88c5-4999314a331e
2026-07-05 16:48:38 [http-nio-8081-exec-5] DEBUG o.s.security.web.FilterChainProxy - Securing GET /api/v1/saved?userId=0fb7edf3-c49a-4549-88c5-4999314a331e
2026-07-05 16:48:38 [http-nio-8081-exec-5] DEBUG o.s.security.web.FilterChainProxy - Secured GET /api/v1/saved?userId=0fb7edf3-c49a-4549-88c5-4999314a331e
2026-07-05 16:48:51 [http-nio-8081-exec-2] DEBUG o.s.security.web.FilterChainProxy - Securing GET /api/locations?size=20&page=0&level=2
2026-07-05 16:48:51 [http-nio-8081-exec-3] DEBUG o.s.security.web.FilterChainProxy - Securing GET /api/v1/posts/getAll?size=200
2026-07-05 16:48:51 [http-nio-8081-exec-3] DEBUG o.s.security.web.FilterChainProxy - Secured GET /api/v1/posts/getAll?size=200
2026-07-05 16:48:51 [http-nio-8081-exec-2] DEBUG o.s.security.web.FilterChainProxy - Secured GET /api/locations?size=20&page=0&level=2
2026-07-05 16:48:51 [http-nio-8081-exec-8] DEBUG o.s.security.web.FilterChainProxy - Securing GET /api/locations?size=20&page=0&level=2
2026-07-05 16:48:51 [http-nio-8081-exec-8] DEBUG o.s.security.web.FilterChainProxy - Secured GET /api/locations?size=20&page=0&level=2
2026-07-05 16:48:51 [http-nio-8081-exec-10] DEBUG o.s.security.web.FilterChainProxy - Securing GET /api/v1/posts/getAll?size=200
2026-07-05 16:48:51 [http-nio-8081-exec-10] DEBUG o.s.security.web.FilterChainProxy - Secured GET /api/v1/posts/getAll?size=200
2026-07-05 16:49:35 [http-nio-8081-exec-3] DEBUG o.s.security.web.FilterChainProxy - Securing GET /api/admin/stats
2026-07-05 16:49:35 [http-nio-8081-exec-8] DEBUG o.s.security.web.FilterChainProxy - Securing GET /api/admin/posts?page=0&size=10&pending=true
2026-07-05 16:49:35 [http-nio-8081-exec-10] DEBUG o.s.security.web.FilterChainProxy - Securing GET /api/admin/reports?status=PENDING&size=20
2026-07-05 16:49:35 [http-nio-8081-exec-3] DEBUG o.s.security.web.FilterChainProxy - Secured GET /api/admin/stats
2026-07-05 16:49:35 [http-nio-8081-exec-8] DEBUG o.s.security.web.FilterChainProxy - Secured GET /api/admin/posts?page=0&size=10&pending=true
2026-07-05 16:49:35 [http-nio-8081-exec-10] DEBUG o.s.security.web.FilterChainProxy - Secured GET /api/admin/reports?status=PENDING&size=20
2026-07-05 16:49:35 [http-nio-8081-exec-3] DEBUG o.s.s.a.m.AuthorizationManagerBeforeMethodInterceptor - Authorizing method invocation ReflectiveMethodInvocation: public com.example.backend.dto.response.ApiResponse com.example.backend.controller.AdminController.getStats(); target is of class [com.example.backend.controller.AdminController]
2026-07-05 16:49:35 [http-nio-8081-exec-10] DEBUG o.s.s.a.m.AuthorizationManagerBeforeMethodInterceptor - Authorizing method invocation ReflectiveMethodInvocation: public com.example.backend.dto.response.ApiResponse com.example.backend.controller.AdminController.getReports(java.lang.String,int,int); target is of class [com.example.backend.controller.AdminController]
2026-07-05 16:49:35 [http-nio-8081-exec-3] DEBUG o.s.s.a.m.AuthorizationManagerBeforeMethodInterceptor - Authorized method invocation ReflectiveMethodInvocation: public com.example.backend.dto.response.ApiResponse com.example.backend.controller.AdminController.getStats(); target is of class [com.example.backend.controller.AdminController]
2026-07-05 16:49:35 [http-nio-8081-exec-10] DEBUG o.s.s.a.m.AuthorizationManagerBeforeMethodInterceptor - Authorized method invocation ReflectiveMethodInvocation: public com.example.backend.dto.response.ApiResponse com.example.backend.controller.AdminController.getReports(java.lang.String,int,int); target is of class [com.example.backend.controller.AdminController]
2026-07-05 16:49:35 [http-nio-8081-exec-8] DEBUG o.s.s.a.m.AuthorizationManagerBeforeMethodInterceptor - Authorizing method invocation ReflectiveMethodInvocation: public com.example.backend.dto.response.ApiResponse com.example.backend.controller.AdminController.getAllPosts(int,int,boolean); target is of class [com.example.backend.controller.AdminController]
2026-07-05 16:49:35 [http-nio-8081-exec-8] DEBUG o.s.s.a.m.AuthorizationManagerBeforeMethodInterceptor - Authorized method invocation ReflectiveMethodInvocation: public com.example.backend.dto.response.ApiResponse com.example.backend.controller.AdminController.getAllPosts(int,int,boolean); target is of class [com.example.backend.controller.AdminController]
2026-07-05 16:49:35 [http-nio-8081-exec-5] DEBUG o.s.security.web.FilterChainProxy - Securing GET /api/admin/reports?status=PENDING&size=20
2026-07-05 16:49:35 [http-nio-8081-exec-5] DEBUG o.s.security.web.FilterChainProxy - Secured GET /api/admin/reports?status=PENDING&size=20
2026-07-05 16:49:35 [http-nio-8081-exec-5] DEBUG o.s.s.a.m.AuthorizationManagerBeforeMethodInterceptor - Authorizing method invocation ReflectiveMethodInvocation: public com.example.backend.dto.response.ApiResponse com.example.backend.controller.AdminController.getReports(java.lang.String,int,int); target is of class [com.example.backend.controller.AdminController]
2026-07-05 16:49:35 [http-nio-8081-exec-5] DEBUG o.s.s.a.m.AuthorizationManagerBeforeMethodInterceptor - Authorized method invocation ReflectiveMethodInvocation: public com.example.backend.dto.response.ApiResponse com.example.backend.controller.AdminController.getReports(java.lang.String,int,int); target is of class [com.example.backend.controller.AdminController]
2026-07-05 16:49:35 [http-nio-8081-exec-6] DEBUG o.s.security.web.FilterChainProxy - Securing GET /api/admin/posts?page=0&size=10&pending=true
2026-07-05 16:49:35 [http-nio-8081-exec-6] DEBUG o.s.security.web.FilterChainProxy - Secured GET /api/admin/posts?page=0&size=10&pending=true
2026-07-05 16:49:35 [http-nio-8081-exec-6] DEBUG o.s.s.a.m.AuthorizationManagerBeforeMethodInterceptor - Authorizing method invocation ReflectiveMethodInvocation: public com.example.backend.dto.response.ApiResponse com.example.backend.controller.AdminController.getAllPosts(int,int,boolean); target is of class [com.example.backend.controller.AdminController]
2026-07-05 16:49:35 [http-nio-8081-exec-6] DEBUG o.s.s.a.m.AuthorizationManagerBeforeMethodInterceptor - Authorized method invocation ReflectiveMethodInvocation: public com.example.backend.dto.response.ApiResponse com.example.backend.controller.AdminController.getAllPosts(int,int,boolean); target is of class [com.example.backend.controller.AdminController]
2026-07-05 16:49:35 [http-nio-8081-exec-1] DEBUG o.s.security.web.FilterChainProxy - Securing GET /api/admin/stats
2026-07-05 16:49:35 [http-nio-8081-exec-1] DEBUG o.s.security.web.FilterChainProxy - Secured GET /api/admin/stats
2026-07-05 16:49:35 [http-nio-8081-exec-1] DEBUG o.s.s.a.m.AuthorizationManagerBeforeMethodInterceptor - Authorizing method invocation ReflectiveMethodInvocation: public com.example.backend.dto.response.ApiResponse com.example.backend.controller.AdminController.getStats(); target is of class [com.example.backend.controller.AdminController]
2026-07-05 16:49:35 [http-nio-8081-exec-1] DEBUG o.s.s.a.m.AuthorizationManagerBeforeMethodInterceptor - Authorized method invocation ReflectiveMethodInvocation: public com.example.backend.dto.response.ApiResponse com.example.backend.controller.AdminController.getStats(); target is of class [com.example.backend.controller.AdminController]
2026-07-05 16:49:44 [http-nio-8081-exec-4] DEBUG o.s.security.web.FilterChainProxy - Securing GET /api/admin/posts?page=0&size=10&pending=true
2026-07-05 16:49:44 [http-nio-8081-exec-4] DEBUG o.s.security.web.FilterChainProxy - Secured GET /api/admin/posts?page=0&size=10&pending=true
2026-07-05 16:49:44 [http-nio-8081-exec-4] DEBUG o.s.s.a.m.AuthorizationManagerBeforeMethodInterceptor - Authorizing method invocation ReflectiveMethodInvocation: public com.example.backend.dto.response.ApiResponse com.example.backend.controller.AdminController.getAllPosts(int,int,boolean); target is of class [com.example.backend.controller.AdminController]
2026-07-05 16:49:44 [http-nio-8081-exec-4] DEBUG o.s.s.a.m.AuthorizationManagerBeforeMethodInterceptor - Authorized method invocation ReflectiveMethodInvocation: public com.example.backend.dto.response.ApiResponse com.example.backend.controller.AdminController.getAllPosts(int,int,boolean); target is of class [com.example.backend.controller.AdminController]
2026-07-05 16:49:45 [http-nio-8081-exec-2] DEBUG o.s.security.web.FilterChainProxy - Securing GET /api/admin/users?page=0&size=10
2026-07-05 16:49:45 [http-nio-8081-exec-2] DEBUG o.s.security.web.FilterChainProxy - Secured GET /api/admin/users?page=0&size=10
2026-07-05 16:49:45 [http-nio-8081-exec-2] DEBUG o.s.s.a.m.AuthorizationManagerBeforeMethodInterceptor - Authorizing method invocation ReflectiveMethodInvocation: public com.example.backend.dto.response.ApiResponse com.example.backend.controller.AdminController.getAllUsers(int,int); target is of class [com.example.backend.controller.AdminController]
2026-07-05 16:49:45 [http-nio-8081-exec-2] DEBUG o.s.s.a.m.AuthorizationManagerBeforeMethodInterceptor - Authorized method invocation ReflectiveMethodInvocation: public com.example.backend.dto.response.ApiResponse com.example.backend.controller.AdminController.getAllUsers(int,int); target is of class [com.example.backend.controller.AdminController]
2026-07-05 16:49:47 [http-nio-8081-exec-10] DEBUG o.s.security.web.FilterChainProxy - Securing GET /api/admin/posts?page=0&size=10&pending=true
2026-07-05 16:49:47 [http-nio-8081-exec-10] DEBUG o.s.security.web.FilterChainProxy - Secured GET /api/admin/posts?page=0&size=10&pending=true
2026-07-05 16:49:47 [http-nio-8081-exec-10] DEBUG o.s.s.a.m.AuthorizationManagerBeforeMethodInterceptor - Authorizing method invocation ReflectiveMethodInvocation: public com.example.backend.dto.response.ApiResponse com.example.backend.controller.AdminController.getAllPosts(int,int,boolean); target is of class [com.example.backend.controller.AdminController]
2026-07-05 16:49:47 [http-nio-8081-exec-10] DEBUG o.s.s.a.m.AuthorizationManagerBeforeMethodInterceptor - Authorized method invocation ReflectiveMethodInvocation: public com.example.backend.dto.response.ApiResponse com.example.backend.controller.AdminController.getAllPosts(int,int,boolean); target is of class [com.example.backend.controller.AdminController]
2026-07-05 16:51:42 [http-nio-8081-exec-4] DEBUG o.s.security.web.FilterChainProxy - Securing GET /api/v1/notifications/unread-count
2026-07-05 16:51:42 [http-nio-8081-exec-4] DEBUG o.s.security.web.FilterChainProxy - Secured GET /api/v1/notifications/unread-count
2026-07-05 16:53:47 [http-nio-8081-exec-10] DEBUG o.s.security.web.FilterChainProxy - Securing GET /api/v1/notifications/unread-count
2026-07-05 16:53:47 [http-nio-8081-exec-10] DEBUG o.s.security.web.FilterChainProxy - Secured GET /api/v1/notifications/unread-count
2026-07-05 16:54:08 [http-nio-8081-exec-3] DEBUG o.s.security.web.FilterChainProxy - Securing GET /api/admin/stats
2026-07-05 16:54:08 [http-nio-8081-exec-3] DEBUG o.s.security.web.FilterChainProxy - Secured GET /api/admin/stats
2026-07-05 16:54:08 [http-nio-8081-exec-3] DEBUG o.s.s.a.m.AuthorizationManagerBeforeMethodInterceptor - Authorizing method invocation ReflectiveMethodInvocation: public com.example.backend.dto.response.ApiResponse com.example.backend.controller.AdminController.getStats(); target is of class [com.example.backend.controller.AdminController]
2026-07-05 16:54:08 [http-nio-8081-exec-7] DEBUG o.s.security.web.FilterChainProxy - Securing GET /api/admin/posts?page=0&size=10&pending=true
2026-07-05 16:54:08 [http-nio-8081-exec-1] DEBUG o.s.security.web.FilterChainProxy - Securing GET /api/admin/reports?status=PENDING&size=20
2026-07-05 16:54:08 [http-nio-8081-exec-3] DEBUG o.s.s.a.m.AuthorizationManagerBeforeMethodInterceptor - Authorized method invocation ReflectiveMethodInvocation: public com.example.backend.dto.response.ApiResponse com.example.backend.controller.AdminController.getStats(); target is of class [com.example.backend.controller.AdminController]
2026-07-05 16:54:08 [http-nio-8081-exec-7] DEBUG o.s.security.web.FilterChainProxy - Secured GET /api/admin/posts?page=0&size=10&pending=true
2026-07-05 16:54:08 [http-nio-8081-exec-1] DEBUG o.s.security.web.FilterChainProxy - Secured GET /api/admin/reports?status=PENDING&size=20
2026-07-05 16:54:08 [http-nio-8081-exec-1] DEBUG o.s.s.a.m.AuthorizationManagerBeforeMethodInterceptor - Authorizing method invocation ReflectiveMethodInvocation: public com.example.backend.dto.response.ApiResponse com.example.backend.controller.AdminController.getReports(java.lang.String,int,int); target is of class [com.example.backend.controller.AdminController]
2026-07-05 16:54:08 [http-nio-8081-exec-1] DEBUG o.s.s.a.m.AuthorizationManagerBeforeMethodInterceptor - Authorized method invocation ReflectiveMethodInvocation: public com.example.backend.dto.response.ApiResponse com.example.backend.controller.AdminController.getReports(java.lang.String,int,int); target is of class [com.example.backend.controller.AdminController]
2026-07-05 16:54:08 [http-nio-8081-exec-7] DEBUG o.s.s.a.m.AuthorizationManagerBeforeMethodInterceptor - Authorizing method invocation ReflectiveMethodInvocation: public com.example.backend.dto.response.ApiResponse com.example.backend.controller.AdminController.getAllPosts(int,int,boolean); target is of class [com.example.backend.controller.AdminController]
2026-07-05 16:54:08 [http-nio-8081-exec-7] DEBUG o.s.s.a.m.AuthorizationManagerBeforeMethodInterceptor - Authorized method invocation ReflectiveMethodInvocation: public com.example.backend.dto.response.ApiResponse com.example.backend.controller.AdminController.getAllPosts(int,int,boolean); target is of class [com.example.backend.controller.AdminController]
2026-07-05 16:55:01 [http-nio-8081-exec-2] DEBUG o.s.security.web.FilterChainProxy - Securing GET /api/admin/posts?page=0&size=10
2026-07-05 16:55:01 [http-nio-8081-exec-2] DEBUG o.s.security.web.FilterChainProxy - Secured GET /api/admin/posts?page=0&size=10
2026-07-05 16:55:01 [http-nio-8081-exec-2] DEBUG o.s.s.a.m.AuthorizationManagerBeforeMethodInterceptor - Authorizing method invocation ReflectiveMethodInvocation: public com.example.backend.dto.response.ApiResponse com.example.backend.controller.AdminController.getAllPosts(int,int,boolean); target is of class [com.example.backend.controller.AdminController]
2026-07-05 16:55:01 [http-nio-8081-exec-2] DEBUG o.s.s.a.m.AuthorizationManagerBeforeMethodInterceptor - Authorized method invocation ReflectiveMethodInvocation: public com.example.backend.dto.response.ApiResponse com.example.backend.controller.AdminController.getAllPosts(int,int,boolean); target is of class [com.example.backend.controller.AdminController]
2026-07-05 16:55:03 [http-nio-8081-exec-5] DEBUG o.s.security.web.FilterChainProxy - Securing GET /api/admin/posts?page=0&size=10&pending=true
2026-07-05 16:55:03 [http-nio-8081-exec-5] DEBUG o.s.security.web.FilterChainProxy - Secured GET /api/admin/posts?page=0&size=10&pending=true
2026-07-05 16:55:03 [http-nio-8081-exec-5] DEBUG o.s.s.a.m.AuthorizationManagerBeforeMethodInterceptor - Authorizing method invocation ReflectiveMethodInvocation: public com.example.backend.dto.response.ApiResponse com.example.backend.controller.AdminController.getAllPosts(int,int,boolean); target is of class [com.example.backend.controller.AdminController]
2026-07-05 16:55:03 [http-nio-8081-exec-5] DEBUG o.s.s.a.m.AuthorizationManagerBeforeMethodInterceptor - Authorized method invocation ReflectiveMethodInvocation: public com.example.backend.dto.response.ApiResponse com.example.backend.controller.AdminController.getAllPosts(int,int,boolean); target is of class [com.example.backend.controller.AdminController]
2026-07-05 16:55:04 [http-nio-8081-exec-8] DEBUG o.s.security.web.FilterChainProxy - Securing GET /api/admin/posts?page=0&size=10
2026-07-05 16:55:04 [http-nio-8081-exec-8] DEBUG o.s.security.web.FilterChainProxy - Secured GET /api/admin/posts?page=0&size=10
2026-07-05 16:55:04 [http-nio-8081-exec-8] DEBUG o.s.s.a.m.AuthorizationManagerBeforeMethodInterceptor - Authorizing method invocation ReflectiveMethodInvocation: public com.example.backend.dto.response.ApiResponse com.example.backend.controller.AdminController.getAllPosts(int,int,boolean); target is of class [com.example.backend.controller.AdminController]
2026-07-05 16:55:04 [http-nio-8081-exec-8] DEBUG o.s.s.a.m.AuthorizationManagerBeforeMethodInterceptor - Authorized method invocation ReflectiveMethodInvocation: public com.example.backend.dto.response.ApiResponse com.example.backend.controller.AdminController.getAllPosts(int,int,boolean); target is of class [com.example.backend.controller.AdminController]
2026-07-05 16:55:05 [http-nio-8081-exec-6] DEBUG o.s.security.web.FilterChainProxy - Securing GET /api/admin/posts?page=0&size=10&pending=true
2026-07-05 16:55:05 [http-nio-8081-exec-6] DEBUG o.s.security.web.FilterChainProxy - Secured GET /api/admin/posts?page=0&size=10&pending=true
2026-07-05 16:55:05 [http-nio-8081-exec-6] DEBUG o.s.s.a.m.AuthorizationManagerBeforeMethodInterceptor - Authorizing method invocation ReflectiveMethodInvocation: public com.example.backend.dto.response.ApiResponse com.example.backend.controller.AdminController.getAllPosts(int,int,boolean); target is of class [com.example.backend.controller.AdminController]
2026-07-05 16:55:05 [http-nio-8081-exec-6] DEBUG o.s.s.a.m.AuthorizationManagerBeforeMethodInterceptor - Authorized method invocation ReflectiveMethodInvocation: public com.example.backend.dto.response.ApiResponse com.example.backend.controller.AdminController.getAllPosts(int,int,boolean); target is of class [com.example.backend.controller.AdminController]
2026-07-05 16:56:42 [http-nio-8081-exec-9] DEBUG o.s.security.web.FilterChainProxy - Securing GET /api/v1/notifications/unread-count
2026-07-05 16:56:42 [http-nio-8081-exec-9] DEBUG o.s.security.web.FilterChainProxy - Secured GET /api/v1/notifications/unread-count
2026-07-05 16:57:38 [http-nio-8081-exec-6] DEBUG o.s.security.web.FilterChainProxy - Securing GET /api/admin/stats
2026-07-05 16:57:38 [http-nio-8081-exec-6] DEBUG o.s.security.web.FilterChainProxy - Secured GET /api/admin/stats
2026-07-05 16:57:38 [http-nio-8081-exec-6] DEBUG o.s.s.a.m.AuthorizationManagerBeforeMethodInterceptor - Authorizing method invocation ReflectiveMethodInvocation: public com.example.backend.dto.response.ApiResponse com.example.backend.controller.AdminController.getStats(); target is of class [com.example.backend.controller.AdminController]
2026-07-05 16:57:38 [http-nio-8081-exec-6] DEBUG o.s.s.a.m.AuthorizationManagerBeforeMethodInterceptor - Authorized method invocation ReflectiveMethodInvocation: public com.example.backend.dto.response.ApiResponse com.example.backend.controller.AdminController.getStats(); target is of class [com.example.backend.controller.AdminController]
2026-07-05 16:57:38 [http-nio-8081-exec-3] DEBUG o.s.security.web.FilterChainProxy - Securing GET /api/admin/reports?status=PENDING&size=20
2026-07-05 16:57:38 [http-nio-8081-exec-7] DEBUG o.s.security.web.FilterChainProxy - Securing GET /api/admin/posts?page=0&size=10&pending=true
2026-07-05 16:57:38 [http-nio-8081-exec-1] DEBUG o.s.security.web.FilterChainProxy - Securing GET /users/me
2026-07-05 16:57:38 [http-nio-8081-exec-3] DEBUG o.s.security.web.FilterChainProxy - Secured GET /api/admin/reports?status=PENDING&size=20
2026-07-05 16:57:38 [http-nio-8081-exec-7] DEBUG o.s.security.web.FilterChainProxy - Secured GET /api/admin/posts?page=0&size=10&pending=true
2026-07-05 16:57:38 [http-nio-8081-exec-1] DEBUG o.s.security.web.FilterChainProxy - Secured GET /users/me
2026-07-05 16:57:38 [http-nio-8081-exec-7] DEBUG o.s.s.a.m.AuthorizationManagerBeforeMethodInterceptor - Authorizing method invocation ReflectiveMethodInvocation: public com.example.backend.dto.response.ApiResponse com.example.backend.controller.AdminController.getAllPosts(int,int,boolean); target is of class [com.example.backend.controller.AdminController]
2026-07-05 16:57:38 [http-nio-8081-exec-3] DEBUG o.s.s.a.m.AuthorizationManagerBeforeMethodInterceptor - Authorizing method invocation ReflectiveMethodInvocation: public com.example.backend.dto.response.ApiResponse com.example.backend.controller.AdminController.getReports(java.lang.String,int,int); target is of class [com.example.backend.controller.AdminController]
2026-07-05 16:57:38 [http-nio-8081-exec-7] DEBUG o.s.s.a.m.AuthorizationManagerBeforeMethodInterceptor - Authorized method invocation ReflectiveMethodInvocation: public com.example.backend.dto.response.ApiResponse com.example.backend.controller.AdminController.getAllPosts(int,int,boolean); target is of class [com.example.backend.controller.AdminController]
2026-07-05 16:57:38 [http-nio-8081-exec-3] DEBUG o.s.s.a.m.AuthorizationManagerBeforeMethodInterceptor - Authorized method invocation ReflectiveMethodInvocation: public com.example.backend.dto.response.ApiResponse com.example.backend.controller.AdminController.getReports(java.lang.String,int,int); target is of class [com.example.backend.controller.AdminController]
2026-07-05 16:57:38 [http-nio-8081-exec-8] DEBUG o.s.security.web.FilterChainProxy - Securing GET /chat/conversations
2026-07-05 16:57:38 [http-nio-8081-exec-5] DEBUG o.s.security.web.FilterChainProxy - Securing GET /api/v1/notifications/unread-count
2026-07-05 16:57:38 [http-nio-8081-exec-10] DEBUG o.s.security.web.FilterChainProxy - Securing GET /api/v1/notifications/stream?token=eyJhbGciOiJIUzI1NiJ9.eyJzdWIiOiJUdW5hLWFkbWluIiwicGVybWlzc2lvbnMiOlsiUk9MRV9BRE1JTiJdLCJpc3MiOiJkZXZ0ZXJpYS5jb20iLCJleHAiOjE3Nzk1MjAyNzUsImlhdCI6MTc3OTUxMzA3NSwidXNlcklkIjoiMGZiN2VkZjMtYzQ5YS00NTQ5LTg4YzUtNDk5OTMxNGEzMzFlIn0.bJu3f8N3VUhzhAlzxn07v98jJkgoo3H20isKAEyAScU
2026-07-05 16:57:38 [http-nio-8081-exec-8] DEBUG o.s.security.web.FilterChainProxy - Secured GET /chat/conversations
2026-07-05 16:57:38 [http-nio-8081-exec-10] DEBUG o.s.security.web.FilterChainProxy - Secured GET /api/v1/notifications/stream?token=eyJhbGciOiJIUzI1NiJ9.eyJzdWIiOiJUdW5hLWFkbWluIiwicGVybWlzc2lvbnMiOlsiUk9MRV9BRE1JTiJdLCJpc3MiOiJkZXZ0ZXJpYS5jb20iLCJleHAiOjE3Nzk1MjAyNzUsImlhdCI6MTc3OTUxMzA3NSwidXNlcklkIjoiMGZiN2VkZjMtYzQ5YS00NTQ5LTg4YzUtNDk5OTMxNGEzMzFlIn0.bJu3f8N3VUhzhAlzxn07v98jJkgoo3H20isKAEyAScU
2026-07-05 16:57:38 [http-nio-8081-exec-5] DEBUG o.s.security.web.FilterChainProxy - Secured GET /api/v1/notifications/unread-count
2026-07-05 16:57:38 [http-nio-8081-exec-3] DEBUG o.s.security.web.FilterChainProxy - Securing GET /api/v1/notifications/unread-count
2026-07-05 16:57:38 [http-nio-8081-exec-3] DEBUG o.s.security.web.FilterChainProxy - Secured GET /api/v1/notifications/unread-count
2026-07-05 16:57:38 [http-nio-8081-exec-1] DEBUG o.s.security.web.FilterChainProxy - Securing GET /chat/conversations
2026-07-05 16:57:38 [http-nio-8081-exec-1] DEBUG o.s.security.web.FilterChainProxy - Secured GET /chat/conversations
2026-07-05 16:57:39 [http-nio-8081-exec-7] DEBUG o.s.security.web.FilterChainProxy - Securing GET /api/v1/notifications/stream?token=eyJhbGciOiJIUzI1NiJ9.eyJzdWIiOiJUdW5hLWFkbWluIiwicGVybWlzc2lvbnMiOlsiUk9MRV9BRE1JTiJdLCJpc3MiOiJkZXZ0ZXJpYS5jb20iLCJleHAiOjE3Nzk1MjAyNzUsImlhdCI6MTc3OTUxMzA3NSwidXNlcklkIjoiMGZiN2VkZjMtYzQ5YS00NTQ5LTg4YzUtNDk5OTMxNGEzMzFlIn0.bJu3f8N3VUhzhAlzxn07v98jJkgoo3H20isKAEyAScU
2026-07-05 16:57:39 [http-nio-8081-exec-7] DEBUG o.s.security.web.FilterChainProxy - Secured GET /api/v1/notifications/stream?token=eyJhbGciOiJIUzI1NiJ9.eyJzdWIiOiJUdW5hLWFkbWluIiwicGVybWlzc2lvbnMiOlsiUk9MRV9BRE1JTiJdLCJpc3MiOiJkZXZ0ZXJpYS5jb20iLCJleHAiOjE3Nzk1MjAyNzUsImlhdCI6MTc3OTUxMzA3NSwidXNlcklkIjoiMGZiN2VkZjMtYzQ5YS00NTQ5LTg4YzUtNDk5OTMxNGEzMzFlIn0.bJu3f8N3VUhzhAlzxn07v98jJkgoo3H20isKAEyAScU
2026-07-05 16:57:39 [http-nio-8081-exec-7] ERROR c.e.b.e.GlobalExceptionHandler - Unhandled Exception: 
org.springframework.web.context.request.async.AsyncRequestNotUsableException: Servlet container error notification for disconnected client
	at org.springframework.web.context.request.async.WebAsyncManager.lambda$startDeferredResultProcessing$1(WebAsyncManager.java:443)
	at org.springframework.web.context.request.async.StandardServletAsyncWebRequest.lambda$onError$0(StandardServletAsyncWebRequest.java:193)
	at java.base/java.util.ArrayList.forEach(ArrayList.java:1511)
	at org.springframework.web.context.request.async.StandardServletAsyncWebRequest.onError(StandardServletAsyncWebRequest.java:193)
	at org.apache.catalina.core.AsyncListenerWrapper.fireOnError(AsyncListenerWrapper.java:49)
	at org.apache.catalina.core.AsyncContextImpl.setErrorState(AsyncContextImpl.java:411)
	at org.apache.catalina.connector.CoyoteAdapter.asyncDispatch(CoyoteAdapter.java:154)
	at org.apache.coyote.AbstractProcessor.dispatch(AbstractProcessor.java:242)
	at org.apache.coyote.AbstractProcessorLight.process(AbstractProcessorLight.java:57)
	at org.apache.coyote.AbstractProtocol$ConnectionHandler.process(AbstractProtocol.java:903)
	at org.apache.tomcat.util.net.NioEndpoint$SocketProcessor.doRun(NioEndpoint.java:1779)
	at org.apache.tomcat.util.net.SocketProcessorBase.run(SocketProcessorBase.java:52)
	at org.apache.tomcat.util.threads.ThreadPoolExecutor.runWorker(ThreadPoolExecutor.java:946)
	at org.apache.tomcat.util.threads.ThreadPoolExecutor$Worker.run(ThreadPoolExecutor.java:480)
	at org.apache.tomcat.util.threads.TaskThread$WrappingRunnable.run(TaskThread.java:57)
	at java.base/java.lang.Thread.run(Thread.java:840)
Caused by: java.io.IOException: An established connection was aborted by the software in your host machine
	at java.base/sun.nio.ch.SocketDispatcher.write0(Native Method)
	at java.base/sun.nio.ch.SocketDispatcher.write(SocketDispatcher.java:54)
	at java.base/sun.nio.ch.IOUtil.writeFromNativeBuffer(IOUtil.java:132)
	at java.base/sun.nio.ch.IOUtil.write(IOUtil.java:97)
	at java.base/sun.nio.ch.IOUtil.write(IOUtil.java:53)
	at java.base/sun.nio.ch.SocketChannelImpl.write(SocketChannelImpl.java:532)
	at org.apache.tomcat.util.net.NioChannel.write(NioChannel.java:129)
	at org.apache.tomcat.util.net.NioEndpoint$NioSocketWrapper.doWrite(NioEndpoint.java:1419)
	at org.apache.tomcat.util.net.SocketWrapperBase.doWrite(SocketWrapperBase.java:747)
	at org.apache.tomcat.util.net.SocketWrapperBase.flushBlocking(SocketWrapperBase.java:713)
	at org.apache.tomcat.util.net.SocketWrapperBase.flush(SocketWrapperBase.java:698)
	at org.apache.coyote.http11.Http11OutputBuffer$SocketOutputBuffer.flush(Http11OutputBuffer.java:563)
	at org.apache.coyote.http11.filters.ChunkedOutputFilter.flush(ChunkedOutputFilter.java:154)
	at org.apache.coyote.http11.Http11OutputBuffer.flush(Http11OutputBuffer.java:216)
	at org.apache.coyote.http11.Http11Processor.flush(Http11Processor.java:1271)
	at org.apache.coyote.AbstractProcessor.action(AbstractProcessor.java:407)
	at org.apache.coyote.Response.action(Response.java:197)
	at org.apache.catalina.connector.OutputBuffer.doFlush(OutputBuffer.java:286)
	at org.apache.catalina.connector.OutputBuffer.flush(OutputBuffer.java:252)
	at org.apache.catalina.connector.CoyoteOutputStream.flush(CoyoteOutputStream.java:134)
	at org.springframework.security.web.util.OnCommittedResponseWrapper$SaveContextServletOutputStream.flush(OnCommittedResponseWrapper.java:524)
	at org.springframework.web.context.request.async.StandardServletAsyncWebRequest$LifecycleServletOutputStream.flush(StandardServletAsyncWebRequest.java:410)
	at org.springframework.http.converter.AbstractHttpMessageConverter.write(AbstractHttpMessageConverter.java:233)
	at org.springframework.web.servlet.mvc.method.annotation.ResponseBodyEmitterReturnValueHandler$DefaultSseEmitterHandler.sendInternal(ResponseBodyEmitterReturnValueHandler.java:315)
	at org.springframework.web.servlet.mvc.method.annotation.ResponseBodyEmitterReturnValueHandler$DefaultSseEmitterHandler.send(ResponseBodyEmitterReturnValueHandler.java:302)
	at org.springframework.web.servlet.mvc.method.annotation.ResponseBodyEmitter.sendInternal(ResponseBodyEmitter.java:253)
	at org.springframework.web.servlet.mvc.method.annotation.ResponseBodyEmitter.send(ResponseBodyEmitter.java:240)
	at org.springframework.web.servlet.mvc.method.annotation.SseEmitter.send(SseEmitter.java:130)
	at com.example.backend.service.notification.NotificationSseService.lambda$connect$4(NotificationSseService.java:34)
	at java.base/java.util.concurrent.CompletableFuture$AsyncRun.run(CompletableFuture.java:1804)
	at java.base/java.util.concurrent.CompletableFuture$AsyncRun.exec(CompletableFuture.java:1796)
	at java.base/java.util.concurrent.ForkJoinTask.doExec(ForkJoinTask.java:373)
	at java.base/java.util.concurrent.ForkJoinPool$WorkQueue.topLevelExec(ForkJoinPool.java:1182)
	at java.base/java.util.concurrent.ForkJoinPool.scan(ForkJoinPool.java:1655)
	at java.base/java.util.concurrent.ForkJoinPool.runWorker(ForkJoinPool.java:1622)
	at java.base/java.util.concurrent.ForkJoinWorkerThread.run(ForkJoinWorkerThread.java:165)
2026-07-05 16:57:39 [http-nio-8081-exec-7] WARN  o.s.w.s.m.m.a.ExceptionHandlerExceptionResolver - Failure in @ExceptionHandler com.example.backend.exception.GlobalExceptionHandler#handleException(Exception)
org.springframework.http.converter.HttpMessageNotWritableException: No converter for [class com.example.backend.dto.response.ApiResponse] with preset Content-Type 'text/event-stream'
	at org.springframework.web.servlet.mvc.method.annotation.AbstractMessageConverterMethodProcessor.writeWithMessageConverters(AbstractMessageConverterMethodProcessor.java:364)
	at org.springframework.web.servlet.mvc.method.annotation.HttpEntityMethodProcessor.handleReturnValue(HttpEntityMethodProcessor.java:261)
	at org.springframework.web.method.support.HandlerMethodReturnValueHandlerComposite.handleReturnValue(HandlerMethodReturnValueHandlerComposite.java:78)
	at org.springframework.web.servlet.mvc.method.annotation.ServletInvocableHandlerMethod.invokeAndHandle(ServletInvocableHandlerMethod.java:135)
	at org.springframework.web.servlet.mvc.method.annotation.ExceptionHandlerExceptionResolver.doResolveHandlerMethodException(ExceptionHandlerExceptionResolver.java:460)
	at org.springframework.web.servlet.handler.AbstractHandlerMethodExceptionResolver.doResolveException(AbstractHandlerMethodExceptionResolver.java:72)
	at org.springframework.web.servlet.handler.AbstractHandlerExceptionResolver.resolveException(AbstractHandlerExceptionResolver.java:176)
	at org.springframework.web.servlet.handler.HandlerExceptionResolverComposite.resolveException(HandlerExceptionResolverComposite.java:78)
	at org.springframework.web.servlet.DispatcherServlet.processHandlerException(DispatcherServlet.java:1227)
	at org.springframework.web.servlet.DispatcherServlet.processDispatchResult(DispatcherServlet.java:1035)
	at org.springframework.web.servlet.DispatcherServlet.doDispatch(DispatcherServlet.java:980)
	at org.springframework.web.servlet.DispatcherServlet.doService(DispatcherServlet.java:866)
	at org.springframework.web.servlet.FrameworkServlet.processRequest(FrameworkServlet.java:1000)
	at org.springframework.web.servlet.FrameworkServlet.doGet(FrameworkServlet.java:892)
	at jakarta.servlet.http.HttpServlet.service(HttpServlet.java:622)
	at org.springframework.web.servlet.FrameworkServlet.service(FrameworkServlet.java:874)
	at jakarta.servlet.http.HttpServlet.service(HttpServlet.java:710)
	at org.apache.catalina.core.ApplicationFilterChain.doFilter(ApplicationFilterChain.java:128)
	at org.springframework.web.filter.OncePerRequestFilter.doFilter(OncePerRequestFilter.java:101)
	at org.apache.catalina.core.ApplicationFilterChain.doFilter(ApplicationFilterChain.java:107)
	at org.springframework.web.filter.CompositeFilter$VirtualFilterChain.doFilter(CompositeFilter.java:108)
	at org.springframework.security.web.FilterChainProxy.lambda$doFilterInternal$3(FilterChainProxy.java:235)
	at org.springframework.security.web.FilterChainProxy$VirtualFilterChain.doFilter(FilterChainProxy.java:371)
	at org.springframework.security.web.access.intercept.AuthorizationFilter.doFilter(AuthorizationFilter.java:101)
	at org.springframework.security.web.FilterChainProxy$VirtualFilterChain.doFilter(FilterChainProxy.java:380)
	at org.springframework.security.web.access.ExceptionTranslationFilter.doFilter(ExceptionTranslationFilter.java:126)
	at org.springframework.security.web.access.ExceptionTranslationFilter.doFilter(ExceptionTranslationFilter.java:120)
	at org.springframework.security.web.FilterChainProxy$VirtualFilterChain.doFilter(FilterChainProxy.java:380)
	at org.springframework.security.web.authentication.AnonymousAuthenticationFilter.doFilter(AnonymousAuthenticationFilter.java:100)
	at org.springframework.security.web.FilterChainProxy$VirtualFilterChain.doFilter(FilterChainProxy.java:380)
	at org.springframework.security.web.servletapi.SecurityContextHolderAwareRequestFilter.doFilter(SecurityContextHolderAwareRequestFilter.java:181)
	at org.springframework.security.web.FilterChainProxy$VirtualFilterChain.doFilter(FilterChainProxy.java:380)
	at org.springframework.security.web.savedrequest.RequestCacheAwareFilter.doFilter(RequestCacheAwareFilter.java:63)
	at org.springframework.security.web.FilterChainProxy$VirtualFilterChain.doFilter(FilterChainProxy.java:380)
	at org.springframework.web.filter.OncePerRequestFilter.doFilter(OncePerRequestFilter.java:101)
	at org.springframework.security.web.FilterChainProxy$VirtualFilterChain.doFilter(FilterChainProxy.java:380)
	at org.springframework.security.web.authentication.logout.LogoutFilter.doFilter(LogoutFilter.java:110)
	at org.springframework.security.web.authentication.logout.LogoutFilter.doFilter(LogoutFilter.java:96)
	at org.springframework.security.web.FilterChainProxy$VirtualFilterChain.doFilter(FilterChainProxy.java:380)
	at org.springframework.web.filter.OncePerRequestFilter.doFilter(OncePerRequestFilter.java:101)
	at org.springframework.security.web.FilterChainProxy$VirtualFilterChain.doFilter(FilterChainProxy.java:380)
	at org.springframework.web.filter.OncePerRequestFilter.doFilter(OncePerRequestFilter.java:101)
	at org.springframework.security.web.FilterChainProxy$VirtualFilterChain.doFilter(FilterChainProxy.java:380)
	at org.springframework.security.web.context.SecurityContextHolderFilter.doFilter(SecurityContextHolderFilter.java:82)
	at org.springframework.security.web.context.SecurityContextHolderFilter.doFilter(SecurityContextHolderFilter.java:69)
	at org.springframework.security.web.FilterChainProxy$VirtualFilterChain.doFilter(FilterChainProxy.java:380)
	at org.springframework.web.filter.OncePerRequestFilter.doFilter(OncePerRequestFilter.java:101)
	at org.springframework.security.web.FilterChainProxy$VirtualFilterChain.doFilter(FilterChainProxy.java:380)
	at org.springframework.web.filter.OncePerRequestFilter.doFilter(OncePerRequestFilter.java:101)
	at org.springframework.security.web.FilterChainProxy$VirtualFilterChain.doFilter(FilterChainProxy.java:380)
	at org.springframework.security.web.FilterChainProxy.doFilterInternal(FilterChainProxy.java:237)
	at org.springframework.security.web.FilterChainProxy.doFilter(FilterChainProxy.java:195)
	at org.springframework.web.filter.CompositeFilter$VirtualFilterChain.doFilter(CompositeFilter.java:113)
	at org.springframework.web.filter.ServletRequestPathFilter.doFilter(ServletRequestPathFilter.java:52)
	at org.springframework.web.filter.CompositeFilter$VirtualFilterChain.doFilter(CompositeFilter.java:113)
	at org.springframework.web.filter.CompositeFilter.doFilter(CompositeFilter.java:74)
	at org.springframework.security.config.annotation.web.configuration.WebSecurityConfiguration$CompositeFilterChainProxy.doFilter(WebSecurityConfiguration.java:317)
	at org.springframework.web.filter.DelegatingFilterProxy.invokeDelegate(DelegatingFilterProxy.java:355)
	at org.springframework.web.filter.DelegatingFilterProxy.doFilter(DelegatingFilterProxy.java:272)
	at org.apache.catalina.core.ApplicationFilterChain.doFilter(ApplicationFilterChain.java:107)
	at org.springframework.web.filter.RequestContextFilter.doFilterInternal(RequestContextFilter.java:100)
	at org.springframework.web.filter.OncePerRequestFilter.doFilter(OncePerRequestFilter.java:116)
	at org.apache.catalina.core.ApplicationFilterChain.doFilter(ApplicationFilterChain.java:107)
	at org.springframework.web.filter.OncePerRequestFilter.doFilter(OncePerRequestFilter.java:101)
	at org.apache.catalina.core.ApplicationFilterChain.doFilter(ApplicationFilterChain.java:107)
	at org.springframework.web.filter.OncePerRequestFilter.doFilter(OncePerRequestFilter.java:101)
	at org.apache.catalina.core.ApplicationFilterChain.doFilter(ApplicationFilterChain.java:107)
	at org.springframework.web.filter.OncePerRequestFilter.doFilter(OncePerRequestFilter.java:101)
	at org.apache.catalina.core.ApplicationFilterChain.doFilter(ApplicationFilterChain.java:107)
	at org.apache.catalina.core.ApplicationDispatcher.invoke(ApplicationDispatcher.java:513)
	at org.apache.catalina.core.ApplicationDispatcher.dispatch(ApplicationDispatcher.java:441)
	at org.apache.catalina.core.AsyncContextImpl$AsyncRunnable.run(AsyncContextImpl.java:585)
	at org.apache.catalina.core.AsyncContextImpl.doInternalDispatch(AsyncContextImpl.java:340)
	at org.apache.catalina.core.StandardWrapperValve.invoke(StandardWrapperValve.java:163)
	at org.apache.catalina.core.StandardContextValve.invoke(StandardContextValve.java:77)
	at org.apache.catalina.authenticator.AuthenticatorBase.invoke(AuthenticatorBase.java:492)
	at org.apache.catalina.core.StandardHostValve.invoke(StandardHostValve.java:113)
	at org.apache.catalina.valves.ErrorReportValve.invoke(ErrorReportValve.java:83)
	at org.apache.catalina.core.StandardEngineValve.invoke(StandardEngineValve.java:72)
	at org.apache.catalina.connector.CoyoteAdapter.asyncDispatch(CoyoteAdapter.java:238)
	at org.apache.coyote.AbstractProcessor.dispatch(AbstractProcessor.java:242)
	at org.apache.coyote.AbstractProcessorLight.process(AbstractProcessorLight.java:57)
	at org.apache.coyote.AbstractProtocol$ConnectionHandler.process(AbstractProtocol.java:903)
	at org.apache.tomcat.util.net.NioEndpoint$SocketProcessor.doRun(NioEndpoint.java:1779)
	at org.apache.tomcat.util.net.SocketProcessorBase.run(SocketProcessorBase.java:52)
	at org.apache.tomcat.util.threads.ThreadPoolExecutor.runWorker(ThreadPoolExecutor.java:946)
	at org.apache.tomcat.util.threads.ThreadPoolExecutor$Worker.run(ThreadPoolExecutor.java:480)
	at org.apache.tomcat.util.threads.TaskThread$WrappingRunnable.run(TaskThread.java:57)
	at java.base/java.lang.Thread.run(Thread.java:840)
2026-07-05 16:57:39 [http-nio-8081-exec-7] DEBUG o.s.s.w.a.AnonymousAuthenticationFilter - Set SecurityContextHolder to anonymous SecurityContext
2026-07-05 16:57:39 [http-nio-8081-exec-2] DEBUG o.s.security.web.FilterChainProxy - Securing GET /api/admin/reports?status=PENDING&size=20
2026-07-05 16:57:39 [http-nio-8081-exec-4] DEBUG o.s.security.web.FilterChainProxy - Securing GET /api/admin/stats
2026-07-05 16:57:39 [http-nio-8081-exec-9] DEBUG o.s.security.web.FilterChainProxy - Securing GET /api/admin/posts?page=0&size=10&pending=true
2026-07-05 16:57:39 [http-nio-8081-exec-10] DEBUG o.s.security.web.FilterChainProxy - Securing GET /users/me
2026-07-05 16:57:39 [http-nio-8081-exec-10] DEBUG o.s.security.web.FilterChainProxy - Secured GET /users/me
2026-07-05 16:57:39 [http-nio-8081-exec-4] DEBUG o.s.security.web.FilterChainProxy - Secured GET /api/admin/stats
2026-07-05 16:57:39 [http-nio-8081-exec-2] DEBUG o.s.security.web.FilterChainProxy - Secured GET /api/admin/reports?status=PENDING&size=20
2026-07-05 16:57:39 [http-nio-8081-exec-9] DEBUG o.s.security.web.FilterChainProxy - Secured GET /api/admin/posts?page=0&size=10&pending=true
2026-07-05 16:57:39 [http-nio-8081-exec-4] DEBUG o.s.s.a.m.AuthorizationManagerBeforeMethodInterceptor - Authorizing method invocation ReflectiveMethodInvocation: public com.example.backend.dto.response.ApiResponse com.example.backend.controller.AdminController.getStats(); target is of class [com.example.backend.controller.AdminController]
2026-07-05 16:57:39 [http-nio-8081-exec-9] DEBUG o.s.s.a.m.AuthorizationManagerBeforeMethodInterceptor - Authorizing method invocation ReflectiveMethodInvocation: public com.example.backend.dto.response.ApiResponse com.example.backend.controller.AdminController.getAllPosts(int,int,boolean); target is of class [com.example.backend.controller.AdminController]
2026-07-05 16:57:39 [http-nio-8081-exec-2] DEBUG o.s.s.a.m.AuthorizationManagerBeforeMethodInterceptor - Authorizing method invocation ReflectiveMethodInvocation: public com.example.backend.dto.response.ApiResponse com.example.backend.controller.AdminController.getReports(java.lang.String,int,int); target is of class [com.example.backend.controller.AdminController]
2026-07-05 16:57:39 [http-nio-8081-exec-4] DEBUG o.s.s.a.m.AuthorizationManagerBeforeMethodInterceptor - Authorized method invocation ReflectiveMethodInvocation: public com.example.backend.dto.response.ApiResponse com.example.backend.controller.AdminController.getStats(); target is of class [com.example.backend.controller.AdminController]
2026-07-05 16:57:39 [http-nio-8081-exec-9] DEBUG o.s.s.a.m.AuthorizationManagerBeforeMethodInterceptor - Authorized method invocation ReflectiveMethodInvocation: public com.example.backend.dto.response.ApiResponse com.example.backend.controller.AdminController.getAllPosts(int,int,boolean); target is of class [com.example.backend.controller.AdminController]
2026-07-05 16:57:39 [http-nio-8081-exec-2] DEBUG o.s.s.a.m.AuthorizationManagerBeforeMethodInterceptor - Authorized method invocation ReflectiveMethodInvocation: public com.example.backend.dto.response.ApiResponse com.example.backend.controller.AdminController.getReports(java.lang.String,int,int); target is of class [com.example.backend.controller.AdminController]
2026-07-05 16:57:39 [http-nio-8081-exec-5] DEBUG o.s.security.web.FilterChainProxy - Securing GET /api/v1/notifications/unread-count
2026-07-05 16:57:39 [http-nio-8081-exec-5] DEBUG o.s.security.web.FilterChainProxy - Secured GET /api/v1/notifications/unread-count
2026-07-05 16:57:39 [http-nio-8081-exec-6] DEBUG o.s.security.web.FilterChainProxy - Securing GET /api/v1/notifications/stream?token=eyJhbGciOiJIUzI1NiJ9.eyJzdWIiOiJUdW5hLWFkbWluIiwicGVybWlzc2lvbnMiOlsiUk9MRV9BRE1JTiJdLCJpc3MiOiJkZXZ0ZXJpYS5jb20iLCJleHAiOjE3Nzk1MjAyNzUsImlhdCI6MTc3OTUxMzA3NSwidXNlcklkIjoiMGZiN2VkZjMtYzQ5YS00NTQ5LTg4YzUtNDk5OTMxNGEzMzFlIn0.bJu3f8N3VUhzhAlzxn07v98jJkgoo3H20isKAEyAScU
2026-07-05 16:57:39 [http-nio-8081-exec-6] DEBUG o.s.security.web.FilterChainProxy - Secured GET /api/v1/notifications/stream?token=eyJhbGciOiJIUzI1NiJ9.eyJzdWIiOiJUdW5hLWFkbWluIiwicGVybWlzc2lvbnMiOlsiUk9MRV9BRE1JTiJdLCJpc3MiOiJkZXZ0ZXJpYS5jb20iLCJleHAiOjE3Nzk1MjAyNzUsImlhdCI6MTc3OTUxMzA3NSwidXNlcklkIjoiMGZiN2VkZjMtYzQ5YS00NTQ5LTg4YzUtNDk5OTMxNGEzMzFlIn0.bJu3f8N3VUhzhAlzxn07v98jJkgoo3H20isKAEyAScU
2026-07-05 16:57:39 [http-nio-8081-exec-3] DEBUG o.s.security.web.FilterChainProxy - Securing GET /api/v1/notifications/unread-count
2026-07-05 16:57:39 [http-nio-8081-exec-3] DEBUG o.s.security.web.FilterChainProxy - Secured GET /api/v1/notifications/unread-count
2026-07-05 16:57:39 [http-nio-8081-exec-8] DEBUG o.s.security.web.FilterChainProxy - Securing GET /chat/conversations
2026-07-05 16:57:39 [http-nio-8081-exec-8] DEBUG o.s.security.web.FilterChainProxy - Secured GET /chat/conversations
2026-07-05 16:57:39 [http-nio-8081-exec-1] DEBUG o.s.security.web.FilterChainProxy - Securing GET /chat/conversations
2026-07-05 16:57:39 [http-nio-8081-exec-1] DEBUG o.s.security.web.FilterChainProxy - Secured GET /chat/conversations
2026-07-05 16:57:40 [http-nio-8081-exec-2] DEBUG o.s.security.web.FilterChainProxy - Securing GET /api/locations?size=20&page=0&level=2
2026-07-05 16:57:40 [http-nio-8081-exec-2] DEBUG o.s.security.web.FilterChainProxy - Secured GET /api/locations?size=20&page=0&level=2
2026-07-05 16:57:40 [http-nio-8081-exec-10] DEBUG o.s.security.web.FilterChainProxy - Securing GET /api/v1/posts/getAll?size=200
2026-07-05 16:57:40 [http-nio-8081-exec-10] DEBUG o.s.security.web.FilterChainProxy - Secured GET /api/v1/posts/getAll?size=200
2026-07-05 16:57:40 [http-nio-8081-exec-6] DEBUG o.s.security.web.FilterChainProxy - Securing GET /users/me
2026-07-05 16:57:40 [http-nio-8081-exec-6] DEBUG o.s.security.web.FilterChainProxy - Secured GET /users/me
2026-07-05 16:57:41 [http-nio-8081-exec-3] DEBUG o.s.security.web.FilterChainProxy - Securing GET /api/v1/notifications/unread-count
2026-07-05 16:57:41 [http-nio-8081-exec-3] DEBUG o.s.security.web.FilterChainProxy - Secured GET /api/v1/notifications/unread-count
2026-07-05 16:57:41 [http-nio-8081-exec-8] DEBUG o.s.security.web.FilterChainProxy - Securing GET /api/v1/notifications/unread-count
2026-07-05 16:57:41 [http-nio-8081-exec-8] DEBUG o.s.security.web.FilterChainProxy - Secured GET /api/v1/notifications/unread-count
2026-07-05 16:57:41 [http-nio-8081-exec-1] DEBUG o.s.security.web.FilterChainProxy - Securing GET /api/v1/notifications/stream?token=eyJhbGciOiJIUzI1NiJ9.eyJzdWIiOiJ0dW50dW4iLCJwZXJtaXNzaW9ucyI6WyJST0xFX1VTRVIiXSwiaXNzIjoiZGV2dGVyaWEuY29tIiwiZXhwIjoxNzgzMjUxMDA4LCJpYXQiOjE3ODMyNDM4MDgsInVzZXJJZCI6ImQ4YmQ2ZmFkLWY3ZjktNGM0ZS05MDc3LWJiMTBkZDcxYzc5NiJ9.DV-ZEyKnBzO7cZfY2Xnyk_gSG2yuPaRULFaRY5WlkFo
2026-07-05 16:57:41 [http-nio-8081-exec-1] DEBUG o.s.security.web.FilterChainProxy - Secured GET /api/v1/notifications/stream?token=eyJhbGciOiJIUzI1NiJ9.eyJzdWIiOiJ0dW50dW4iLCJwZXJtaXNzaW9ucyI6WyJST0xFX1VTRVIiXSwiaXNzIjoiZGV2dGVyaWEuY29tIiwiZXhwIjoxNzgzMjUxMDA4LCJpYXQiOjE3ODMyNDM4MDgsInVzZXJJZCI6ImQ4YmQ2ZmFkLWY3ZjktNGM0ZS05MDc3LWJiMTBkZDcxYzc5NiJ9.DV-ZEyKnBzO7cZfY2Xnyk_gSG2yuPaRULFaRY5WlkFo
2026-07-05 16:57:41 [http-nio-8081-exec-4] DEBUG o.s.security.web.FilterChainProxy - Securing GET /chat/conversations
2026-07-05 16:57:41 [http-nio-8081-exec-4] DEBUG o.s.security.web.FilterChainProxy - Secured GET /chat/conversations
2026-07-05 16:57:41 [http-nio-8081-exec-2] DEBUG o.s.security.web.FilterChainProxy - Securing GET /chat/conversations
2026-07-05 16:57:41 [http-nio-8081-exec-2] DEBUG o.s.security.web.FilterChainProxy - Secured GET /chat/conversations
2026-07-05 17:01:04 [SpringApplicationShutdownHook] INFO  o.s.boot.tomcat.GracefulShutdown - Commencing graceful shutdown. Waiting for active requests to complete
2026-07-05 17:01:34 [SpringApplicationShutdownHook] INFO  o.s.c.s.DefaultLifecycleProcessor - Shutdown phase 2147482623 ends with 1 bean still running after timeout of 30000ms: [webServerGracefulShutdown]
2026-07-05 17:01:34 [http-nio-8081-exec-7] DEBUG o.s.security.web.FilterChainProxy - Securing GET /api/v1/notifications/stream?token=eyJhbGciOiJIUzI1NiJ9.eyJzdWIiOiJ0dW50dW4iLCJwZXJtaXNzaW9ucyI6WyJST0xFX1VTRVIiXSwiaXNzIjoiZGV2dGVyaWEuY29tIiwiZXhwIjoxNzgzMjUxMDA4LCJpYXQiOjE3ODMyNDM4MDgsInVzZXJJZCI6ImQ4YmQ2ZmFkLWY3ZjktNGM0ZS05MDc3LWJiMTBkZDcxYzc5NiJ9.DV-ZEyKnBzO7cZfY2Xnyk_gSG2yuPaRULFaRY5WlkFo
2026-07-05 17:01:34 [http-nio-8081-exec-1] DEBUG o.s.security.web.FilterChainProxy - Securing GET /api/v1/notifications/stream?token=eyJhbGciOiJIUzI1NiJ9.eyJzdWIiOiJUdW5hLWFkbWluIiwicGVybWlzc2lvbnMiOlsiUk9MRV9BRE1JTiJdLCJpc3MiOiJkZXZ0ZXJpYS5jb20iLCJleHAiOjE3Nzk1MjAyNzUsImlhdCI6MTc3OTUxMzA3NSwidXNlcklkIjoiMGZiN2VkZjMtYzQ5YS00NTQ5LTg4YzUtNDk5OTMxNGEzMzFlIn0.bJu3f8N3VUhzhAlzxn07v98jJkgoo3H20isKAEyAScU
2026-07-05 17:01:34 [http-nio-8081-exec-7] DEBUG o.s.security.web.FilterChainProxy - Secured GET /api/v1/notifications/stream?token=eyJhbGciOiJIUzI1NiJ9.eyJzdWIiOiJ0dW50dW4iLCJwZXJtaXNzaW9ucyI6WyJST0xFX1VTRVIiXSwiaXNzIjoiZGV2dGVyaWEuY29tIiwiZXhwIjoxNzgzMjUxMDA4LCJpYXQiOjE3ODMyNDM4MDgsInVzZXJJZCI6ImQ4YmQ2ZmFkLWY3ZjktNGM0ZS05MDc3LWJiMTBkZDcxYzc5NiJ9.DV-ZEyKnBzO7cZfY2Xnyk_gSG2yuPaRULFaRY5WlkFo
2026-07-05 17:01:34 [http-nio-8081-exec-1] DEBUG o.s.security.web.FilterChainProxy - Secured GET /api/v1/notifications/stream?token=eyJhbGciOiJIUzI1NiJ9.eyJzdWIiOiJUdW5hLWFkbWluIiwicGVybWlzc2lvbnMiOlsiUk9MRV9BRE1JTiJdLCJpc3MiOiJkZXZ0ZXJpYS5jb20iLCJleHAiOjE3Nzk1MjAyNzUsImlhdCI6MTc3OTUxMzA3NSwidXNlcklkIjoiMGZiN2VkZjMtYzQ5YS00NTQ5LTg4YzUtNDk5OTMxNGEzMzFlIn0.bJu3f8N3VUhzhAlzxn07v98jJkgoo3H20isKAEyAScU
2026-07-05 17:01:34 [http-nio-8081-exec-7] ERROR c.e.b.e.GlobalExceptionHandler - Unhandled Exception: 
org.springframework.web.context.request.async.AsyncRequestTimeoutException
	at org.springframework.web.context.request.async.TimeoutDeferredResultProcessingInterceptor.handleTimeout(TimeoutDeferredResultProcessingInterceptor.java:42)
	at org.springframework.web.context.request.async.DeferredResultInterceptorChain.triggerAfterTimeout(DeferredResultInterceptorChain.java:80)
	at org.springframework.web.context.request.async.WebAsyncManager.lambda$startDeferredResultProcessing$0(WebAsyncManager.java:426)
	at java.base/java.util.ArrayList.forEach(ArrayList.java:1511)
	at org.springframework.web.context.request.async.StandardServletAsyncWebRequest.onTimeout(StandardServletAsyncWebRequest.java:184)
	at org.apache.catalina.core.AsyncListenerWrapper.fireOnTimeout(AsyncListenerWrapper.java:44)
	at org.apache.catalina.core.AsyncContextImpl.timeout(AsyncContextImpl.java:136)
	at org.apache.catalina.connector.CoyoteAdapter.asyncDispatch(CoyoteAdapter.java:134)
	at org.apache.coyote.AbstractProcessor.dispatch(AbstractProcessor.java:242)
	at org.apache.coyote.AbstractProcessorLight.process(AbstractProcessorLight.java:57)
	at org.apache.coyote.AbstractProtocol$ConnectionHandler.process(AbstractProtocol.java:903)
	at org.apache.tomcat.util.net.NioEndpoint$SocketProcessor.doRun(NioEndpoint.java:1779)
	at org.apache.tomcat.util.net.SocketProcessorBase.run(SocketProcessorBase.java:52)
	at org.apache.tomcat.util.threads.ThreadPoolExecutor.runWorker(ThreadPoolExecutor.java:946)
	at org.apache.tomcat.util.threads.ThreadPoolExecutor$Worker.run(ThreadPoolExecutor.java:480)
	at org.apache.tomcat.util.threads.TaskThread$WrappingRunnable.run(TaskThread.java:57)
	at java.base/java.lang.Thread.run(Thread.java:840)
2026-07-05 17:01:34 [http-nio-8081-exec-1] ERROR c.e.b.e.GlobalExceptionHandler - Unhandled Exception: 
org.springframework.web.context.request.async.AsyncRequestTimeoutException
	at org.springframework.web.context.request.async.TimeoutDeferredResultProcessingInterceptor.handleTimeout(TimeoutDeferredResultProcessingInterceptor.java:42)
	at org.springframework.web.context.request.async.DeferredResultInterceptorChain.triggerAfterTimeout(DeferredResultInterceptorChain.java:80)
	at org.springframework.web.context.request.async.WebAsyncManager.lambda$startDeferredResultProcessing$0(WebAsyncManager.java:426)
	at java.base/java.util.ArrayList.forEach(ArrayList.java:1511)
	at org.springframework.web.context.request.async.StandardServletAsyncWebRequest.onTimeout(StandardServletAsyncWebRequest.java:184)
	at org.apache.catalina.core.AsyncListenerWrapper.fireOnTimeout(AsyncListenerWrapper.java:44)
	at org.apache.catalina.core.AsyncContextImpl.timeout(AsyncContextImpl.java:136)
	at org.apache.catalina.connector.CoyoteAdapter.asyncDispatch(CoyoteAdapter.java:134)
	at org.apache.coyote.AbstractProcessor.dispatch(AbstractProcessor.java:242)
	at org.apache.coyote.AbstractProcessorLight.process(AbstractProcessorLight.java:57)
	at org.apache.coyote.AbstractProtocol$ConnectionHandler.process(AbstractProtocol.java:903)
	at org.apache.tomcat.util.net.NioEndpoint$SocketProcessor.doRun(NioEndpoint.java:1779)
	at org.apache.tomcat.util.net.SocketProcessorBase.run(SocketProcessorBase.java:52)
	at org.apache.tomcat.util.threads.ThreadPoolExecutor.runWorker(ThreadPoolExecutor.java:946)
	at org.apache.tomcat.util.threads.ThreadPoolExecutor$Worker.run(ThreadPoolExecutor.java:480)
	at org.apache.tomcat.util.threads.TaskThread$WrappingRunnable.run(TaskThread.java:57)
	at java.base/java.lang.Thread.run(Thread.java:840)
2026-07-05 17:01:34 [http-nio-8081-exec-1] WARN  o.s.w.s.m.m.a.ExceptionHandlerExceptionResolver - Failure in @ExceptionHandler com.example.backend.exception.GlobalExceptionHandler#handleException(Exception)
org.springframework.http.converter.HttpMessageNotWritableException: No converter for [class com.example.backend.dto.response.ApiResponse] with preset Content-Type 'text/event-stream'
	at org.springframework.web.servlet.mvc.method.annotation.AbstractMessageConverterMethodProcessor.writeWithMessageConverters(AbstractMessageConverterMethodProcessor.java:364)
	at org.springframework.web.servlet.mvc.method.annotation.HttpEntityMethodProcessor.handleReturnValue(HttpEntityMethodProcessor.java:261)
	at org.springframework.web.method.support.HandlerMethodReturnValueHandlerComposite.handleReturnValue(HandlerMethodReturnValueHandlerComposite.java:78)
	at org.springframework.web.servlet.mvc.method.annotation.ServletInvocableHandlerMethod.invokeAndHandle(ServletInvocableHandlerMethod.java:135)
	at org.springframework.web.servlet.mvc.method.annotation.ExceptionHandlerExceptionResolver.doResolveHandlerMethodException(ExceptionHandlerExceptionResolver.java:460)
	at org.springframework.web.servlet.handler.AbstractHandlerMethodExceptionResolver.doResolveException(AbstractHandlerMethodExceptionResolver.java:72)
	at org.springframework.web.servlet.handler.AbstractHandlerExceptionResolver.resolveException(AbstractHandlerExceptionResolver.java:176)
	at org.springframework.web.servlet.handler.HandlerExceptionResolverComposite.resolveException(HandlerExceptionResolverComposite.java:78)
	at org.springframework.web.servlet.DispatcherServlet.processHandlerException(DispatcherServlet.java:1227)
	at org.springframework.web.servlet.DispatcherServlet.processDispatchResult(DispatcherServlet.java:1035)
	at org.springframework.web.servlet.DispatcherServlet.doDispatch(DispatcherServlet.java:980)
	at org.springframework.web.servlet.DispatcherServlet.doService(DispatcherServlet.java:866)
	at org.springframework.web.servlet.FrameworkServlet.processRequest(FrameworkServlet.java:1000)
	at org.springframework.web.servlet.FrameworkServlet.doGet(FrameworkServlet.java:892)
	at jakarta.servlet.http.HttpServlet.service(HttpServlet.java:622)
	at org.springframework.web.servlet.FrameworkServlet.service(FrameworkServlet.java:874)
	at jakarta.servlet.http.HttpServlet.service(HttpServlet.java:710)
	at org.apache.catalina.core.ApplicationFilterChain.doFilter(ApplicationFilterChain.java:128)
	at org.springframework.web.filter.OncePerRequestFilter.doFilter(OncePerRequestFilter.java:101)
	at org.apache.catalina.core.ApplicationFilterChain.doFilter(ApplicationFilterChain.java:107)
	at org.springframework.web.filter.CompositeFilter$VirtualFilterChain.doFilter(CompositeFilter.java:108)
	at org.springframework.security.web.FilterChainProxy.lambda$doFilterInternal$3(FilterChainProxy.java:235)
	at org.springframework.security.web.FilterChainProxy$VirtualFilterChain.doFilter(FilterChainProxy.java:371)
	at org.springframework.security.web.access.intercept.AuthorizationFilter.doFilter(AuthorizationFilter.java:101)
	at org.springframework.security.web.FilterChainProxy$VirtualFilterChain.doFilter(FilterChainProxy.java:380)
	at org.springframework.security.web.access.ExceptionTranslationFilter.doFilter(ExceptionTranslationFilter.java:126)
	at org.springframework.security.web.access.ExceptionTranslationFilter.doFilter(ExceptionTranslationFilter.java:120)
	at org.springframework.security.web.FilterChainProxy$VirtualFilterChain.doFilter(FilterChainProxy.java:380)
	at org.springframework.security.web.authentication.AnonymousAuthenticationFilter.doFilter(AnonymousAuthenticationFilter.java:100)
	at org.springframework.security.web.FilterChainProxy$VirtualFilterChain.doFilter(FilterChainProxy.java:380)
	at org.springframework.security.web.servletapi.SecurityContextHolderAwareRequestFilter.doFilter(SecurityContextHolderAwareRequestFilter.java:181)
	at org.springframework.security.web.FilterChainProxy$VirtualFilterChain.doFilter(FilterChainProxy.java:380)
	at org.springframework.security.web.savedrequest.RequestCacheAwareFilter.doFilter(RequestCacheAwareFilter.java:63)
	at org.springframework.security.web.FilterChainProxy$VirtualFilterChain.doFilter(FilterChainProxy.java:380)
	at org.springframework.web.filter.OncePerRequestFilter.doFilter(OncePerRequestFilter.java:101)
	at org.springframework.security.web.FilterChainProxy$VirtualFilterChain.doFilter(FilterChainProxy.java:380)
	at org.springframework.security.web.authentication.logout.LogoutFilter.doFilter(LogoutFilter.java:110)
	at org.springframework.security.web.authentication.logout.LogoutFilter.doFilter(LogoutFilter.java:96)
	at org.springframework.security.web.FilterChainProxy$VirtualFilterChain.doFilter(FilterChainProxy.java:380)
	at org.springframework.web.filter.OncePerRequestFilter.doFilter(OncePerRequestFilter.java:101)
	at org.springframework.security.web.FilterChainProxy$VirtualFilterChain.doFilter(FilterChainProxy.java:380)
	at org.springframework.web.filter.OncePerRequestFilter.doFilter(OncePerRequestFilter.java:101)
	at org.springframework.security.web.FilterChainProxy$VirtualFilterChain.doFilter(FilterChainProxy.java:380)
	at org.springframework.security.web.context.SecurityContextHolderFilter.doFilter(SecurityContextHolderFilter.java:82)
	at org.springframework.security.web.context.SecurityContextHolderFilter.doFilter(SecurityContextHolderFilter.java:69)
	at org.springframework.security.web.FilterChainProxy$VirtualFilterChain.doFilter(FilterChainProxy.java:380)
	at org.springframework.web.filter.OncePerRequestFilter.doFilter(OncePerRequestFilter.java:101)
	at org.springframework.security.web.FilterChainProxy$VirtualFilterChain.doFilter(FilterChainProxy.java:380)
	at org.springframework.web.filter.OncePerRequestFilter.doFilter(OncePerRequestFilter.java:101)
	at org.springframework.security.web.FilterChainProxy$VirtualFilterChain.doFilter(FilterChainProxy.java:380)
	at org.springframework.security.web.FilterChainProxy.doFilterInternal(FilterChainProxy.java:237)
	at org.springframework.security.web.FilterChainProxy.doFilter(FilterChainProxy.java:195)
	at org.springframework.web.filter.CompositeFilter$VirtualFilterChain.doFilter(CompositeFilter.java:113)
	at org.springframework.web.filter.ServletRequestPathFilter.doFilter(ServletRequestPathFilter.java:52)
	at org.springframework.web.filter.CompositeFilter$VirtualFilterChain.doFilter(CompositeFilter.java:113)
	at org.springframework.web.filter.CompositeFilter.doFilter(CompositeFilter.java:74)
	at org.springframework.security.config.annotation.web.configuration.WebSecurityConfiguration$CompositeFilterChainProxy.doFilter(WebSecurityConfiguration.java:317)
	at org.springframework.web.filter.DelegatingFilterProxy.invokeDelegate(DelegatingFilterProxy.java:355)
	at org.springframework.web.filter.DelegatingFilterProxy.doFilter(DelegatingFilterProxy.java:272)
	at org.apache.catalina.core.ApplicationFilterChain.doFilter(ApplicationFilterChain.java:107)
	at org.springframework.web.filter.RequestContextFilter.doFilterInternal(RequestContextFilter.java:100)
	at org.springframework.web.filter.OncePerRequestFilter.doFilter(OncePerRequestFilter.java:116)
	at org.apache.catalina.core.ApplicationFilterChain.doFilter(ApplicationFilterChain.java:107)
	at org.springframework.web.filter.OncePerRequestFilter.doFilter(OncePerRequestFilter.java:101)
	at org.apache.catalina.core.ApplicationFilterChain.doFilter(ApplicationFilterChain.java:107)
	at org.springframework.web.filter.OncePerRequestFilter.doFilter(OncePerRequestFilter.java:101)
	at org.apache.catalina.core.ApplicationFilterChain.doFilter(ApplicationFilterChain.java:107)
	at org.springframework.web.filter.OncePerRequestFilter.doFilter(OncePerRequestFilter.java:101)
	at org.apache.catalina.core.ApplicationFilterChain.doFilter(ApplicationFilterChain.java:107)
	at org.apache.catalina.core.ApplicationDispatcher.invoke(ApplicationDispatcher.java:513)
	at org.apache.catalina.core.ApplicationDispatcher.dispatch(ApplicationDispatcher.java:441)
	at org.apache.catalina.core.AsyncContextImpl$AsyncRunnable.run(AsyncContextImpl.java:585)
	at org.apache.catalina.core.AsyncContextImpl.doInternalDispatch(AsyncContextImpl.java:340)
	at org.apache.catalina.core.StandardWrapperValve.invoke(StandardWrapperValve.java:163)
	at org.apache.catalina.core.StandardContextValve.invoke(StandardContextValve.java:77)
	at org.apache.catalina.authenticator.AuthenticatorBase.invoke(AuthenticatorBase.java:492)
	at org.apache.catalina.core.StandardHostValve.invoke(StandardHostValve.java:113)
	at org.apache.catalina.valves.ErrorReportValve.invoke(ErrorReportValve.java:83)
	at org.apache.catalina.core.StandardEngineValve.invoke(StandardEngineValve.java:72)
	at org.apache.catalina.connector.CoyoteAdapter.asyncDispatch(CoyoteAdapter.java:238)
	at org.apache.coyote.AbstractProcessor.dispatch(AbstractProcessor.java:242)
	at org.apache.coyote.AbstractProcessorLight.process(AbstractProcessorLight.java:57)
	at org.apache.coyote.AbstractProtocol$ConnectionHandler.process(AbstractProtocol.java:903)
	at org.apache.tomcat.util.net.NioEndpoint$SocketProcessor.doRun(NioEndpoint.java:1779)
	at org.apache.tomcat.util.net.SocketProcessorBase.run(SocketProcessorBase.java:52)
	at org.apache.tomcat.util.threads.ThreadPoolExecutor.runWorker(ThreadPoolExecutor.java:946)
	at org.apache.tomcat.util.threads.ThreadPoolExecutor$Worker.run(ThreadPoolExecutor.java:480)
	at org.apache.tomcat.util.threads.TaskThread$WrappingRunnable.run(TaskThread.java:57)
	at java.base/java.lang.Thread.run(Thread.java:840)
2026-07-05 17:01:34 [http-nio-8081-exec-7] WARN  o.s.w.s.m.m.a.ExceptionHandlerExceptionResolver - Failure in @ExceptionHandler com.example.backend.exception.GlobalExceptionHandler#handleException(Exception)
org.springframework.http.converter.HttpMessageNotWritableException: No converter for [class com.example.backend.dto.response.ApiResponse] with preset Content-Type 'text/event-stream'
	at org.springframework.web.servlet.mvc.method.annotation.AbstractMessageConverterMethodProcessor.writeWithMessageConverters(AbstractMessageConverterMethodProcessor.java:364)
	at org.springframework.web.servlet.mvc.method.annotation.HttpEntityMethodProcessor.handleReturnValue(HttpEntityMethodProcessor.java:261)
	at org.springframework.web.method.support.HandlerMethodReturnValueHandlerComposite.handleReturnValue(HandlerMethodReturnValueHandlerComposite.java:78)
	at org.springframework.web.servlet.mvc.method.annotation.ServletInvocableHandlerMethod.invokeAndHandle(ServletInvocableHandlerMethod.java:135)
	at org.springframework.web.servlet.mvc.method.annotation.ExceptionHandlerExceptionResolver.doResolveHandlerMethodException(ExceptionHandlerExceptionResolver.java:460)
	at org.springframework.web.servlet.handler.AbstractHandlerMethodExceptionResolver.doResolveException(AbstractHandlerMethodExceptionResolver.java:72)
	at org.springframework.web.servlet.handler.AbstractHandlerExceptionResolver.resolveException(AbstractHandlerExceptionResolver.java:176)
	at org.springframework.web.servlet.handler.HandlerExceptionResolverComposite.resolveException(HandlerExceptionResolverComposite.java:78)
	at org.springframework.web.servlet.DispatcherServlet.processHandlerException(DispatcherServlet.java:1227)
	at org.springframework.web.servlet.DispatcherServlet.processDispatchResult(DispatcherServlet.java:1035)
	at org.springframework.web.servlet.DispatcherServlet.doDispatch(DispatcherServlet.java:980)
	at org.springframework.web.servlet.DispatcherServlet.doService(DispatcherServlet.java:866)
	at org.springframework.web.servlet.FrameworkServlet.processRequest(FrameworkServlet.java:1000)
	at org.springframework.web.servlet.FrameworkServlet.doGet(FrameworkServlet.java:892)
	at jakarta.servlet.http.HttpServlet.service(HttpServlet.java:622)
	at org.springframework.web.servlet.FrameworkServlet.service(FrameworkServlet.java:874)
	at jakarta.servlet.http.HttpServlet.service(HttpServlet.java:710)
	at org.apache.catalina.core.ApplicationFilterChain.doFilter(ApplicationFilterChain.java:128)
	at org.springframework.web.filter.OncePerRequestFilter.doFilter(OncePerRequestFilter.java:101)
	at org.apache.catalina.core.ApplicationFilterChain.doFilter(ApplicationFilterChain.java:107)
	at org.springframework.web.filter.CompositeFilter$VirtualFilterChain.doFilter(CompositeFilter.java:108)
	at org.springframework.security.web.FilterChainProxy.lambda$doFilterInternal$3(FilterChainProxy.java:235)
	at org.springframework.security.web.FilterChainProxy$VirtualFilterChain.doFilter(FilterChainProxy.java:371)
	at org.springframework.security.web.access.intercept.AuthorizationFilter.doFilter(AuthorizationFilter.java:101)
	at org.springframework.security.web.FilterChainProxy$VirtualFilterChain.doFilter(FilterChainProxy.java:380)
	at org.springframework.security.web.access.ExceptionTranslationFilter.doFilter(ExceptionTranslationFilter.java:126)
	at org.springframework.security.web.access.ExceptionTranslationFilter.doFilter(ExceptionTranslationFilter.java:120)
	at org.springframework.security.web.FilterChainProxy$VirtualFilterChain.doFilter(FilterChainProxy.java:380)
	at org.springframework.security.web.authentication.AnonymousAuthenticationFilter.doFilter(AnonymousAuthenticationFilter.java:100)
	at org.springframework.security.web.FilterChainProxy$VirtualFilterChain.doFilter(FilterChainProxy.java:380)
	at org.springframework.security.web.servletapi.SecurityContextHolderAwareRequestFilter.doFilter(SecurityContextHolderAwareRequestFilter.java:181)
	at org.springframework.security.web.FilterChainProxy$VirtualFilterChain.doFilter(FilterChainProxy.java:380)
	at org.springframework.security.web.savedrequest.RequestCacheAwareFilter.doFilter(RequestCacheAwareFilter.java:63)
	at org.springframework.security.web.FilterChainProxy$VirtualFilterChain.doFilter(FilterChainProxy.java:380)
	at org.springframework.web.filter.OncePerRequestFilter.doFilter(OncePerRequestFilter.java:101)
	at org.springframework.security.web.FilterChainProxy$VirtualFilterChain.doFilter(FilterChainProxy.java:380)
	at org.springframework.security.web.authentication.logout.LogoutFilter.doFilter(LogoutFilter.java:110)
	at org.springframework.security.web.authentication.logout.LogoutFilter.doFilter(LogoutFilter.java:96)
	at org.springframework.security.web.FilterChainProxy$VirtualFilterChain.doFilter(FilterChainProxy.java:380)
	at org.springframework.web.filter.OncePerRequestFilter.doFilter(OncePerRequestFilter.java:101)
	at org.springframework.security.web.FilterChainProxy$VirtualFilterChain.doFilter(FilterChainProxy.java:380)
	at org.springframework.web.filter.OncePerRequestFilter.doFilter(OncePerRequestFilter.java:101)
	at org.springframework.security.web.FilterChainProxy$VirtualFilterChain.doFilter(FilterChainProxy.java:380)
	at org.springframework.security.web.context.SecurityContextHolderFilter.doFilter(SecurityContextHolderFilter.java:82)
	at org.springframework.security.web.context.SecurityContextHolderFilter.doFilter(SecurityContextHolderFilter.java:69)
	at org.springframework.security.web.FilterChainProxy$VirtualFilterChain.doFilter(FilterChainProxy.java:380)
	at org.springframework.web.filter.OncePerRequestFilter.doFilter(OncePerRequestFilter.java:101)
	at org.springframework.security.web.FilterChainProxy$VirtualFilterChain.doFilter(FilterChainProxy.java:380)
	at org.springframework.web.filter.OncePerRequestFilter.doFilter(OncePerRequestFilter.java:101)
	at org.springframework.security.web.FilterChainProxy$VirtualFilterChain.doFilter(FilterChainProxy.java:380)
	at org.springframework.security.web.FilterChainProxy.doFilterInternal(FilterChainProxy.java:237)
	at org.springframework.security.web.FilterChainProxy.doFilter(FilterChainProxy.java:195)
	at org.springframework.web.filter.CompositeFilter$VirtualFilterChain.doFilter(CompositeFilter.java:113)
	at org.springframework.web.filter.ServletRequestPathFilter.doFilter(ServletRequestPathFilter.java:52)
	at org.springframework.web.filter.CompositeFilter$VirtualFilterChain.doFilter(CompositeFilter.java:113)
	at org.springframework.web.filter.CompositeFilter.doFilter(CompositeFilter.java:74)
	at org.springframework.security.config.annotation.web.configuration.WebSecurityConfiguration$CompositeFilterChainProxy.doFilter(WebSecurityConfiguration.java:317)
	at org.springframework.web.filter.DelegatingFilterProxy.invokeDelegate(DelegatingFilterProxy.java:355)
	at org.springframework.web.filter.DelegatingFilterProxy.doFilter(DelegatingFilterProxy.java:272)
	at org.apache.catalina.core.ApplicationFilterChain.doFilter(ApplicationFilterChain.java:107)
	at org.springframework.web.filter.RequestContextFilter.doFilterInternal(RequestContextFilter.java:100)
	at org.springframework.web.filter.OncePerRequestFilter.doFilter(OncePerRequestFilter.java:116)
	at org.apache.catalina.core.ApplicationFilterChain.doFilter(ApplicationFilterChain.java:107)
	at org.springframework.web.filter.OncePerRequestFilter.doFilter(OncePerRequestFilter.java:101)
	at org.apache.catalina.core.ApplicationFilterChain.doFilter(ApplicationFilterChain.java:107)
	at org.springframework.web.filter.OncePerRequestFilter.doFilter(OncePerRequestFilter.java:101)
	at org.apache.catalina.core.ApplicationFilterChain.doFilter(ApplicationFilterChain.java:107)
	at org.springframework.web.filter.OncePerRequestFilter.doFilter(OncePerRequestFilter.java:101)
	at org.apache.catalina.core.ApplicationFilterChain.doFilter(ApplicationFilterChain.java:107)
	at org.apache.catalina.core.ApplicationDispatcher.invoke(ApplicationDispatcher.java:513)
	at org.apache.catalina.core.ApplicationDispatcher.dispatch(ApplicationDispatcher.java:441)
	at org.apache.catalina.core.AsyncContextImpl$AsyncRunnable.run(AsyncContextImpl.java:585)
	at org.apache.catalina.core.AsyncContextImpl.doInternalDispatch(AsyncContextImpl.java:340)
	at org.apache.catalina.core.StandardWrapperValve.invoke(StandardWrapperValve.java:163)
	at org.apache.catalina.core.StandardContextValve.invoke(StandardContextValve.java:77)
	at org.apache.catalina.authenticator.AuthenticatorBase.invoke(AuthenticatorBase.java:492)
	at org.apache.catalina.core.StandardHostValve.invoke(StandardHostValve.java:113)
	at org.apache.catalina.valves.ErrorReportValve.invoke(ErrorReportValve.java:83)
	at org.apache.catalina.core.StandardEngineValve.invoke(StandardEngineValve.java:72)
	at org.apache.catalina.connector.CoyoteAdapter.asyncDispatch(CoyoteAdapter.java:238)
	at org.apache.coyote.AbstractProcessor.dispatch(AbstractProcessor.java:242)
	at org.apache.coyote.AbstractProcessorLight.process(AbstractProcessorLight.java:57)
	at org.apache.coyote.AbstractProtocol$ConnectionHandler.process(AbstractProtocol.java:903)
	at org.apache.tomcat.util.net.NioEndpoint$SocketProcessor.doRun(NioEndpoint.java:1779)
	at org.apache.tomcat.util.net.SocketProcessorBase.run(SocketProcessorBase.java:52)
	at org.apache.tomcat.util.threads.ThreadPoolExecutor.runWorker(ThreadPoolExecutor.java:946)
	at org.apache.tomcat.util.threads.ThreadPoolExecutor$Worker.run(ThreadPoolExecutor.java:480)
	at org.apache.tomcat.util.threads.TaskThread$WrappingRunnable.run(TaskThread.java:57)
	at java.base/java.lang.Thread.run(Thread.java:840)
2026-07-05 17:01:34 [http-nio-8081-exec-1] WARN  o.s.w.s.m.s.DefaultHandlerExceptionResolver - Ignoring exception, response committed already: org.springframework.web.context.request.async.AsyncRequestTimeoutException
2026-07-05 17:01:34 [http-nio-8081-exec-7] WARN  o.s.w.s.m.s.DefaultHandlerExceptionResolver - Ignoring exception, response committed already: org.springframework.web.context.request.async.AsyncRequestTimeoutException
2026-07-05 17:01:34 [http-nio-8081-exec-1] WARN  o.s.w.s.m.s.DefaultHandlerExceptionResolver - Resolved [org.springframework.web.context.request.async.AsyncRequestTimeoutException]
2026-07-05 17:01:34 [http-nio-8081-exec-7] WARN  o.s.w.s.m.s.DefaultHandlerExceptionResolver - Resolved [org.springframework.web.context.request.async.AsyncRequestTimeoutException]
2026-07-05 17:01:34 [http-nio-8081-exec-7] DEBUG o.s.s.w.a.AnonymousAuthenticationFilter - Set SecurityContextHolder to anonymous SecurityContext
2026-07-05 17:01:34 [http-nio-8081-exec-1] DEBUG o.s.s.w.a.AnonymousAuthenticationFilter - Set SecurityContextHolder to anonymous SecurityContext
2026-07-05 17:01:34 [SpringApplicationShutdownHook] INFO  o.s.m.s.b.SimpleBrokerMessageHandler - Stopping...
2026-07-05 17:01:34 [SpringApplicationShutdownHook] INFO  o.s.m.s.b.SimpleBrokerMessageHandler - BrokerAvailabilityEvent[available=false, SimpleBrokerMessageHandler [org.springframework.messaging.simp.broker.DefaultSubscriptionRegistry@1d39c3ce]]
2026-07-05 17:01:34 [SpringApplicationShutdownHook] INFO  o.s.m.s.b.SimpleBrokerMessageHandler - Stopped.
2026-07-05 17:01:34 [SpringApplicationShutdownHook] INFO  o.s.o.j.LocalContainerEntityManagerFactoryBean - Closing JPA EntityManagerFactory for persistence unit 'default'
2026-07-05 17:01:34 [SpringApplicationShutdownHook] INFO  com.zaxxer.hikari.HikariDataSource - HikariPool-1 - Shutdown initiated...
2026-07-05 17:01:34 [SpringApplicationShutdownHook] INFO  com.zaxxer.hikari.HikariDataSource - HikariPool-1 - Shutdown completed.
2026-07-05 17:01:34 [tomcat-shutdown] INFO  o.s.boot.tomcat.GracefulShutdown - Graceful shutdown aborted with one or more requests still active
2026-07-05 17:01:42 [main] INFO  c.example.backend.BackendApplication - Starting BackendApplication using Java 17.0.18 with PID 9128 (D:\DATN\VietnamPhoto\backend\target\classes started by Tuna in D:\DATN\VietnamPhoto)
2026-07-05 17:01:42 [main] DEBUG c.example.backend.BackendApplication - Running with Spring Boot v4.0.3, Spring v7.0.5
2026-07-05 17:01:42 [main] INFO  c.example.backend.BackendApplication - No active profile set, falling back to 1 default profile: "default"
2026-07-05 17:01:42 [background-preinit] INFO  o.h.validator.internal.util.Version - HV000001: Hibernate Validator 9.0.1.Final
2026-07-05 17:01:43 [main] INFO  o.s.d.r.c.RepositoryConfigurationDelegate - Bootstrapping Spring Data JPA repositories in DEFAULT mode.
2026-07-05 17:01:43 [main] INFO  o.s.d.r.c.RepositoryConfigurationDelegate - Finished Spring Data repository scanning in 165 ms. Found 17 JPA repository interfaces.
2026-07-05 17:01:44 [main] INFO  o.s.boot.tomcat.TomcatWebServer - Tomcat initialized with port 8081 (http)
2026-07-05 17:01:44 [main] INFO  o.a.coyote.http11.Http11NioProtocol - Initializing ProtocolHandler ["http-nio-8081"]
2026-07-05 17:01:44 [main] INFO  o.a.catalina.core.StandardService - Starting service [Tomcat]
2026-07-05 17:01:44 [main] INFO  o.a.catalina.core.StandardEngine - Starting Servlet engine: [Apache Tomcat/11.0.18]
2026-07-05 17:01:44 [main] INFO  o.s.b.w.c.s.WebApplicationContextInitializer - Root WebApplicationContext: initialization completed in 2406 ms
2026-07-05 17:01:44 [main] DEBUG c.e.b.config.security.JwtFilter - Filter 'jwtFilter' configured for use
2026-07-05 17:01:44 [main] INFO  org.hibernate.orm.jpa - HHH008540: Processing PersistenceUnitInfo [name: default]
2026-07-05 17:01:45 [main] INFO  org.hibernate.orm.core - HHH000001: Hibernate ORM core version 7.2.4.Final
2026-07-05 17:01:45 [main] INFO  o.s.o.j.p.SpringPersistenceUnitInfo - No LoadTimeWeaver setup: ignoring JPA class transformer
2026-07-05 17:01:45 [main] INFO  com.zaxxer.hikari.HikariDataSource - HikariPool-1 - Starting...
2026-07-05 17:01:45 [main] INFO  com.zaxxer.hikari.pool.HikariPool - HikariPool-1 - Added connection com.mysql.cj.jdbc.ConnectionImpl@91a1005
2026-07-05 17:01:45 [main] INFO  com.zaxxer.hikari.HikariDataSource - HikariPool-1 - Start completed.
2026-07-05 17:01:46 [main] INFO  o.hibernate.orm.connections.pooling - HHH10001005: Database info:
	Database JDBC URL [jdbc:mysql://localhost:3306/VNScout?serverTimezone=Asia/Ho_Chi_Minh&useSSL=false&allowPublicKeyRetrieval=true]
	Database driver: MySQL Connector/J
	Database dialect: MySQLDialect
	Database version: 8.0.46
	Default catalog/schema: VNScout/undefined
	Autocommit mode: undefined/unknown
	Isolation level: REPEATABLE_READ [default REPEATABLE_READ]
	JDBC fetch size: none
	Pool: DataSourceConnectionProvider
	Minimum pool size: undefined/unknown
	Maximum pool size: undefined/unknown
2026-07-05 17:01:47 [main] INFO  org.hibernate.orm.core - HHH000489: No JTA platform available (set 'hibernate.transaction.jta.platform' to enable JTA platform integration)
2026-07-05 17:01:47 [main] INFO  o.s.o.j.LocalContainerEntityManagerFactoryBean - Initialized JPA EntityManagerFactory for persistence unit 'default'
2026-07-05 17:01:47 [main] INFO  o.s.d.j.r.q.QueryEnhancerFactories - Hibernate is in classpath; If applicable, HQL parser will be used.
2026-07-05 17:01:49 [main] INFO  c.e.b.s.banned.BadWordFilterService - Loaded 578 bad words from database into memory.
2026-07-05 17:01:50 [main] WARN  o.s.b.j.a.JpaBaseConfiguration$JpaWebConfiguration - spring.jpa.open-in-view is enabled by default. Therefore, database queries may be performed during view rendering. Explicitly configure spring.jpa.open-in-view to disable this warning
2026-07-05 17:01:50 [main] WARN  o.s.b.s.a.UserDetailsServiceAutoConfiguration - 

Using generated security password: a96b1848-6ea9-4c16-9f27-90b64a50910e

This generated password is for development use only. Your security configuration must be updated before running your application in production.

2026-07-05 17:01:50 [main] INFO  o.s.s.c.a.a.c.InitializeUserDetailsBeanManagerConfigurer$InitializeUserDetailsManagerConfigurer - Global AuthenticationManager configured with UserDetailsService bean with name inMemoryUserDetailsManager
2026-07-05 17:01:50 [main] DEBUG o.s.s.web.DefaultSecurityFilterChain - Will secure any request with filters: DisableEncodeUrlFilter, WebAsyncManagerIntegrationFilter, SecurityContextHolderFilter, HeaderWriterFilter, CorsFilter, LogoutFilter, JwtFilter, RequestCacheAwareFilter, SecurityContextHolderAwareRequestFilter, AnonymousAuthenticationFilter, ExceptionTranslationFilter, AuthorizationFilter
2026-07-05 17:01:50 [main] INFO  o.s.m.s.b.SimpleBrokerMessageHandler - Starting...
2026-07-05 17:01:50 [main] INFO  o.s.m.s.b.SimpleBrokerMessageHandler - BrokerAvailabilityEvent[available=true, SimpleBrokerMessageHandler [org.springframework.messaging.simp.broker.DefaultSubscriptionRegistry@658100fd]]
2026-07-05 17:01:50 [main] INFO  o.s.m.s.b.SimpleBrokerMessageHandler - Started.
2026-07-05 17:01:50 [main] INFO  o.a.coyote.http11.Http11NioProtocol - Starting ProtocolHandler ["http-nio-8081"]
2026-07-05 17:01:50 [main] INFO  o.s.boot.tomcat.TomcatWebServer - Tomcat started on port 8081 (http) with context path '/'
2026-07-05 17:01:50 [main] INFO  c.example.backend.BackendApplication - Started BackendApplication in 9.387 seconds (process running for 9.939)
2026-07-05 17:01:50 [http-nio-8081-exec-2] INFO  o.a.c.c.C.[Tomcat].[localhost].[/] - Initializing Spring DispatcherServlet 'dispatcherServlet'
2026-07-05 17:01:50 [http-nio-8081-exec-2] INFO  o.s.web.servlet.DispatcherServlet - Initializing Servlet 'dispatcherServlet'
2026-07-05 17:01:50 [http-nio-8081-exec-2] INFO  o.s.web.servlet.DispatcherServlet - Completed initialization in 0 ms
2026-07-05 17:01:50 [http-nio-8081-exec-1] DEBUG o.s.security.web.FilterChainProxy - Securing GET /api/v1/notifications/stream?token=eyJhbGciOiJIUzI1NiJ9.eyJzdWIiOiJUdW5hLWFkbWluIiwicGVybWlzc2lvbnMiOlsiUk9MRV9BRE1JTiJdLCJpc3MiOiJkZXZ0ZXJpYS5jb20iLCJleHAiOjE3Nzk1MjAyNzUsImlhdCI6MTc3OTUxMzA3NSwidXNlcklkIjoiMGZiN2VkZjMtYzQ5YS00NTQ5LTg4YzUtNDk5OTMxNGEzMzFlIn0.bJu3f8N3VUhzhAlzxn07v98jJkgoo3H20isKAEyAScU
2026-07-05 17:01:50 [http-nio-8081-exec-2] DEBUG o.s.security.web.FilterChainProxy - Securing GET /api/v1/notifications/stream?token=eyJhbGciOiJIUzI1NiJ9.eyJzdWIiOiJ0dW50dW4iLCJwZXJtaXNzaW9ucyI6WyJST0xFX1VTRVIiXSwiaXNzIjoiZGV2dGVyaWEuY29tIiwiZXhwIjoxNzgzMjUxMDA4LCJpYXQiOjE3ODMyNDM4MDgsInVzZXJJZCI6ImQ4YmQ2ZmFkLWY3ZjktNGM0ZS05MDc3LWJiMTBkZDcxYzc5NiJ9.DV-ZEyKnBzO7cZfY2Xnyk_gSG2yuPaRULFaRY5WlkFo
2026-07-05 17:01:50 [http-nio-8081-exec-1] WARN  o.s.w.s.h.HandlerMappingIntrospector - Cache miss for REQUEST dispatch to '/api/v1/notifications/stream' (previous null). Performing CorsConfiguration lookup. This is logged once only at WARN level, and every time at TRACE.
2026-07-05 17:01:50 [main] INFO  c.e.b.c.i.BannedWordDataInitializer - Banned words already initialized. Skip import.
2026-07-05 17:01:51 [http-nio-8081-exec-1] DEBUG o.s.security.web.FilterChainProxy - Secured GET /api/v1/notifications/stream?token=eyJhbGciOiJIUzI1NiJ9.eyJzdWIiOiJUdW5hLWFkbWluIiwicGVybWlzc2lvbnMiOlsiUk9MRV9BRE1JTiJdLCJpc3MiOiJkZXZ0ZXJpYS5jb20iLCJleHAiOjE3Nzk1MjAyNzUsImlhdCI6MTc3OTUxMzA3NSwidXNlcklkIjoiMGZiN2VkZjMtYzQ5YS00NTQ5LTg4YzUtNDk5OTMxNGEzMzFlIn0.bJu3f8N3VUhzhAlzxn07v98jJkgoo3H20isKAEyAScU
2026-07-05 17:01:51 [http-nio-8081-exec-2] DEBUG o.s.security.web.FilterChainProxy - Secured GET /api/v1/notifications/stream?token=eyJhbGciOiJIUzI1NiJ9.eyJzdWIiOiJ0dW50dW4iLCJwZXJtaXNzaW9ucyI6WyJST0xFX1VTRVIiXSwiaXNzIjoiZGV2dGVyaWEuY29tIiwiZXhwIjoxNzgzMjUxMDA4LCJpYXQiOjE3ODMyNDM4MDgsInVzZXJJZCI6ImQ4YmQ2ZmFkLWY3ZjktNGM0ZS05MDc3LWJiMTBkZDcxYzc5NiJ9.DV-ZEyKnBzO7cZfY2Xnyk_gSG2yuPaRULFaRY5WlkFo
2026-07-05 17:02:39 [http-nio-8081-exec-4] DEBUG o.s.security.web.FilterChainProxy - Securing GET /api/v1/notifications/unread-count
2026-07-05 17:02:39 [http-nio-8081-exec-4] DEBUG o.s.security.web.FilterChainProxy - Secured GET /api/v1/notifications/unread-count
2026-07-05 17:02:50 [MessageBroker-1] INFO  o.s.w.s.c.WebSocketMessageBrokerStats - WebSocketSession[0 current WS(0)-HttpStream(0)-HttpPoll(0), 0 total, 0 closed abnormally (0 connect failure, 0 send limit, 0 transport error)], stompSubProtocol[processed CONNECT(0)-CONNECTED(0)-DISCONNECT(0)], stompBrokerRelay[null], inboundChannel[pool size = 0, active threads = 0, queued tasks = 0, completed tasks = 0], outboundChannel[pool size = 0, active threads = 0, queued tasks = 0, completed tasks = 0], sockJsScheduler[pool size = 1, active threads = 1, queued tasks = 0, completed tasks = 0]
2026-07-05 17:03:10 [http-nio-8081-exec-9] DEBUG o.s.security.web.FilterChainProxy - Securing GET /api/admin/stats
2026-07-05 17:03:10 [http-nio-8081-exec-2] DEBUG o.s.security.web.FilterChainProxy - Securing GET /api/admin/reports?status=PENDING&size=20
2026-07-05 17:03:10 [http-nio-8081-exec-9] DEBUG o.s.security.web.FilterChainProxy - Secured GET /api/admin/stats
2026-07-05 17:03:10 [http-nio-8081-exec-1] DEBUG o.s.security.web.FilterChainProxy - Securing GET /api/admin/posts?page=0&size=10&pending=true
2026-07-05 17:03:10 [http-nio-8081-exec-1] DEBUG o.s.security.web.FilterChainProxy - Secured GET /api/admin/posts?page=0&size=10&pending=true
2026-07-05 17:03:10 [http-nio-8081-exec-2] DEBUG o.s.security.web.FilterChainProxy - Secured GET /api/admin/reports?status=PENDING&size=20
2026-07-05 17:03:10 [http-nio-8081-exec-9] DEBUG o.s.s.a.m.AuthorizationManagerBeforeMethodInterceptor - Authorizing method invocation ReflectiveMethodInvocation: public com.example.backend.dto.response.ApiResponse com.example.backend.controller.AdminController.getStats(); target is of class [com.example.backend.controller.AdminController]
2026-07-05 17:03:10 [http-nio-8081-exec-3] DEBUG o.s.security.web.FilterChainProxy - Securing GET /users/me
2026-07-05 17:03:10 [http-nio-8081-exec-3] DEBUG o.s.security.web.FilterChainProxy - Secured GET /users/me
2026-07-05 17:03:10 [http-nio-8081-exec-1] DEBUG o.s.s.a.m.AuthorizationManagerBeforeMethodInterceptor - Authorizing method invocation ReflectiveMethodInvocation: public com.example.backend.dto.response.ApiResponse com.example.backend.controller.AdminController.getAllPosts(int,int,boolean); target is of class [com.example.backend.controller.AdminController]
2026-07-05 17:03:10 [http-nio-8081-exec-2] DEBUG o.s.s.a.m.AuthorizationManagerBeforeMethodInterceptor - Authorizing method invocation ReflectiveMethodInvocation: public com.example.backend.dto.response.ApiResponse com.example.backend.controller.AdminController.getReports(java.lang.String,int,int); target is of class [com.example.backend.controller.AdminController]
2026-07-05 17:03:10 [http-nio-8081-exec-1] DEBUG o.s.s.a.m.AuthorizationManagerBeforeMethodInterceptor - Authorized method invocation ReflectiveMethodInvocation: public com.example.backend.dto.response.ApiResponse com.example.backend.controller.AdminController.getAllPosts(int,int,boolean); target is of class [com.example.backend.controller.AdminController]
2026-07-05 17:03:10 [http-nio-8081-exec-2] DEBUG o.s.s.a.m.AuthorizationManagerBeforeMethodInterceptor - Authorized method invocation ReflectiveMethodInvocation: public com.example.backend.dto.response.ApiResponse com.example.backend.controller.AdminController.getReports(java.lang.String,int,int); target is of class [com.example.backend.controller.AdminController]
2026-07-05 17:03:10 [http-nio-8081-exec-9] DEBUG o.s.s.a.m.AuthorizationManagerBeforeMethodInterceptor - Authorized method invocation ReflectiveMethodInvocation: public com.example.backend.dto.response.ApiResponse com.example.backend.controller.AdminController.getStats(); target is of class [com.example.backend.controller.AdminController]
2026-07-05 17:03:10 [http-nio-8081-exec-6] DEBUG o.s.security.web.FilterChainProxy - Securing GET /api/v1/notifications/unread-count
2026-07-05 17:03:10 [http-nio-8081-exec-8] DEBUG o.s.security.web.FilterChainProxy - Securing GET /api/v1/notifications/stream?token=eyJhbGciOiJIUzI1NiJ9.eyJzdWIiOiJUdW5hLWFkbWluIiwicGVybWlzc2lvbnMiOlsiUk9MRV9BRE1JTiJdLCJpc3MiOiJkZXZ0ZXJpYS5jb20iLCJleHAiOjE3Nzk1MjAyNzUsImlhdCI6MTc3OTUxMzA3NSwidXNlcklkIjoiMGZiN2VkZjMtYzQ5YS00NTQ5LTg4YzUtNDk5OTMxNGEzMzFlIn0.bJu3f8N3VUhzhAlzxn07v98jJkgoo3H20isKAEyAScU
2026-07-05 17:03:10 [http-nio-8081-exec-6] DEBUG o.s.security.web.FilterChainProxy - Secured GET /api/v1/notifications/unread-count
2026-07-05 17:03:10 [http-nio-8081-exec-8] DEBUG o.s.security.web.FilterChainProxy - Secured GET /api/v1/notifications/stream?token=eyJhbGciOiJIUzI1NiJ9.eyJzdWIiOiJUdW5hLWFkbWluIiwicGVybWlzc2lvbnMiOlsiUk9MRV9BRE1JTiJdLCJpc3MiOiJkZXZ0ZXJpYS5jb20iLCJleHAiOjE3Nzk1MjAyNzUsImlhdCI6MTc3OTUxMzA3NSwidXNlcklkIjoiMGZiN2VkZjMtYzQ5YS00NTQ5LTg4YzUtNDk5OTMxNGEzMzFlIn0.bJu3f8N3VUhzhAlzxn07v98jJkgoo3H20isKAEyAScU
2026-07-05 17:03:10 [http-nio-8081-exec-3] DEBUG o.s.security.web.FilterChainProxy - Securing GET /chat/conversations
2026-07-05 17:03:10 [http-nio-8081-exec-3] DEBUG o.s.security.web.FilterChainProxy - Secured GET /chat/conversations
2026-07-05 17:03:10 [http-nio-8081-exec-4] DEBUG o.s.security.web.FilterChainProxy - Securing GET /api/v1/notifications/unread-count
2026-07-05 17:03:10 [http-nio-8081-exec-4] DEBUG o.s.security.web.FilterChainProxy - Secured GET /api/v1/notifications/unread-count
2026-07-05 17:03:10 [http-nio-8081-exec-1] WARN  o.s.d.w.c.SpringDataJackson3Configuration$PageModule$WarningLoggingModifier - Serializing PageImpl instances as-is is not supported, meaning that there is no guarantee about the stability of the resulting JSON structure!
	For a stable JSON structure, please use Spring Data's PagedModel (globally via @EnableSpringDataWebSupport(pageSerializationMode = VIA_DTO))
	or Spring HATEOAS and Spring Data's PagedResourcesAssembler as documented in https://docs.spring.io/spring-data/commons/reference/repositories/core-extensions.html#core.web.pageables.

2026-07-05 17:03:10 [http-nio-8081-exec-5] DEBUG o.s.security.web.FilterChainProxy - Securing GET /chat/conversations
2026-07-05 17:03:10 [http-nio-8081-exec-5] DEBUG o.s.security.web.FilterChainProxy - Secured GET /chat/conversations
2026-07-05 17:03:52 [http-nio-8081-exec-4] DEBUG o.s.security.web.FilterChainProxy - Securing GET /api/v1/posts/getAll?size=200
2026-07-05 17:03:52 [http-nio-8081-exec-6] DEBUG o.s.security.web.FilterChainProxy - Securing GET /api/locations?size=20&page=0&level=2
2026-07-05 17:03:52 [http-nio-8081-exec-6] DEBUG o.s.security.web.FilterChainProxy - Secured GET /api/locations?size=20&page=0&level=2
2026-07-05 17:03:52 [http-nio-8081-exec-4] DEBUG o.s.security.web.FilterChainProxy - Secured GET /api/v1/posts/getAll?size=200
2026-07-05 17:03:52 [http-nio-8081-exec-1] DEBUG o.s.security.web.FilterChainProxy - Securing GET /api/locations?size=20&page=0&level=2
2026-07-05 17:03:52 [http-nio-8081-exec-1] DEBUG o.s.security.web.FilterChainProxy - Secured GET /api/locations?size=20&page=0&level=2
2026-07-05 17:03:53 [http-nio-8081-exec-2] DEBUG o.s.security.web.FilterChainProxy - Securing GET /api/v1/posts/getAll?size=200
2026-07-05 17:03:53 [http-nio-8081-exec-2] DEBUG o.s.security.web.FilterChainProxy - Secured GET /api/v1/posts/getAll?size=200
2026-07-05 17:03:59 [http-nio-8081-exec-4] DEBUG o.s.security.web.FilterChainProxy - Securing GET /api/admin/reports?status=PENDING&size=20
2026-07-05 17:03:59 [http-nio-8081-exec-6] DEBUG o.s.security.web.FilterChainProxy - Securing GET /api/admin/stats
2026-07-05 17:03:59 [http-nio-8081-exec-1] DEBUG o.s.security.web.FilterChainProxy - Securing GET /api/admin/posts?page=0&size=10&pending=true
2026-07-05 17:03:59 [http-nio-8081-exec-4] DEBUG o.s.security.web.FilterChainProxy - Secured GET /api/admin/reports?status=PENDING&size=20
2026-07-05 17:03:59 [http-nio-8081-exec-1] DEBUG o.s.security.web.FilterChainProxy - Secured GET /api/admin/posts?page=0&size=10&pending=true
2026-07-05 17:03:59 [http-nio-8081-exec-6] DEBUG o.s.security.web.FilterChainProxy - Secured GET /api/admin/stats
2026-07-05 17:03:59 [http-nio-8081-exec-6] DEBUG o.s.s.a.m.AuthorizationManagerBeforeMethodInterceptor - Authorizing method invocation ReflectiveMethodInvocation: public com.example.backend.dto.response.ApiResponse com.example.backend.controller.AdminController.getStats(); target is of class [com.example.backend.controller.AdminController]
2026-07-05 17:03:59 [http-nio-8081-exec-4] DEBUG o.s.s.a.m.AuthorizationManagerBeforeMethodInterceptor - Authorizing method invocation ReflectiveMethodInvocation: public com.example.backend.dto.response.ApiResponse com.example.backend.controller.AdminController.getReports(java.lang.String,int,int); target is of class [com.example.backend.controller.AdminController]
2026-07-05 17:03:59 [http-nio-8081-exec-1] DEBUG o.s.s.a.m.AuthorizationManagerBeforeMethodInterceptor - Authorizing method invocation ReflectiveMethodInvocation: public com.example.backend.dto.response.ApiResponse com.example.backend.controller.AdminController.getAllPosts(int,int,boolean); target is of class [com.example.backend.controller.AdminController]
2026-07-05 17:03:59 [http-nio-8081-exec-4] DEBUG o.s.s.a.m.AuthorizationManagerBeforeMethodInterceptor - Authorized method invocation ReflectiveMethodInvocation: public com.example.backend.dto.response.ApiResponse com.example.backend.controller.AdminController.getReports(java.lang.String,int,int); target is of class [com.example.backend.controller.AdminController]
2026-07-05 17:03:59 [http-nio-8081-exec-1] DEBUG o.s.s.a.m.AuthorizationManagerBeforeMethodInterceptor - Authorized method invocation ReflectiveMethodInvocation: public com.example.backend.dto.response.ApiResponse com.example.backend.controller.AdminController.getAllPosts(int,int,boolean); target is of class [com.example.backend.controller.AdminController]
2026-07-05 17:03:59 [http-nio-8081-exec-6] DEBUG o.s.s.a.m.AuthorizationManagerBeforeMethodInterceptor - Authorized method invocation ReflectiveMethodInvocation: public com.example.backend.dto.response.ApiResponse com.example.backend.controller.AdminController.getStats(); target is of class [com.example.backend.controller.AdminController]
2026-07-05 17:03:59 [http-nio-8081-exec-2] DEBUG o.s.security.web.FilterChainProxy - Securing GET /api/admin/reports?status=PENDING&size=20
2026-07-05 17:03:59 [http-nio-8081-exec-2] DEBUG o.s.security.web.FilterChainProxy - Secured GET /api/admin/reports?status=PENDING&size=20
2026-07-05 17:03:59 [http-nio-8081-exec-2] DEBUG o.s.s.a.m.AuthorizationManagerBeforeMethodInterceptor - Authorizing method invocation ReflectiveMethodInvocation: public com.example.backend.dto.response.ApiResponse com.example.backend.controller.AdminController.getReports(java.lang.String,int,int); target is of class [com.example.backend.controller.AdminController]
2026-07-05 17:03:59 [http-nio-8081-exec-2] DEBUG o.s.s.a.m.AuthorizationManagerBeforeMethodInterceptor - Authorized method invocation ReflectiveMethodInvocation: public com.example.backend.dto.response.ApiResponse com.example.backend.controller.AdminController.getReports(java.lang.String,int,int); target is of class [com.example.backend.controller.AdminController]
2026-07-05 17:03:59 [http-nio-8081-exec-3] DEBUG o.s.security.web.FilterChainProxy - Securing GET /api/admin/posts?page=0&size=10&pending=true
2026-07-05 17:03:59 [http-nio-8081-exec-3] DEBUG o.s.security.web.FilterChainProxy - Secured GET /api/admin/posts?page=0&size=10&pending=true
2026-07-05 17:03:59 [http-nio-8081-exec-3] DEBUG o.s.s.a.m.AuthorizationManagerBeforeMethodInterceptor - Authorizing method invocation ReflectiveMethodInvocation: public com.example.backend.dto.response.ApiResponse com.example.backend.controller.AdminController.getAllPosts(int,int,boolean); target is of class [com.example.backend.controller.AdminController]
2026-07-05 17:03:59 [http-nio-8081-exec-3] DEBUG o.s.s.a.m.AuthorizationManagerBeforeMethodInterceptor - Authorized method invocation ReflectiveMethodInvocation: public com.example.backend.dto.response.ApiResponse com.example.backend.controller.AdminController.getAllPosts(int,int,boolean); target is of class [com.example.backend.controller.AdminController]
2026-07-05 17:03:59 [http-nio-8081-exec-5] DEBUG o.s.security.web.FilterChainProxy - Securing GET /api/admin/stats
2026-07-05 17:03:59 [http-nio-8081-exec-5] DEBUG o.s.security.web.FilterChainProxy - Secured GET /api/admin/stats
2026-07-05 17:03:59 [http-nio-8081-exec-5] DEBUG o.s.s.a.m.AuthorizationManagerBeforeMethodInterceptor - Authorizing method invocation ReflectiveMethodInvocation: public com.example.backend.dto.response.ApiResponse com.example.backend.controller.AdminController.getStats(); target is of class [com.example.backend.controller.AdminController]
2026-07-05 17:03:59 [http-nio-8081-exec-5] DEBUG o.s.s.a.m.AuthorizationManagerBeforeMethodInterceptor - Authorized method invocation ReflectiveMethodInvocation: public com.example.backend.dto.response.ApiResponse com.example.backend.controller.AdminController.getStats(); target is of class [com.example.backend.controller.AdminController]
2026-07-05 17:04:00 [http-nio-8081-exec-8] DEBUG o.s.security.web.FilterChainProxy - Securing PUT /api/admin/posts/b99f6b8d-eede-4bae-90e5-16062c9ac2cc/approve
2026-07-05 17:04:00 [http-nio-8081-exec-8] DEBUG o.s.security.web.FilterChainProxy - Secured PUT /api/admin/posts/b99f6b8d-eede-4bae-90e5-16062c9ac2cc/approve
2026-07-05 17:04:00 [http-nio-8081-exec-8] DEBUG o.s.s.a.m.AuthorizationManagerBeforeMethodInterceptor - Authorizing method invocation ReflectiveMethodInvocation: public com.example.backend.dto.response.ApiResponse com.example.backend.controller.AdminController.approvePost(java.lang.String); target is of class [com.example.backend.controller.AdminController]
2026-07-05 17:04:00 [http-nio-8081-exec-8] DEBUG o.s.s.a.m.AuthorizationManagerBeforeMethodInterceptor - Authorized method invocation ReflectiveMethodInvocation: public com.example.backend.dto.response.ApiResponse com.example.backend.controller.AdminController.approvePost(java.lang.String); target is of class [com.example.backend.controller.AdminController]
2026-07-05 17:04:00 [http-nio-8081-exec-8] INFO  c.e.b.s.admin.impl.AdminServiceImpl - Admin approved post b99f6b8d-eede-4bae-90e5-16062c9ac2cc
2026-07-05 17:04:00 [http-nio-8081-exec-10] DEBUG o.s.security.web.FilterChainProxy - Securing GET /api/admin/posts?page=0&size=10&pending=true
2026-07-05 17:04:00 [http-nio-8081-exec-10] DEBUG o.s.security.web.FilterChainProxy - Secured GET /api/admin/posts?page=0&size=10&pending=true
2026-07-05 17:04:00 [http-nio-8081-exec-10] DEBUG o.s.s.a.m.AuthorizationManagerBeforeMethodInterceptor - Authorizing method invocation ReflectiveMethodInvocation: public com.example.backend.dto.response.ApiResponse com.example.backend.controller.AdminController.getAllPosts(int,int,boolean); target is of class [com.example.backend.controller.AdminController]
2026-07-05 17:04:00 [http-nio-8081-exec-10] DEBUG o.s.s.a.m.AuthorizationManagerBeforeMethodInterceptor - Authorized method invocation ReflectiveMethodInvocation: public com.example.backend.dto.response.ApiResponse com.example.backend.controller.AdminController.getAllPosts(int,int,boolean); target is of class [com.example.backend.controller.AdminController]
2026-07-05 17:04:03 [http-nio-8081-exec-6] DEBUG o.s.security.web.FilterChainProxy - Securing GET /api/v1/posts/getAll?size=200
2026-07-05 17:04:03 [http-nio-8081-exec-3] DEBUG o.s.security.web.FilterChainProxy - Securing GET /api/locations?size=20&page=0&level=2
2026-07-05 17:04:03 [http-nio-8081-exec-6] DEBUG o.s.security.web.FilterChainProxy - Secured GET /api/v1/posts/getAll?size=200
2026-07-05 17:04:03 [http-nio-8081-exec-3] DEBUG o.s.security.web.FilterChainProxy - Secured GET /api/locations?size=20&page=0&level=2
2026-07-05 17:04:03 [http-nio-8081-exec-5] DEBUG o.s.security.web.FilterChainProxy - Securing GET /api/locations?size=20&page=0&level=2
2026-07-05 17:04:04 [http-nio-8081-exec-5] DEBUG o.s.security.web.FilterChainProxy - Secured GET /api/locations?size=20&page=0&level=2
2026-07-05 17:04:04 [http-nio-8081-exec-7] DEBUG o.s.security.web.FilterChainProxy - Securing GET /api/v1/posts/getAll?size=200
2026-07-05 17:04:04 [http-nio-8081-exec-7] DEBUG o.s.security.web.FilterChainProxy - Secured GET /api/v1/posts/getAll?size=200
2026-07-05 17:04:05 [http-nio-8081-exec-2] DEBUG o.s.security.web.FilterChainProxy - Securing GET /api/locations/d9d38450-5a17-455d-864e-4f8477590860
2026-07-05 17:04:05 [http-nio-8081-exec-2] DEBUG o.s.security.web.FilterChainProxy - Secured GET /api/locations/d9d38450-5a17-455d-864e-4f8477590860
2026-07-05 17:04:05 [http-nio-8081-exec-1] DEBUG o.s.security.web.FilterChainProxy - Securing GET /api/locations/d9d38450-5a17-455d-864e-4f8477590860
2026-07-05 17:04:05 [http-nio-8081-exec-1] DEBUG o.s.security.web.FilterChainProxy - Secured GET /api/locations/d9d38450-5a17-455d-864e-4f8477590860
2026-07-05 17:04:05 [http-nio-8081-exec-9] DEBUG o.s.security.web.FilterChainProxy - Securing GET /api/v1/posts/location/d9d38450-5a17-455d-864e-4f8477590860?size=50&viewerId=0fb7edf3-c49a-4549-88c5-4999314a331e
2026-07-05 17:04:05 [http-nio-8081-exec-9] DEBUG o.s.security.web.FilterChainProxy - Secured GET /api/v1/posts/location/d9d38450-5a17-455d-864e-4f8477590860?size=50&viewerId=0fb7edf3-c49a-4549-88c5-4999314a331e
2026-07-05 17:04:05 [http-nio-8081-exec-3] DEBUG o.s.security.web.FilterChainProxy - Securing GET /api/v1/posts/location/d9d38450-5a17-455d-864e-4f8477590860?size=50&viewerId=0fb7edf3-c49a-4549-88c5-4999314a331e
2026-07-05 17:04:05 [http-nio-8081-exec-3] DEBUG o.s.security.web.FilterChainProxy - Secured GET /api/v1/posts/location/d9d38450-5a17-455d-864e-4f8477590860?size=50&viewerId=0fb7edf3-c49a-4549-88c5-4999314a331e
2026-07-05 17:04:07 [http-nio-8081-exec-6] DEBUG o.s.security.web.FilterChainProxy - Securing GET /api/locations/d9d38450-5a17-455d-864e-4f8477590860
2026-07-05 17:04:07 [http-nio-8081-exec-6] DEBUG o.s.security.web.FilterChainProxy - Secured GET /api/locations/d9d38450-5a17-455d-864e-4f8477590860
2026-07-05 17:04:07 [http-nio-8081-exec-7] DEBUG o.s.security.web.FilterChainProxy - Securing GET /users/me
2026-07-05 17:04:07 [http-nio-8081-exec-7] DEBUG o.s.security.web.FilterChainProxy - Secured GET /users/me
2026-07-05 17:04:07 [http-nio-8081-exec-10] DEBUG o.s.security.web.FilterChainProxy - Securing GET /api/v1/posts/location/d9d38450-5a17-455d-864e-4f8477590860?size=50
2026-07-05 17:04:07 [http-nio-8081-exec-10] DEBUG o.s.security.web.FilterChainProxy - Secured GET /api/v1/posts/location/d9d38450-5a17-455d-864e-4f8477590860?size=50
2026-07-05 17:04:07 [http-nio-8081-exec-1] DEBUG o.s.security.web.FilterChainProxy - Securing GET /api/v1/notifications/unread-count
2026-07-05 17:04:07 [http-nio-8081-exec-1] DEBUG o.s.security.web.FilterChainProxy - Secured GET /api/v1/notifications/unread-count
2026-07-05 17:04:07 [http-nio-8081-exec-9] DEBUG o.s.security.web.FilterChainProxy - Securing GET /api/v1/notifications/stream?token=eyJhbGciOiJIUzI1NiJ9.eyJzdWIiOiJUdW5hLWFkbWluIiwicGVybWlzc2lvbnMiOlsiUk9MRV9BRE1JTiJdLCJpc3MiOiJkZXZ0ZXJpYS5jb20iLCJleHAiOjE3Nzk1MjAyNzUsImlhdCI6MTc3OTUxMzA3NSwidXNlcklkIjoiMGZiN2VkZjMtYzQ5YS00NTQ5LTg4YzUtNDk5OTMxNGEzMzFlIn0.bJu3f8N3VUhzhAlzxn07v98jJkgoo3H20isKAEyAScU
2026-07-05 17:04:07 [http-nio-8081-exec-9] DEBUG o.s.security.web.FilterChainProxy - Secured GET /api/v1/notifications/stream?token=eyJhbGciOiJIUzI1NiJ9.eyJzdWIiOiJUdW5hLWFkbWluIiwicGVybWlzc2lvbnMiOlsiUk9MRV9BRE1JTiJdLCJpc3MiOiJkZXZ0ZXJpYS5jb20iLCJleHAiOjE3Nzk1MjAyNzUsImlhdCI6MTc3OTUxMzA3NSwidXNlcklkIjoiMGZiN2VkZjMtYzQ5YS00NTQ5LTg4YzUtNDk5OTMxNGEzMzFlIn0.bJu3f8N3VUhzhAlzxn07v98jJkgoo3H20isKAEyAScU
2026-07-05 17:04:07 [http-nio-8081-exec-7] DEBUG o.s.security.web.FilterChainProxy - Securing GET /chat/conversations
2026-07-05 17:04:07 [http-nio-8081-exec-7] DEBUG o.s.security.web.FilterChainProxy - Secured GET /chat/conversations
2026-07-05 17:04:07 [http-nio-8081-exec-6] DEBUG o.s.security.web.FilterChainProxy - Securing GET /api/v1/notifications/unread-count
2026-07-05 17:04:07 [http-nio-8081-exec-6] DEBUG o.s.security.web.FilterChainProxy - Secured GET /api/v1/notifications/unread-count
2026-07-05 17:04:07 [http-nio-8081-exec-8] DEBUG o.s.security.web.FilterChainProxy - Securing GET /chat/conversations
2026-07-05 17:04:07 [http-nio-8081-exec-8] DEBUG o.s.security.web.FilterChainProxy - Secured GET /chat/conversations
2026-07-05 17:04:11 [http-nio-8081-exec-6] DEBUG o.s.security.web.FilterChainProxy - Securing GET /api/admin/reports?status=PENDING&size=20
2026-07-05 17:04:11 [http-nio-8081-exec-1] DEBUG o.s.security.web.FilterChainProxy - Securing GET /api/admin/stats
2026-07-05 17:04:11 [http-nio-8081-exec-7] DEBUG o.s.security.web.FilterChainProxy - Securing GET /api/admin/posts?page=0&size=10&pending=true
2026-07-05 17:04:11 [http-nio-8081-exec-1] DEBUG o.s.security.web.FilterChainProxy - Secured GET /api/admin/stats
2026-07-05 17:04:11 [http-nio-8081-exec-7] DEBUG o.s.security.web.FilterChainProxy - Secured GET /api/admin/posts?page=0&size=10&pending=true
2026-07-05 17:04:11 [http-nio-8081-exec-6] DEBUG o.s.security.web.FilterChainProxy - Secured GET /api/admin/reports?status=PENDING&size=20
2026-07-05 17:04:11 [http-nio-8081-exec-1] DEBUG o.s.s.a.m.AuthorizationManagerBeforeMethodInterceptor - Authorizing method invocation ReflectiveMethodInvocation: public com.example.backend.dto.response.ApiResponse com.example.backend.controller.AdminController.getStats(); target is of class [com.example.backend.controller.AdminController]
2026-07-05 17:04:11 [http-nio-8081-exec-7] DEBUG o.s.s.a.m.AuthorizationManagerBeforeMethodInterceptor - Authorizing method invocation ReflectiveMethodInvocation: public com.example.backend.dto.response.ApiResponse com.example.backend.controller.AdminController.getAllPosts(int,int,boolean); target is of class [com.example.backend.controller.AdminController]
2026-07-05 17:04:11 [http-nio-8081-exec-6] DEBUG o.s.s.a.m.AuthorizationManagerBeforeMethodInterceptor - Authorizing method invocation ReflectiveMethodInvocation: public com.example.backend.dto.response.ApiResponse com.example.backend.controller.AdminController.getReports(java.lang.String,int,int); target is of class [com.example.backend.controller.AdminController]
2026-07-05 17:04:11 [http-nio-8081-exec-1] DEBUG o.s.s.a.m.AuthorizationManagerBeforeMethodInterceptor - Authorized method invocation ReflectiveMethodInvocation: public com.example.backend.dto.response.ApiResponse com.example.backend.controller.AdminController.getStats(); target is of class [com.example.backend.controller.AdminController]
2026-07-05 17:04:11 [http-nio-8081-exec-7] DEBUG o.s.s.a.m.AuthorizationManagerBeforeMethodInterceptor - Authorized method invocation ReflectiveMethodInvocation: public com.example.backend.dto.response.ApiResponse com.example.backend.controller.AdminController.getAllPosts(int,int,boolean); target is of class [com.example.backend.controller.AdminController]
2026-07-05 17:04:11 [http-nio-8081-exec-6] DEBUG o.s.s.a.m.AuthorizationManagerBeforeMethodInterceptor - Authorized method invocation ReflectiveMethodInvocation: public com.example.backend.dto.response.ApiResponse com.example.backend.controller.AdminController.getReports(java.lang.String,int,int); target is of class [com.example.backend.controller.AdminController]
2026-07-05 17:04:11 [http-nio-8081-exec-8] DEBUG o.s.security.web.FilterChainProxy - Securing GET /api/admin/posts?page=0&size=10&pending=true
2026-07-05 17:04:11 [http-nio-8081-exec-8] DEBUG o.s.security.web.FilterChainProxy - Secured GET /api/admin/posts?page=0&size=10&pending=true
2026-07-05 17:04:11 [http-nio-8081-exec-4] DEBUG o.s.security.web.FilterChainProxy - Securing GET /api/admin/reports?status=PENDING&size=20
2026-07-05 17:04:11 [http-nio-8081-exec-8] DEBUG o.s.s.a.m.AuthorizationManagerBeforeMethodInterceptor - Authorizing method invocation ReflectiveMethodInvocation: public com.example.backend.dto.response.ApiResponse com.example.backend.controller.AdminController.getAllPosts(int,int,boolean); target is of class [com.example.backend.controller.AdminController]
2026-07-05 17:04:11 [http-nio-8081-exec-8] DEBUG o.s.s.a.m.AuthorizationManagerBeforeMethodInterceptor - Authorized method invocation ReflectiveMethodInvocation: public com.example.backend.dto.response.ApiResponse com.example.backend.controller.AdminController.getAllPosts(int,int,boolean); target is of class [com.example.backend.controller.AdminController]
2026-07-05 17:04:11 [http-nio-8081-exec-4] DEBUG o.s.security.web.FilterChainProxy - Secured GET /api/admin/reports?status=PENDING&size=20
2026-07-05 17:04:11 [http-nio-8081-exec-4] DEBUG o.s.s.a.m.AuthorizationManagerBeforeMethodInterceptor - Authorizing method invocation ReflectiveMethodInvocation: public com.example.backend.dto.response.ApiResponse com.example.backend.controller.AdminController.getReports(java.lang.String,int,int); target is of class [com.example.backend.controller.AdminController]
2026-07-05 17:04:11 [http-nio-8081-exec-4] DEBUG o.s.s.a.m.AuthorizationManagerBeforeMethodInterceptor - Authorized method invocation ReflectiveMethodInvocation: public com.example.backend.dto.response.ApiResponse com.example.backend.controller.AdminController.getReports(java.lang.String,int,int); target is of class [com.example.backend.controller.AdminController]
2026-07-05 17:04:11 [http-nio-8081-exec-9] DEBUG o.s.security.web.FilterChainProxy - Securing GET /api/admin/stats
2026-07-05 17:04:11 [http-nio-8081-exec-9] DEBUG o.s.security.web.FilterChainProxy - Secured GET /api/admin/stats
2026-07-05 17:04:11 [http-nio-8081-exec-9] DEBUG o.s.s.a.m.AuthorizationManagerBeforeMethodInterceptor - Authorizing method invocation ReflectiveMethodInvocation: public com.example.backend.dto.response.ApiResponse com.example.backend.controller.AdminController.getStats(); target is of class [com.example.backend.controller.AdminController]
2026-07-05 17:04:11 [http-nio-8081-exec-9] DEBUG o.s.s.a.m.AuthorizationManagerBeforeMethodInterceptor - Authorized method invocation ReflectiveMethodInvocation: public com.example.backend.dto.response.ApiResponse com.example.backend.controller.AdminController.getStats(); target is of class [com.example.backend.controller.AdminController]
2026-07-05 17:04:25 [http-nio-8081-exec-3] DEBUG o.s.security.web.FilterChainProxy - Securing GET /api/admin/locations?page=0&size=10
2026-07-05 17:04:25 [http-nio-8081-exec-3] DEBUG o.s.security.web.FilterChainProxy - Secured GET /api/admin/locations?page=0&size=10
2026-07-05 17:04:25 [http-nio-8081-exec-3] DEBUG o.s.s.a.m.AuthorizationManagerBeforeMethodInterceptor - Authorizing method invocation ReflectiveMethodInvocation: public com.example.backend.dto.response.ApiResponse com.example.backend.controller.AdminController.getAllLocations(int,int); target is of class [com.example.backend.controller.AdminController]
2026-07-05 17:04:25 [http-nio-8081-exec-3] DEBUG o.s.s.a.m.AuthorizationManagerBeforeMethodInterceptor - Authorized method invocation ReflectiveMethodInvocation: public com.example.backend.dto.response.ApiResponse com.example.backend.controller.AdminController.getAllLocations(int,int); target is of class [com.example.backend.controller.AdminController]
2026-07-05 17:04:29 [http-nio-8081-exec-5] DEBUG o.s.security.web.FilterChainProxy - Securing PUT /api/admin/locations/d9d38450-5a17-455d-864e-4f8477590860/status?deleted=1
2026-07-05 17:04:29 [http-nio-8081-exec-5] DEBUG o.s.security.web.FilterChainProxy - Secured PUT /api/admin/locations/d9d38450-5a17-455d-864e-4f8477590860/status?deleted=1
2026-07-05 17:04:29 [http-nio-8081-exec-5] DEBUG o.s.s.a.m.AuthorizationManagerBeforeMethodInterceptor - Authorizing method invocation ReflectiveMethodInvocation: public com.example.backend.dto.response.ApiResponse com.example.backend.controller.AdminController.toggleLocationStatus(java.lang.String,int); target is of class [com.example.backend.controller.AdminController]
2026-07-05 17:04:29 [http-nio-8081-exec-5] DEBUG o.s.s.a.m.AuthorizationManagerBeforeMethodInterceptor - Authorized method invocation ReflectiveMethodInvocation: public com.example.backend.dto.response.ApiResponse com.example.backend.controller.AdminController.toggleLocationStatus(java.lang.String,int); target is of class [com.example.backend.controller.AdminController]
2026-07-05 17:04:29 [http-nio-8081-exec-5] INFO  c.e.b.s.admin.impl.AdminServiceImpl - Admin updated location d9d38450-5a17-455d-864e-4f8477590860 status to deleted=1
2026-07-05 17:04:29 [http-nio-8081-exec-7] DEBUG o.s.security.web.FilterChainProxy - Securing GET /api/admin/locations?page=0&size=10
2026-07-05 17:04:29 [http-nio-8081-exec-7] DEBUG o.s.security.web.FilterChainProxy - Secured GET /api/admin/locations?page=0&size=10
2026-07-05 17:04:29 [http-nio-8081-exec-7] DEBUG o.s.s.a.m.AuthorizationManagerBeforeMethodInterceptor - Authorizing method invocation ReflectiveMethodInvocation: public com.example.backend.dto.response.ApiResponse com.example.backend.controller.AdminController.getAllLocations(int,int); target is of class [com.example.backend.controller.AdminController]
2026-07-05 17:04:29 [http-nio-8081-exec-7] DEBUG o.s.s.a.m.AuthorizationManagerBeforeMethodInterceptor - Authorized method invocation ReflectiveMethodInvocation: public com.example.backend.dto.response.ApiResponse com.example.backend.controller.AdminController.getAllLocations(int,int); target is of class [com.example.backend.controller.AdminController]
2026-07-05 17:04:35 [http-nio-8081-exec-8] DEBUG o.s.security.web.FilterChainProxy - Securing PUT /api/admin/locations/b72196ab-25e9-45ad-9381-37f35b034614/status?deleted=0
2026-07-05 17:04:35 [http-nio-8081-exec-8] DEBUG o.s.security.web.FilterChainProxy - Secured PUT /api/admin/locations/b72196ab-25e9-45ad-9381-37f35b034614/status?deleted=0
2026-07-05 17:04:35 [http-nio-8081-exec-8] DEBUG o.s.s.a.m.AuthorizationManagerBeforeMethodInterceptor - Authorizing method invocation ReflectiveMethodInvocation: public com.example.backend.dto.response.ApiResponse com.example.backend.controller.AdminController.toggleLocationStatus(java.lang.String,int); target is of class [com.example.backend.controller.AdminController]
2026-07-05 17:04:35 [http-nio-8081-exec-8] DEBUG o.s.s.a.m.AuthorizationManagerBeforeMethodInterceptor - Authorized method invocation ReflectiveMethodInvocation: public com.example.backend.dto.response.ApiResponse com.example.backend.controller.AdminController.toggleLocationStatus(java.lang.String,int); target is of class [com.example.backend.controller.AdminController]
2026-07-05 17:04:35 [http-nio-8081-exec-8] INFO  c.e.b.s.admin.impl.AdminServiceImpl - Admin updated location b72196ab-25e9-45ad-9381-37f35b034614 status to deleted=0
2026-07-05 17:04:35 [http-nio-8081-exec-1] DEBUG o.s.security.web.FilterChainProxy - Securing GET /api/admin/locations?page=0&size=10
2026-07-05 17:04:35 [http-nio-8081-exec-1] DEBUG o.s.security.web.FilterChainProxy - Secured GET /api/admin/locations?page=0&size=10
2026-07-05 17:04:35 [http-nio-8081-exec-1] DEBUG o.s.s.a.m.AuthorizationManagerBeforeMethodInterceptor - Authorizing method invocation ReflectiveMethodInvocation: public com.example.backend.dto.response.ApiResponse com.example.backend.controller.AdminController.getAllLocations(int,int); target is of class [com.example.backend.controller.AdminController]
2026-07-05 17:04:35 [http-nio-8081-exec-1] DEBUG o.s.s.a.m.AuthorizationManagerBeforeMethodInterceptor - Authorized method invocation ReflectiveMethodInvocation: public com.example.backend.dto.response.ApiResponse com.example.backend.controller.AdminController.getAllLocations(int,int); target is of class [com.example.backend.controller.AdminController]
2026-07-05 17:04:40 [http-nio-8081-exec-5] DEBUG o.s.security.web.FilterChainProxy - Securing GET /api/v1/posts/getAll?size=200
2026-07-05 17:04:40 [http-nio-8081-exec-7] DEBUG o.s.security.web.FilterChainProxy - Securing GET /api/locations?size=20&page=0&level=2
2026-07-05 17:04:40 [http-nio-8081-exec-7] DEBUG o.s.security.web.FilterChainProxy - Secured GET /api/locations?size=20&page=0&level=2
2026-07-05 17:04:40 [http-nio-8081-exec-5] DEBUG o.s.security.web.FilterChainProxy - Secured GET /api/v1/posts/getAll?size=200
2026-07-05 17:04:40 [http-nio-8081-exec-6] DEBUG o.s.security.web.FilterChainProxy - Securing GET /api/locations?size=20&page=0&level=2
2026-07-05 17:04:40 [http-nio-8081-exec-6] DEBUG o.s.security.web.FilterChainProxy - Secured GET /api/locations?size=20&page=0&level=2
2026-07-05 17:04:40 [http-nio-8081-exec-8] DEBUG o.s.security.web.FilterChainProxy - Securing GET /api/v1/posts/getAll?size=200
2026-07-05 17:04:40 [http-nio-8081-exec-8] DEBUG o.s.security.web.FilterChainProxy - Secured GET /api/v1/posts/getAll?size=200
2026-07-05 17:04:41 [http-nio-8081-exec-2] DEBUG o.s.security.web.FilterChainProxy - Securing GET /api/locations/3f9a1830-a224-44c2-977e-c6e50b117219
2026-07-05 17:04:41 [http-nio-8081-exec-2] DEBUG o.s.security.web.FilterChainProxy - Secured GET /api/locations/3f9a1830-a224-44c2-977e-c6e50b117219
2026-07-05 17:04:41 [http-nio-8081-exec-9] DEBUG o.s.security.web.FilterChainProxy - Securing GET /api/locations/3f9a1830-a224-44c2-977e-c6e50b117219
2026-07-05 17:04:41 [http-nio-8081-exec-9] DEBUG o.s.security.web.FilterChainProxy - Secured GET /api/locations/3f9a1830-a224-44c2-977e-c6e50b117219
2026-07-05 17:04:41 [http-nio-8081-exec-10] DEBUG o.s.security.web.FilterChainProxy - Securing GET /api/v1/posts/location/3f9a1830-a224-44c2-977e-c6e50b117219?size=50&viewerId=0fb7edf3-c49a-4549-88c5-4999314a331e
2026-07-05 17:04:41 [http-nio-8081-exec-10] DEBUG o.s.security.web.FilterChainProxy - Secured GET /api/v1/posts/location/3f9a1830-a224-44c2-977e-c6e50b117219?size=50&viewerId=0fb7edf3-c49a-4549-88c5-4999314a331e
2026-07-05 17:04:41 [http-nio-8081-exec-7] DEBUG o.s.security.web.FilterChainProxy - Securing GET /api/v1/posts/location/3f9a1830-a224-44c2-977e-c6e50b117219?size=50&viewerId=0fb7edf3-c49a-4549-88c5-4999314a331e
2026-07-05 17:04:41 [http-nio-8081-exec-7] DEBUG o.s.security.web.FilterChainProxy - Secured GET /api/v1/posts/location/3f9a1830-a224-44c2-977e-c6e50b117219?size=50&viewerId=0fb7edf3-c49a-4549-88c5-4999314a331e
2026-07-05 17:04:45 [http-nio-8081-exec-2] DEBUG o.s.security.web.FilterChainProxy - Securing GET /api/v1/posts/getAll?size=200
2026-07-05 17:04:45 [http-nio-8081-exec-4] DEBUG o.s.security.web.FilterChainProxy - Securing GET /api/locations?size=20&page=0&level=2
2026-07-05 17:04:45 [http-nio-8081-exec-2] DEBUG o.s.security.web.FilterChainProxy - Secured GET /api/v1/posts/getAll?size=200
2026-07-05 17:04:45 [http-nio-8081-exec-4] DEBUG o.s.security.web.FilterChainProxy - Secured GET /api/locations?size=20&page=0&level=2
2026-07-05 17:04:45 [http-nio-8081-exec-3] DEBUG o.s.security.web.FilterChainProxy - Securing GET /api/locations?size=20&page=0&level=2
2026-07-05 17:04:45 [http-nio-8081-exec-3] DEBUG o.s.security.web.FilterChainProxy - Secured GET /api/locations?size=20&page=0&level=2
2026-07-05 17:04:45 [http-nio-8081-exec-10] DEBUG o.s.security.web.FilterChainProxy - Securing GET /api/v1/posts/getAll?size=200
2026-07-05 17:04:45 [http-nio-8081-exec-10] DEBUG o.s.security.web.FilterChainProxy - Secured GET /api/v1/posts/getAll?size=200
2026-07-05 17:04:48 [http-nio-8081-exec-6] DEBUG o.s.security.web.FilterChainProxy - Securing GET /api/locations/b72196ab-25e9-45ad-9381-37f35b034614
2026-07-05 17:04:48 [http-nio-8081-exec-6] DEBUG o.s.security.web.FilterChainProxy - Secured GET /api/locations/b72196ab-25e9-45ad-9381-37f35b034614
2026-07-05 17:04:48 [http-nio-8081-exec-5] DEBUG o.s.security.web.FilterChainProxy - Securing GET /api/locations/b72196ab-25e9-45ad-9381-37f35b034614
2026-07-05 17:04:48 [http-nio-8081-exec-5] DEBUG o.s.security.web.FilterChainProxy - Secured GET /api/locations/b72196ab-25e9-45ad-9381-37f35b034614
2026-07-05 17:04:48 [http-nio-8081-exec-1] DEBUG o.s.security.web.FilterChainProxy - Securing GET /api/v1/posts/location/b72196ab-25e9-45ad-9381-37f35b034614?size=50&viewerId=0fb7edf3-c49a-4549-88c5-4999314a331e
2026-07-05 17:04:48 [http-nio-8081-exec-1] DEBUG o.s.security.web.FilterChainProxy - Secured GET /api/v1/posts/location/b72196ab-25e9-45ad-9381-37f35b034614?size=50&viewerId=0fb7edf3-c49a-4549-88c5-4999314a331e
2026-07-05 17:04:48 [http-nio-8081-exec-4] DEBUG o.s.security.web.FilterChainProxy - Securing GET /api/v1/posts/location/b72196ab-25e9-45ad-9381-37f35b034614?size=50&viewerId=0fb7edf3-c49a-4549-88c5-4999314a331e
2026-07-05 17:04:48 [http-nio-8081-exec-4] DEBUG o.s.security.web.FilterChainProxy - Secured GET /api/v1/posts/location/b72196ab-25e9-45ad-9381-37f35b034614?size=50&viewerId=0fb7edf3-c49a-4549-88c5-4999314a331e
2026-07-05 17:05:01 [http-nio-8081-exec-6] DEBUG o.s.security.web.FilterChainProxy - Securing GET /api/locations?size=20&page=0&level=2
2026-07-05 17:05:01 [http-nio-8081-exec-7] DEBUG o.s.security.web.FilterChainProxy - Securing GET /api/v1/posts/getAll?size=200
2026-07-05 17:05:01 [http-nio-8081-exec-7] DEBUG o.s.security.web.FilterChainProxy - Secured GET /api/v1/posts/getAll?size=200
2026-07-05 17:05:01 [http-nio-8081-exec-6] DEBUG o.s.security.web.FilterChainProxy - Secured GET /api/locations?size=20&page=0&level=2
2026-07-05 17:05:01 [http-nio-8081-exec-8] DEBUG o.s.security.web.FilterChainProxy - Securing GET /api/locations?size=20&page=0&level=2
2026-07-05 17:05:01 [http-nio-8081-exec-8] DEBUG o.s.security.web.FilterChainProxy - Secured GET /api/locations?size=20&page=0&level=2
2026-07-05 17:05:01 [http-nio-8081-exec-5] DEBUG o.s.security.web.FilterChainProxy - Securing GET /api/v1/posts/getAll?size=200
2026-07-05 17:05:01 [http-nio-8081-exec-5] DEBUG o.s.security.web.FilterChainProxy - Secured GET /api/v1/posts/getAll?size=200
2026-07-05 17:05:33 [http-nio-8081-exec-10] DEBUG o.s.security.web.FilterChainProxy - Securing GET /api/v1/notifications/unread-count
2026-07-05 17:05:33 [http-nio-8081-exec-10] DEBUG o.s.security.web.FilterChainProxy - Secured GET /api/v1/notifications/unread-count
2026-07-05 17:05:35 [http-nio-8081-exec-2] DEBUG o.s.security.web.FilterChainProxy - Securing GET /api/locations?size=20&page=0&level=2
2026-07-05 17:05:35 [http-nio-8081-exec-2] DEBUG o.s.security.web.FilterChainProxy - Secured GET /api/locations?size=20&page=0&level=2
2026-07-05 17:05:35 [http-nio-8081-exec-8] DEBUG o.s.security.web.FilterChainProxy - Securing GET /api/v1/posts/getAll?size=200
2026-07-05 17:05:35 [http-nio-8081-exec-7] DEBUG o.s.security.web.FilterChainProxy - Securing GET /users/me
2026-07-05 17:05:35 [http-nio-8081-exec-7] DEBUG o.s.security.web.FilterChainProxy - Secured GET /users/me
2026-07-05 17:05:35 [http-nio-8081-exec-8] DEBUG o.s.security.web.FilterChainProxy - Secured GET /api/v1/posts/getAll?size=200
2026-07-05 17:05:35 [http-nio-8081-exec-5] DEBUG o.s.security.web.FilterChainProxy - Securing GET /api/v1/notifications/unread-count
2026-07-05 17:05:35 [http-nio-8081-exec-5] DEBUG o.s.security.web.FilterChainProxy - Secured GET /api/v1/notifications/unread-count
2026-07-05 17:05:35 [http-nio-8081-exec-1] DEBUG o.s.security.web.FilterChainProxy - Securing GET /api/v1/notifications/unread-count
2026-07-05 17:05:35 [http-nio-8081-exec-1] DEBUG o.s.security.web.FilterChainProxy - Secured GET /api/v1/notifications/unread-count
2026-07-05 17:05:35 [http-nio-8081-exec-4] DEBUG o.s.security.web.FilterChainProxy - Securing GET /api/v1/notifications/stream?token=eyJhbGciOiJIUzI1NiJ9.eyJzdWIiOiJ0dW50dW4iLCJwZXJtaXNzaW9ucyI6WyJST0xFX1VTRVIiXSwiaXNzIjoiZGV2dGVyaWEuY29tIiwiZXhwIjoxNzgzMjUxMDA4LCJpYXQiOjE3ODMyNDM4MDgsInVzZXJJZCI6ImQ4YmQ2ZmFkLWY3ZjktNGM0ZS05MDc3LWJiMTBkZDcxYzc5NiJ9.DV-ZEyKnBzO7cZfY2Xnyk_gSG2yuPaRULFaRY5WlkFo
2026-07-05 17:05:35 [http-nio-8081-exec-4] DEBUG o.s.security.web.FilterChainProxy - Secured GET /api/v1/notifications/stream?token=eyJhbGciOiJIUzI1NiJ9.eyJzdWIiOiJ0dW50dW4iLCJwZXJtaXNzaW9ucyI6WyJST0xFX1VTRVIiXSwiaXNzIjoiZGV2dGVyaWEuY29tIiwiZXhwIjoxNzgzMjUxMDA4LCJpYXQiOjE3ODMyNDM4MDgsInVzZXJJZCI6ImQ4YmQ2ZmFkLWY3ZjktNGM0ZS05MDc3LWJiMTBkZDcxYzc5NiJ9.DV-ZEyKnBzO7cZfY2Xnyk_gSG2yuPaRULFaRY5WlkFo
2026-07-05 17:05:35 [http-nio-8081-exec-9] DEBUG o.s.security.web.FilterChainProxy - Securing GET /chat/conversations
2026-07-05 17:05:35 [http-nio-8081-exec-9] DEBUG o.s.security.web.FilterChainProxy - Secured GET /chat/conversations
2026-07-05 17:05:35 [http-nio-8081-exec-6] DEBUG o.s.security.web.FilterChainProxy - Securing GET /chat/conversations
2026-07-05 17:05:35 [http-nio-8081-exec-6] DEBUG o.s.security.web.FilterChainProxy - Secured GET /chat/conversations
2026-07-05 17:06:21 [http-nio-8081-exec-9] DEBUG o.s.security.web.FilterChainProxy - Securing GET /api/admin/stats
2026-07-05 17:06:21 [http-nio-8081-exec-9] DEBUG o.s.security.web.FilterChainProxy - Secured GET /api/admin/stats
2026-07-05 17:06:21 [http-nio-8081-exec-9] DEBUG o.s.s.a.m.AuthorizationManagerBeforeMethodInterceptor - Authorizing method invocation ReflectiveMethodInvocation: public com.example.backend.dto.response.ApiResponse com.example.backend.controller.AdminController.getStats(); target is of class [com.example.backend.controller.AdminController]
2026-07-05 17:06:21 [http-nio-8081-exec-9] DEBUG o.s.s.a.m.AuthorizationManagerBeforeMethodInterceptor - Authorized method invocation ReflectiveMethodInvocation: public com.example.backend.dto.response.ApiResponse com.example.backend.controller.AdminController.getStats(); target is of class [com.example.backend.controller.AdminController]
2026-07-05 17:06:21 [http-nio-8081-exec-6] DEBUG o.s.security.web.FilterChainProxy - Securing GET /api/admin/reports?status=PENDING&size=20
2026-07-05 17:06:21 [http-nio-8081-exec-6] DEBUG o.s.security.web.FilterChainProxy - Secured GET /api/admin/reports?status=PENDING&size=20
2026-07-05 17:06:21 [http-nio-8081-exec-6] DEBUG o.s.s.a.m.AuthorizationManagerBeforeMethodInterceptor - Authorizing method invocation ReflectiveMethodInvocation: public com.example.backend.dto.response.ApiResponse com.example.backend.controller.AdminController.getReports(java.lang.String,int,int); target is of class [com.example.backend.controller.AdminController]
2026-07-05 17:06:21 [http-nio-8081-exec-6] DEBUG o.s.s.a.m.AuthorizationManagerBeforeMethodInterceptor - Authorized method invocation ReflectiveMethodInvocation: public com.example.backend.dto.response.ApiResponse com.example.backend.controller.AdminController.getReports(java.lang.String,int,int); target is of class [com.example.backend.controller.AdminController]
2026-07-05 17:06:21 [http-nio-8081-exec-8] DEBUG o.s.security.web.FilterChainProxy - Securing GET /api/admin/reports?status=PENDING&size=20
2026-07-05 17:06:21 [http-nio-8081-exec-8] DEBUG o.s.security.web.FilterChainProxy - Secured GET /api/admin/reports?status=PENDING&size=20
2026-07-05 17:06:21 [http-nio-8081-exec-8] DEBUG o.s.s.a.m.AuthorizationManagerBeforeMethodInterceptor - Authorizing method invocation ReflectiveMethodInvocation: public com.example.backend.dto.response.ApiResponse com.example.backend.controller.AdminController.getReports(java.lang.String,int,int); target is of class [com.example.backend.controller.AdminController]
2026-07-05 17:06:21 [http-nio-8081-exec-8] DEBUG o.s.s.a.m.AuthorizationManagerBeforeMethodInterceptor - Authorized method invocation ReflectiveMethodInvocation: public com.example.backend.dto.response.ApiResponse com.example.backend.controller.AdminController.getReports(java.lang.String,int,int); target is of class [com.example.backend.controller.AdminController]
2026-07-05 17:06:21 [http-nio-8081-exec-7] DEBUG o.s.security.web.FilterChainProxy - Securing GET /api/admin/stats
2026-07-05 17:06:21 [http-nio-8081-exec-7] DEBUG o.s.security.web.FilterChainProxy - Secured GET /api/admin/stats
2026-07-05 17:06:21 [http-nio-8081-exec-7] DEBUG o.s.s.a.m.AuthorizationManagerBeforeMethodInterceptor - Authorizing method invocation ReflectiveMethodInvocation: public com.example.backend.dto.response.ApiResponse com.example.backend.controller.AdminController.getStats(); target is of class [com.example.backend.controller.AdminController]
2026-07-05 17:06:21 [http-nio-8081-exec-7] DEBUG o.s.s.a.m.AuthorizationManagerBeforeMethodInterceptor - Authorized method invocation ReflectiveMethodInvocation: public com.example.backend.dto.response.ApiResponse com.example.backend.controller.AdminController.getStats(); target is of class [com.example.backend.controller.AdminController]
2026-07-05 17:06:24 [http-nio-8081-exec-5] DEBUG o.s.security.web.FilterChainProxy - Securing GET /api/admin/users?page=0&size=10
2026-07-05 17:06:24 [http-nio-8081-exec-5] DEBUG o.s.security.web.FilterChainProxy - Secured GET /api/admin/users?page=0&size=10
2026-07-05 17:06:24 [http-nio-8081-exec-5] DEBUG o.s.s.a.m.AuthorizationManagerBeforeMethodInterceptor - Authorizing method invocation ReflectiveMethodInvocation: public com.example.backend.dto.response.ApiResponse com.example.backend.controller.AdminController.getAllUsers(int,int); target is of class [com.example.backend.controller.AdminController]
2026-07-05 17:06:24 [http-nio-8081-exec-5] DEBUG o.s.s.a.m.AuthorizationManagerBeforeMethodInterceptor - Authorized method invocation ReflectiveMethodInvocation: public com.example.backend.dto.response.ApiResponse com.example.backend.controller.AdminController.getAllUsers(int,int); target is of class [com.example.backend.controller.AdminController]
2026-07-05 17:06:26 [http-nio-8081-exec-10] DEBUG o.s.security.web.FilterChainProxy - Securing GET /api/admin/locations?page=0&size=10
2026-07-05 17:06:26 [http-nio-8081-exec-10] DEBUG o.s.security.web.FilterChainProxy - Secured GET /api/admin/locations?page=0&size=10
2026-07-05 17:06:26 [http-nio-8081-exec-10] DEBUG o.s.s.a.m.AuthorizationManagerBeforeMethodInterceptor - Authorizing method invocation ReflectiveMethodInvocation: public com.example.backend.dto.response.ApiResponse com.example.backend.controller.AdminController.getAllLocations(int,int); target is of class [com.example.backend.controller.AdminController]
2026-07-05 17:06:26 [http-nio-8081-exec-10] DEBUG o.s.s.a.m.AuthorizationManagerBeforeMethodInterceptor - Authorized method invocation ReflectiveMethodInvocation: public com.example.backend.dto.response.ApiResponse com.example.backend.controller.AdminController.getAllLocations(int,int); target is of class [com.example.backend.controller.AdminController]
2026-07-05 17:06:36 [http-nio-8081-exec-9] DEBUG o.s.security.web.FilterChainProxy - Securing GET /api/admin/posts?page=0&size=10&pending=true
2026-07-05 17:06:36 [http-nio-8081-exec-9] DEBUG o.s.security.web.FilterChainProxy - Secured GET /api/admin/posts?page=0&size=10&pending=true
2026-07-05 17:06:36 [http-nio-8081-exec-9] DEBUG o.s.s.a.m.AuthorizationManagerBeforeMethodInterceptor - Authorizing method invocation ReflectiveMethodInvocation: public com.example.backend.dto.response.ApiResponse com.example.backend.controller.AdminController.getAllPosts(int,int,boolean); target is of class [com.example.backend.controller.AdminController]
2026-07-05 17:06:36 [http-nio-8081-exec-9] DEBUG o.s.s.a.m.AuthorizationManagerBeforeMethodInterceptor - Authorized method invocation ReflectiveMethodInvocation: public com.example.backend.dto.response.ApiResponse com.example.backend.controller.AdminController.getAllPosts(int,int,boolean); target is of class [com.example.backend.controller.AdminController]
2026-07-05 17:06:39 [http-nio-8081-exec-2] DEBUG o.s.security.web.FilterChainProxy - Securing GET /api/admin/posts?page=0&size=10
2026-07-05 17:06:39 [http-nio-8081-exec-2] DEBUG o.s.security.web.FilterChainProxy - Secured GET /api/admin/posts?page=0&size=10
2026-07-05 17:06:39 [http-nio-8081-exec-2] DEBUG o.s.s.a.m.AuthorizationManagerBeforeMethodInterceptor - Authorizing method invocation ReflectiveMethodInvocation: public com.example.backend.dto.response.ApiResponse com.example.backend.controller.AdminController.getAllPosts(int,int,boolean); target is of class [com.example.backend.controller.AdminController]
2026-07-05 17:06:39 [http-nio-8081-exec-2] DEBUG o.s.s.a.m.AuthorizationManagerBeforeMethodInterceptor - Authorized method invocation ReflectiveMethodInvocation: public com.example.backend.dto.response.ApiResponse com.example.backend.controller.AdminController.getAllPosts(int,int,boolean); target is of class [com.example.backend.controller.AdminController]
2026-07-05 17:09:07 [http-nio-8081-exec-1] DEBUG o.s.security.web.FilterChainProxy - Securing GET /api/v1/notifications/unread-count
2026-07-05 17:09:07 [http-nio-8081-exec-1] DEBUG o.s.security.web.FilterChainProxy - Secured GET /api/v1/notifications/unread-count
2026-07-05 17:09:12 [http-nio-8081-exec-9] DEBUG o.s.security.web.FilterChainProxy - Securing GET /api/admin/posts?page=0&size=10
2026-07-05 17:09:12 [http-nio-8081-exec-9] DEBUG o.s.security.web.FilterChainProxy - Secured GET /api/admin/posts?page=0&size=10
2026-07-05 17:09:12 [http-nio-8081-exec-9] DEBUG o.s.s.a.m.AuthorizationManagerBeforeMethodInterceptor - Authorizing method invocation ReflectiveMethodInvocation: public com.example.backend.dto.response.ApiResponse com.example.backend.controller.AdminController.getAllPosts(int,int,boolean); target is of class [com.example.backend.controller.AdminController]
2026-07-05 17:09:12 [http-nio-8081-exec-9] DEBUG o.s.s.a.m.AuthorizationManagerBeforeMethodInterceptor - Authorized method invocation ReflectiveMethodInvocation: public com.example.backend.dto.response.ApiResponse com.example.backend.controller.AdminController.getAllPosts(int,int,boolean); target is of class [com.example.backend.controller.AdminController]
2026-07-05 17:09:14 [http-nio-8081-exec-2] DEBUG o.s.security.web.FilterChainProxy - Securing GET /api/admin/posts?page=0&size=10&pending=true
2026-07-05 17:09:14 [http-nio-8081-exec-2] DEBUG o.s.security.web.FilterChainProxy - Secured GET /api/admin/posts?page=0&size=10&pending=true
2026-07-05 17:09:14 [http-nio-8081-exec-2] DEBUG o.s.s.a.m.AuthorizationManagerBeforeMethodInterceptor - Authorizing method invocation ReflectiveMethodInvocation: public com.example.backend.dto.response.ApiResponse com.example.backend.controller.AdminController.getAllPosts(int,int,boolean); target is of class [com.example.backend.controller.AdminController]
2026-07-05 17:09:14 [http-nio-8081-exec-2] DEBUG o.s.s.a.m.AuthorizationManagerBeforeMethodInterceptor - Authorized method invocation ReflectiveMethodInvocation: public com.example.backend.dto.response.ApiResponse com.example.backend.controller.AdminController.getAllPosts(int,int,boolean); target is of class [com.example.backend.controller.AdminController]
2026-07-05 17:09:17 [http-nio-8081-exec-4] DEBUG o.s.security.web.FilterChainProxy - Securing GET /api/admin/posts?page=0&size=10
2026-07-05 17:09:17 [http-nio-8081-exec-4] DEBUG o.s.security.web.FilterChainProxy - Secured GET /api/admin/posts?page=0&size=10
2026-07-05 17:09:17 [http-nio-8081-exec-4] DEBUG o.s.s.a.m.AuthorizationManagerBeforeMethodInterceptor - Authorizing method invocation ReflectiveMethodInvocation: public com.example.backend.dto.response.ApiResponse com.example.backend.controller.AdminController.getAllPosts(int,int,boolean); target is of class [com.example.backend.controller.AdminController]
2026-07-05 17:09:17 [http-nio-8081-exec-4] DEBUG o.s.s.a.m.AuthorizationManagerBeforeMethodInterceptor - Authorized method invocation ReflectiveMethodInvocation: public com.example.backend.dto.response.ApiResponse com.example.backend.controller.AdminController.getAllPosts(int,int,boolean); target is of class [com.example.backend.controller.AdminController]
2026-07-05 17:09:18 [http-nio-8081-exec-5] DEBUG o.s.security.web.FilterChainProxy - Securing GET /api/admin/posts?page=0&size=10&pending=true
2026-07-05 17:09:18 [http-nio-8081-exec-5] DEBUG o.s.security.web.FilterChainProxy - Secured GET /api/admin/posts?page=0&size=10&pending=true
2026-07-05 17:09:18 [http-nio-8081-exec-5] DEBUG o.s.s.a.m.AuthorizationManagerBeforeMethodInterceptor - Authorizing method invocation ReflectiveMethodInvocation: public com.example.backend.dto.response.ApiResponse com.example.backend.controller.AdminController.getAllPosts(int,int,boolean); target is of class [com.example.backend.controller.AdminController]
2026-07-05 17:09:18 [http-nio-8081-exec-5] DEBUG o.s.s.a.m.AuthorizationManagerBeforeMethodInterceptor - Authorized method invocation ReflectiveMethodInvocation: public com.example.backend.dto.response.ApiResponse com.example.backend.controller.AdminController.getAllPosts(int,int,boolean); target is of class [com.example.backend.controller.AdminController]
2026-07-05 17:09:32 [http-nio-8081-exec-3] DEBUG o.s.security.web.FilterChainProxy - Securing GET /api/admin/locations?page=0&size=10
2026-07-05 17:09:32 [http-nio-8081-exec-3] DEBUG o.s.security.web.FilterChainProxy - Secured GET /api/admin/locations?page=0&size=10
2026-07-05 17:09:32 [http-nio-8081-exec-3] DEBUG o.s.s.a.m.AuthorizationManagerBeforeMethodInterceptor - Authorizing method invocation ReflectiveMethodInvocation: public com.example.backend.dto.response.ApiResponse com.example.backend.controller.AdminController.getAllLocations(int,int); target is of class [com.example.backend.controller.AdminController]
2026-07-05 17:09:32 [http-nio-8081-exec-3] DEBUG o.s.s.a.m.AuthorizationManagerBeforeMethodInterceptor - Authorized method invocation ReflectiveMethodInvocation: public com.example.backend.dto.response.ApiResponse com.example.backend.controller.AdminController.getAllLocations(int,int); target is of class [com.example.backend.controller.AdminController]
2026-07-05 17:10:44 [http-nio-8081-exec-8] DEBUG o.s.security.web.FilterChainProxy - Securing GET /api/v1/notifications/unread-count
2026-07-05 17:10:44 [http-nio-8081-exec-8] DEBUG o.s.security.web.FilterChainProxy - Secured GET /api/v1/notifications/unread-count
2026-07-05 17:12:09 [http-nio-8081-exec-10] DEBUG o.s.security.web.FilterChainProxy - Securing GET /chat/conversations
2026-07-05 17:12:09 [http-nio-8081-exec-3] DEBUG o.s.security.web.FilterChainProxy - Securing GET /users/getall?size=1000
2026-07-05 17:12:09 [http-nio-8081-exec-10] DEBUG o.s.security.web.FilterChainProxy - Secured GET /chat/conversations
2026-07-05 17:12:09 [http-nio-8081-exec-3] DEBUG o.s.security.web.FilterChainProxy - Secured GET /users/getall?size=1000
2026-07-05 17:12:09 [http-nio-8081-exec-6] DEBUG o.s.security.web.FilterChainProxy - Securing GET /ws
2026-07-05 17:12:09 [http-nio-8081-exec-6] DEBUG o.s.security.web.FilterChainProxy - Secured GET /ws
2026-07-05 17:12:09 [http-nio-8081-exec-1] DEBUG o.s.security.web.FilterChainProxy - Securing GET /chat/conversations
2026-07-05 17:12:09 [http-nio-8081-exec-1] DEBUG o.s.security.web.FilterChainProxy - Secured GET /chat/conversations
2026-07-05 17:12:09 [http-nio-8081-exec-6] DEBUG o.s.s.w.a.AnonymousAuthenticationFilter - Set SecurityContextHolder to anonymous SecurityContext
2026-07-05 17:12:09 [http-nio-8081-exec-8] DEBUG o.s.security.web.FilterChainProxy - Securing GET /users/getall?size=1000
2026-07-05 17:12:09 [http-nio-8081-exec-8] DEBUG o.s.security.web.FilterChainProxy - Secured GET /users/getall?size=1000
2026-07-05 17:12:09 [http-nio-8081-exec-6] DEBUG c.e.b.c.w.WebSocketAuthInterceptor - WebSocket authenticated: userId=0fb7edf3-c49a-4549-88c5-4999314a331e
2026-07-05 17:12:11 [http-nio-8081-exec-2] DEBUG o.s.security.web.FilterChainProxy - Securing GET /chat/conversations/2551df07-c7da-4281-88af-2f3aa13d2727/messages?page=0&size=50
2026-07-05 17:12:11 [http-nio-8081-exec-2] DEBUG o.s.security.web.FilterChainProxy - Secured GET /chat/conversations/2551df07-c7da-4281-88af-2f3aa13d2727/messages?page=0&size=50
2026-07-05 17:12:13 [http-nio-8081-exec-5] DEBUG o.s.security.web.FilterChainProxy - Securing GET /chat/conversations/042a5f62-ff76-4411-95d4-832bad624f9d/messages?page=0&size=50
2026-07-05 17:12:13 [http-nio-8081-exec-5] DEBUG o.s.security.web.FilterChainProxy - Secured GET /chat/conversations/042a5f62-ff76-4411-95d4-832bad624f9d/messages?page=0&size=50
2026-07-05 17:12:14 [http-nio-8081-exec-1] DEBUG o.s.security.web.FilterChainProxy - Securing GET /chat/conversations/061b0c6b-6aca-4b44-818d-e9eb82c19618/messages?page=0&size=50
2026-07-05 17:12:14 [http-nio-8081-exec-1] DEBUG o.s.security.web.FilterChainProxy - Secured GET /chat/conversations/061b0c6b-6aca-4b44-818d-e9eb82c19618/messages?page=0&size=50
2026-07-05 17:12:17 [http-nio-8081-exec-4] DEBUG o.s.security.web.FilterChainProxy - Securing GET /api/v1/posts/getAll?size=200
2026-07-05 17:12:17 [http-nio-8081-exec-2] DEBUG o.s.security.web.FilterChainProxy - Securing GET /api/locations?size=20&page=0&level=2
2026-07-05 17:12:17 [http-nio-8081-exec-2] DEBUG o.s.security.web.FilterChainProxy - Secured GET /api/locations?size=20&page=0&level=2
2026-07-05 17:12:17 [http-nio-8081-exec-4] DEBUG o.s.security.web.FilterChainProxy - Secured GET /api/v1/posts/getAll?size=200
2026-07-05 17:12:17 [http-nio-8081-exec-5] DEBUG o.s.security.web.FilterChainProxy - Securing GET /api/locations?size=20&page=0&level=2
2026-07-05 17:12:17 [http-nio-8081-exec-5] DEBUG o.s.security.web.FilterChainProxy - Secured GET /api/locations?size=20&page=0&level=2
2026-07-05 17:12:17 [http-nio-8081-exec-1] DEBUG o.s.security.web.FilterChainProxy - Securing GET /api/v1/posts/getAll?size=200
2026-07-05 17:12:17 [http-nio-8081-exec-1] DEBUG o.s.security.web.FilterChainProxy - Secured GET /api/v1/posts/getAll?size=200
2026-07-05 17:13:19 [http-nio-8081-exec-4] DEBUG o.s.security.web.FilterChainProxy - Securing GET /api/admin/stats
2026-07-05 17:13:19 [http-nio-8081-exec-4] DEBUG o.s.security.web.FilterChainProxy - Secured GET /api/admin/stats
2026-07-05 17:13:19 [http-nio-8081-exec-4] DEBUG o.s.s.a.m.AuthorizationManagerBeforeMethodInterceptor - Authorizing method invocation ReflectiveMethodInvocation: public com.example.backend.dto.response.ApiResponse com.example.backend.controller.AdminController.getStats(); target is of class [com.example.backend.controller.AdminController]
2026-07-05 17:13:19 [http-nio-8081-exec-1] DEBUG o.s.security.web.FilterChainProxy - Securing GET /api/admin/reports?status=PENDING&size=20
2026-07-05 17:13:19 [http-nio-8081-exec-4] DEBUG o.s.s.a.m.AuthorizationManagerBeforeMethodInterceptor - Authorized method invocation ReflectiveMethodInvocation: public com.example.backend.dto.response.ApiResponse com.example.backend.controller.AdminController.getStats(); target is of class [com.example.backend.controller.AdminController]
2026-07-05 17:13:19 [http-nio-8081-exec-1] DEBUG o.s.security.web.FilterChainProxy - Secured GET /api/admin/reports?status=PENDING&size=20
2026-07-05 17:13:19 [http-nio-8081-exec-1] DEBUG o.s.s.a.m.AuthorizationManagerBeforeMethodInterceptor - Authorizing method invocation ReflectiveMethodInvocation: public com.example.backend.dto.response.ApiResponse com.example.backend.controller.AdminController.getReports(java.lang.String,int,int); target is of class [com.example.backend.controller.AdminController]
2026-07-05 17:13:19 [http-nio-8081-exec-1] DEBUG o.s.s.a.m.AuthorizationManagerBeforeMethodInterceptor - Authorized method invocation ReflectiveMethodInvocation: public com.example.backend.dto.response.ApiResponse com.example.backend.controller.AdminController.getReports(java.lang.String,int,int); target is of class [com.example.backend.controller.AdminController]
2026-07-05 17:13:19 [http-nio-8081-exec-6] DEBUG o.s.security.web.FilterChainProxy - Securing GET /api/admin/reports?status=PENDING&size=20
2026-07-05 17:13:19 [http-nio-8081-exec-6] DEBUG o.s.security.web.FilterChainProxy - Secured GET /api/admin/reports?status=PENDING&size=20
2026-07-05 17:13:19 [http-nio-8081-exec-6] DEBUG o.s.s.a.m.AuthorizationManagerBeforeMethodInterceptor - Authorizing method invocation ReflectiveMethodInvocation: public com.example.backend.dto.response.ApiResponse com.example.backend.controller.AdminController.getReports(java.lang.String,int,int); target is of class [com.example.backend.controller.AdminController]
2026-07-05 17:13:19 [http-nio-8081-exec-6] DEBUG o.s.s.a.m.AuthorizationManagerBeforeMethodInterceptor - Authorized method invocation ReflectiveMethodInvocation: public com.example.backend.dto.response.ApiResponse com.example.backend.controller.AdminController.getReports(java.lang.String,int,int); target is of class [com.example.backend.controller.AdminController]
2026-07-05 17:13:19 [http-nio-8081-exec-3] DEBUG o.s.security.web.FilterChainProxy - Securing GET /api/admin/stats
2026-07-05 17:13:19 [http-nio-8081-exec-3] DEBUG o.s.security.web.FilterChainProxy - Secured GET /api/admin/stats
2026-07-05 17:13:19 [http-nio-8081-exec-3] DEBUG o.s.s.a.m.AuthorizationManagerBeforeMethodInterceptor - Authorizing method invocation ReflectiveMethodInvocation: public com.example.backend.dto.response.ApiResponse com.example.backend.controller.AdminController.getStats(); target is of class [com.example.backend.controller.AdminController]
2026-07-05 17:13:19 [http-nio-8081-exec-3] DEBUG o.s.s.a.m.AuthorizationManagerBeforeMethodInterceptor - Authorized method invocation ReflectiveMethodInvocation: public com.example.backend.dto.response.ApiResponse com.example.backend.controller.AdminController.getStats(); target is of class [com.example.backend.controller.AdminController]
2026-07-05 17:14:08 [http-nio-8081-exec-8] DEBUG o.s.security.web.FilterChainProxy - Securing GET /api/v1/notifications/unread-count
2026-07-05 17:14:08 [http-nio-8081-exec-8] DEBUG o.s.security.web.FilterChainProxy - Secured GET /api/v1/notifications/unread-count
2026-07-05 17:15:21 [http-nio-8081-exec-6] DEBUG o.s.security.web.FilterChainProxy - Securing GET /api/admin/posts?page=0&size=10&pending=true
2026-07-05 17:15:21 [http-nio-8081-exec-6] DEBUG o.s.security.web.FilterChainProxy - Secured GET /api/admin/posts?page=0&size=10&pending=true
2026-07-05 17:15:21 [http-nio-8081-exec-6] DEBUG o.s.s.a.m.AuthorizationManagerBeforeMethodInterceptor - Authorizing method invocation ReflectiveMethodInvocation: public com.example.backend.dto.response.ApiResponse com.example.backend.controller.AdminController.getAllPosts(int,int,boolean); target is of class [com.example.backend.controller.AdminController]
2026-07-05 17:15:21 [http-nio-8081-exec-6] DEBUG o.s.s.a.m.AuthorizationManagerBeforeMethodInterceptor - Authorized method invocation ReflectiveMethodInvocation: public com.example.backend.dto.response.ApiResponse com.example.backend.controller.AdminController.getAllPosts(int,int,boolean); target is of class [com.example.backend.controller.AdminController]
2026-07-05 17:15:36 [http-nio-8081-exec-3] DEBUG o.s.security.web.FilterChainProxy - Securing GET /api/v1/notifications/unread-count
2026-07-05 17:15:36 [http-nio-8081-exec-3] DEBUG o.s.security.web.FilterChainProxy - Secured GET /api/v1/notifications/unread-count
2026-07-05 17:16:11 [http-nio-8081-exec-8] DEBUG o.s.security.web.FilterChainProxy - Securing GET /api/admin/posts?page=0&size=10
2026-07-05 17:16:11 [http-nio-8081-exec-8] DEBUG o.s.security.web.FilterChainProxy - Secured GET /api/admin/posts?page=0&size=10
2026-07-05 17:16:11 [http-nio-8081-exec-8] DEBUG o.s.s.a.m.AuthorizationManagerBeforeMethodInterceptor - Authorizing method invocation ReflectiveMethodInvocation: public com.example.backend.dto.response.ApiResponse com.example.backend.controller.AdminController.getAllPosts(int,int,boolean); target is of class [com.example.backend.controller.AdminController]
2026-07-05 17:16:11 [http-nio-8081-exec-8] DEBUG o.s.s.a.m.AuthorizationManagerBeforeMethodInterceptor - Authorized method invocation ReflectiveMethodInvocation: public com.example.backend.dto.response.ApiResponse com.example.backend.controller.AdminController.getAllPosts(int,int,boolean); target is of class [com.example.backend.controller.AdminController]
2026-07-05 17:16:23 [http-nio-8081-exec-7] DEBUG o.s.security.web.FilterChainProxy - Securing GET /api/admin/posts/0b7bbef4-3396-4354-a3a7-899a32062e00/reports
2026-07-05 17:16:23 [http-nio-8081-exec-7] DEBUG o.s.security.web.FilterChainProxy - Secured GET /api/admin/posts/0b7bbef4-3396-4354-a3a7-899a32062e00/reports
2026-07-05 17:16:23 [http-nio-8081-exec-7] DEBUG o.s.s.a.m.AuthorizationManagerBeforeMethodInterceptor - Authorizing method invocation ReflectiveMethodInvocation: public com.example.backend.dto.response.ApiResponse com.example.backend.controller.AdminController.getPostReportHistory(java.lang.String); target is of class [com.example.backend.controller.AdminController]
2026-07-05 17:16:23 [http-nio-8081-exec-7] DEBUG o.s.s.a.m.AuthorizationManagerBeforeMethodInterceptor - Authorized method invocation ReflectiveMethodInvocation: public com.example.backend.dto.response.ApiResponse com.example.backend.controller.AdminController.getPostReportHistory(java.lang.String); target is of class [com.example.backend.controller.AdminController]
2026-07-05 17:16:27 [http-nio-8081-exec-10] DEBUG o.s.security.web.FilterChainProxy - Securing GET /api/admin/posts?page=0&size=10&pending=true
2026-07-05 17:16:27 [http-nio-8081-exec-10] DEBUG o.s.security.web.FilterChainProxy - Secured GET /api/admin/posts?page=0&size=10&pending=true
2026-07-05 17:16:27 [http-nio-8081-exec-10] DEBUG o.s.s.a.m.AuthorizationManagerBeforeMethodInterceptor - Authorizing method invocation ReflectiveMethodInvocation: public com.example.backend.dto.response.ApiResponse com.example.backend.controller.AdminController.getAllPosts(int,int,boolean); target is of class [com.example.backend.controller.AdminController]
2026-07-05 17:16:27 [http-nio-8081-exec-10] DEBUG o.s.s.a.m.AuthorizationManagerBeforeMethodInterceptor - Authorized method invocation ReflectiveMethodInvocation: public com.example.backend.dto.response.ApiResponse com.example.backend.controller.AdminController.getAllPosts(int,int,boolean); target is of class [com.example.backend.controller.AdminController]
2026-07-05 17:16:28 [http-nio-8081-exec-6] DEBUG o.s.security.web.FilterChainProxy - Securing GET /api/admin/posts?page=0&size=10
2026-07-05 17:16:28 [http-nio-8081-exec-6] DEBUG o.s.security.web.FilterChainProxy - Secured GET /api/admin/posts?page=0&size=10
2026-07-05 17:16:28 [http-nio-8081-exec-6] DEBUG o.s.s.a.m.AuthorizationManagerBeforeMethodInterceptor - Authorizing method invocation ReflectiveMethodInvocation: public com.example.backend.dto.response.ApiResponse com.example.backend.controller.AdminController.getAllPosts(int,int,boolean); target is of class [com.example.backend.controller.AdminController]
2026-07-05 17:16:28 [http-nio-8081-exec-6] DEBUG o.s.s.a.m.AuthorizationManagerBeforeMethodInterceptor - Authorized method invocation ReflectiveMethodInvocation: public com.example.backend.dto.response.ApiResponse com.example.backend.controller.AdminController.getAllPosts(int,int,boolean); target is of class [com.example.backend.controller.AdminController]
2026-07-05 17:19:07 [http-nio-8081-exec-8] DEBUG o.s.security.web.FilterChainProxy - Securing GET /api/v1/notifications/unread-count
2026-07-05 17:19:07 [http-nio-8081-exec-8] DEBUG o.s.security.web.FilterChainProxy - Secured GET /api/v1/notifications/unread-count
2026-07-05 17:20:35 [http-nio-8081-exec-5] DEBUG o.s.security.web.FilterChainProxy - Securing GET /api/v1/notifications/unread-count
2026-07-05 17:20:35 [http-nio-8081-exec-5] DEBUG o.s.security.web.FilterChainProxy - Secured GET /api/v1/notifications/unread-count
2026-07-05 17:20:37 [http-nio-8081-exec-1] DEBUG o.s.security.web.FilterChainProxy - Securing GET /api/locations/b72196ab-25e9-45ad-9381-37f35b034614
2026-07-05 17:20:37 [http-nio-8081-exec-1] DEBUG o.s.security.web.FilterChainProxy - Secured GET /api/locations/b72196ab-25e9-45ad-9381-37f35b034614
2026-07-05 17:20:37 [http-nio-8081-exec-6] DEBUG o.s.security.web.FilterChainProxy - Securing GET /api/locations/b72196ab-25e9-45ad-9381-37f35b034614
2026-07-05 17:20:37 [http-nio-8081-exec-6] DEBUG o.s.security.web.FilterChainProxy - Secured GET /api/locations/b72196ab-25e9-45ad-9381-37f35b034614
2026-07-05 17:20:37 [http-nio-8081-exec-3] DEBUG o.s.security.web.FilterChainProxy - Securing GET /api/v1/posts/location/b72196ab-25e9-45ad-9381-37f35b034614?size=50&viewerId=d8bd6fad-f7f9-4c4e-9077-bb10dd71c796
2026-07-05 17:20:37 [http-nio-8081-exec-3] DEBUG o.s.security.web.FilterChainProxy - Secured GET /api/v1/posts/location/b72196ab-25e9-45ad-9381-37f35b034614?size=50&viewerId=d8bd6fad-f7f9-4c4e-9077-bb10dd71c796
2026-07-05 17:20:37 [http-nio-8081-exec-9] DEBUG o.s.security.web.FilterChainProxy - Securing GET /api/v1/posts/location/b72196ab-25e9-45ad-9381-37f35b034614?size=50&viewerId=d8bd6fad-f7f9-4c4e-9077-bb10dd71c796
2026-07-05 17:20:37 [http-nio-8081-exec-9] DEBUG o.s.security.web.FilterChainProxy - Secured GET /api/v1/posts/location/b72196ab-25e9-45ad-9381-37f35b034614?size=50&viewerId=d8bd6fad-f7f9-4c4e-9077-bb10dd71c796
2026-07-05 17:20:49 [http-nio-8081-exec-7] DEBUG o.s.security.web.FilterChainProxy - Securing GET /api/locations?size=10000
2026-07-05 17:20:49 [http-nio-8081-exec-5] DEBUG o.s.security.web.FilterChainProxy - Securing GET /api/v1/posts/getAll?size=200
2026-07-05 17:20:49 [http-nio-8081-exec-7] DEBUG o.s.security.web.FilterChainProxy - Secured GET /api/locations?size=10000
2026-07-05 17:20:49 [http-nio-8081-exec-5] DEBUG o.s.security.web.FilterChainProxy - Secured GET /api/v1/posts/getAll?size=200
2026-07-05 17:20:49 [http-nio-8081-exec-10] DEBUG o.s.security.web.FilterChainProxy - Securing GET /api/locations?size=10000
2026-07-05 17:20:49 [http-nio-8081-exec-10] DEBUG o.s.security.web.FilterChainProxy - Secured GET /api/locations?size=10000
2026-07-05 17:20:49 [http-nio-8081-exec-1] DEBUG o.s.security.web.FilterChainProxy - Securing GET /api/v1/posts/getAll?size=200
2026-07-05 17:20:49 [http-nio-8081-exec-1] DEBUG o.s.security.web.FilterChainProxy - Secured GET /api/v1/posts/getAll?size=200
2026-07-05 17:21:37 [http-nio-8081-exec-8] DEBUG o.s.security.web.FilterChainProxy - Securing GET /api/admin/users?page=0&size=10
2026-07-05 17:21:37 [http-nio-8081-exec-8] DEBUG o.s.security.web.FilterChainProxy - Secured GET /api/admin/users?page=0&size=10
2026-07-05 17:21:37 [http-nio-8081-exec-8] DEBUG o.s.s.a.m.AuthorizationManagerBeforeMethodInterceptor - Authorizing method invocation ReflectiveMethodInvocation: public com.example.backend.dto.response.ApiResponse com.example.backend.controller.AdminController.getAllUsers(int,int); target is of class [com.example.backend.controller.AdminController]
2026-07-05 17:21:37 [http-nio-8081-exec-8] DEBUG o.s.s.a.m.AuthorizationManagerBeforeMethodInterceptor - Authorized method invocation ReflectiveMethodInvocation: public com.example.backend.dto.response.ApiResponse com.example.backend.controller.AdminController.getAllUsers(int,int); target is of class [com.example.backend.controller.AdminController]
2026-07-05 17:22:32 [http-nio-8081-exec-7] DEBUG o.s.security.web.FilterChainProxy - Securing GET /api/admin/stats
2026-07-05 17:22:32 [http-nio-8081-exec-7] DEBUG o.s.security.web.FilterChainProxy - Secured GET /api/admin/stats
2026-07-05 17:22:32 [http-nio-8081-exec-7] DEBUG o.s.s.a.m.AuthorizationManagerBeforeMethodInterceptor - Authorizing method invocation ReflectiveMethodInvocation: public com.example.backend.dto.response.ApiResponse com.example.backend.controller.AdminController.getStats(); target is of class [com.example.backend.controller.AdminController]
2026-07-05 17:22:32 [http-nio-8081-exec-5] DEBUG o.s.security.web.FilterChainProxy - Securing GET /api/admin/reports?status=PENDING&size=20
2026-07-05 17:22:32 [http-nio-8081-exec-7] DEBUG o.s.s.w.a.AnonymousAuthenticationFilter - Set SecurityContextHolder to anonymous SecurityContext
2026-07-05 17:22:32 [http-nio-8081-exec-5] DEBUG o.s.security.web.FilterChainProxy - Secured GET /api/admin/reports?status=PENDING&size=20
2026-07-05 17:22:32 [http-nio-8081-exec-5] DEBUG o.s.s.a.m.AuthorizationManagerBeforeMethodInterceptor - Authorizing method invocation ReflectiveMethodInvocation: public com.example.backend.dto.response.ApiResponse com.example.backend.controller.AdminController.getReports(java.lang.String,int,int); target is of class [com.example.backend.controller.AdminController]
2026-07-05 17:22:32 [http-nio-8081-exec-5] DEBUG o.s.s.w.a.AnonymousAuthenticationFilter - Set SecurityContextHolder to anonymous SecurityContext
2026-07-05 17:22:32 [http-nio-8081-exec-7] DEBUG o.s.s.a.m.AuthorizationManagerBeforeMethodInterceptor - Failed to authorize ReflectiveMethodInvocation: public com.example.backend.dto.response.ApiResponse com.example.backend.controller.AdminController.getStats(); target is of class [com.example.backend.controller.AdminController] with authorization manager org.springframework.security.authorization.method.PreAuthorizeAuthorizationManager@67bfa2e9 and result ExpressionAuthorizationDecision [granted=false, expressionAttribute=hasRole('ADMIN')]
2026-07-05 17:22:32 [http-nio-8081-exec-5] DEBUG o.s.s.a.m.AuthorizationManagerBeforeMethodInterceptor - Failed to authorize ReflectiveMethodInvocation: public com.example.backend.dto.response.ApiResponse com.example.backend.controller.AdminController.getReports(java.lang.String,int,int); target is of class [com.example.backend.controller.AdminController] with authorization manager org.springframework.security.authorization.method.PreAuthorizeAuthorizationManager@67bfa2e9 and result ExpressionAuthorizationDecision [granted=false, expressionAttribute=hasRole('ADMIN')]
2026-07-05 17:22:32 [http-nio-8081-exec-7] WARN  c.e.b.e.GlobalExceptionHandler - Access Denied: Access Denied
2026-07-05 17:22:32 [http-nio-8081-exec-5] WARN  c.e.b.e.GlobalExceptionHandler - Access Denied: Access Denied
2026-07-05 17:22:32 [http-nio-8081-exec-8] DEBUG o.s.security.web.FilterChainProxy - Securing GET /api/admin/reports?status=PENDING&size=20
2026-07-05 17:22:32 [http-nio-8081-exec-9] DEBUG o.s.security.web.FilterChainProxy - Securing GET /api/admin/stats
2026-07-05 17:22:32 [http-nio-8081-exec-8] DEBUG o.s.security.web.FilterChainProxy - Secured GET /api/admin/reports?status=PENDING&size=20
2026-07-05 17:22:32 [http-nio-8081-exec-9] DEBUG o.s.security.web.FilterChainProxy - Secured GET /api/admin/stats
2026-07-05 17:22:32 [http-nio-8081-exec-9] DEBUG o.s.s.a.m.AuthorizationManagerBeforeMethodInterceptor - Authorizing method invocation ReflectiveMethodInvocation: public com.example.backend.dto.response.ApiResponse com.example.backend.controller.AdminController.getStats(); target is of class [com.example.backend.controller.AdminController]
2026-07-05 17:22:32 [http-nio-8081-exec-10] DEBUG o.s.security.web.FilterChainProxy - Securing GET /users/me
2026-07-05 17:22:32 [http-nio-8081-exec-9] DEBUG o.s.s.a.m.AuthorizationManagerBeforeMethodInterceptor - Authorized method invocation ReflectiveMethodInvocation: public com.example.backend.dto.response.ApiResponse com.example.backend.controller.AdminController.getStats(); target is of class [com.example.backend.controller.AdminController]
2026-07-05 17:22:32 [http-nio-8081-exec-8] DEBUG o.s.s.a.m.AuthorizationManagerBeforeMethodInterceptor - Authorizing method invocation ReflectiveMethodInvocation: public com.example.backend.dto.response.ApiResponse com.example.backend.controller.AdminController.getReports(java.lang.String,int,int); target is of class [com.example.backend.controller.AdminController]
2026-07-05 17:22:32 [http-nio-8081-exec-8] DEBUG o.s.s.a.m.AuthorizationManagerBeforeMethodInterceptor - Authorized method invocation ReflectiveMethodInvocation: public com.example.backend.dto.response.ApiResponse com.example.backend.controller.AdminController.getReports(java.lang.String,int,int); target is of class [com.example.backend.controller.AdminController]
2026-07-05 17:22:32 [http-nio-8081-exec-10] DEBUG o.s.security.web.FilterChainProxy - Secured GET /users/me
2026-07-05 17:22:32 [http-nio-8081-exec-2] DEBUG o.s.security.web.FilterChainProxy - Securing GET /api/admin/users?page=0&size=10
2026-07-05 17:22:32 [http-nio-8081-exec-2] DEBUG o.s.security.web.FilterChainProxy - Secured GET /api/admin/users?page=0&size=10
2026-07-05 17:22:32 [http-nio-8081-exec-2] DEBUG o.s.s.a.m.AuthorizationManagerBeforeMethodInterceptor - Authorizing method invocation ReflectiveMethodInvocation: public com.example.backend.dto.response.ApiResponse com.example.backend.controller.AdminController.getAllUsers(int,int); target is of class [com.example.backend.controller.AdminController]
2026-07-05 17:22:32 [http-nio-8081-exec-2] DEBUG o.s.s.a.m.AuthorizationManagerBeforeMethodInterceptor - Authorized method invocation ReflectiveMethodInvocation: public com.example.backend.dto.response.ApiResponse com.example.backend.controller.AdminController.getAllUsers(int,int); target is of class [com.example.backend.controller.AdminController]
2026-07-05 17:22:32 [http-nio-8081-exec-7] DEBUG o.s.security.web.FilterChainProxy - Securing GET /api/v1/notifications/unread-count
2026-07-05 17:22:32 [http-nio-8081-exec-7] DEBUG o.s.security.web.FilterChainProxy - Secured GET /api/v1/notifications/unread-count
2026-07-05 17:22:32 [http-nio-8081-exec-4] DEBUG o.s.security.web.FilterChainProxy - Securing GET /api/v1/notifications/stream?token=eyJhbGciOiJIUzI1NiJ9.eyJzdWIiOiJUdW5hLWFkbWluIiwicGVybWlzc2lvbnMiOlsiUk9MRV9BRE1JTiJdLCJpc3MiOiJkZXZ0ZXJpYS5jb20iLCJleHAiOjE3Nzk1MjAyNzUsImlhdCI6MTc3OTUxMzA3NSwidXNlcklkIjoiMGZiN2VkZjMtYzQ5YS00NTQ5LTg4YzUtNDk5OTMxNGEzMzFlIn0.bJu3f8N3VUhzhAlzxn07v98jJkgoo3H20isKAEyAScU
2026-07-05 17:22:32 [http-nio-8081-exec-4] DEBUG o.s.security.web.FilterChainProxy - Secured GET /api/v1/notifications/stream?token=eyJhbGciOiJIUzI1NiJ9.eyJzdWIiOiJUdW5hLWFkbWluIiwicGVybWlzc2lvbnMiOlsiUk9MRV9BRE1JTiJdLCJpc3MiOiJkZXZ0ZXJpYS5jb20iLCJleHAiOjE3Nzk1MjAyNzUsImlhdCI6MTc3OTUxMzA3NSwidXNlcklkIjoiMGZiN2VkZjMtYzQ5YS00NTQ5LTg4YzUtNDk5OTMxNGEzMzFlIn0.bJu3f8N3VUhzhAlzxn07v98jJkgoo3H20isKAEyAScU
2026-07-05 17:22:32 [http-nio-8081-exec-1] DEBUG o.s.security.web.FilterChainProxy - Securing GET /api/v1/notifications/unread-count
2026-07-05 17:22:32 [http-nio-8081-exec-1] DEBUG o.s.security.web.FilterChainProxy - Secured GET /api/v1/notifications/unread-count
2026-07-05 17:22:33 [http-nio-8081-exec-8] DEBUG o.s.security.web.FilterChainProxy - Securing GET /chat/conversations
2026-07-05 17:22:33 [http-nio-8081-exec-8] DEBUG o.s.security.web.FilterChainProxy - Secured GET /chat/conversations
2026-07-05 17:22:33 [http-nio-8081-exec-10] DEBUG o.s.security.web.FilterChainProxy - Securing GET /chat/conversations
2026-07-05 17:22:33 [http-nio-8081-exec-10] DEBUG o.s.security.web.FilterChainProxy - Secured GET /chat/conversations
2026-07-05 17:22:40 [http-nio-8081-exec-2] DEBUG o.s.security.web.FilterChainProxy - Securing POST /auth/login
2026-07-05 17:22:40 [http-nio-8081-exec-2] DEBUG o.s.security.web.FilterChainProxy - Secured POST /auth/login
2026-07-05 17:22:41 [http-nio-8081-exec-2] DEBUG o.s.s.w.a.AnonymousAuthenticationFilter - Set SecurityContextHolder to anonymous SecurityContext
2026-07-05 17:22:41 [http-nio-8081-exec-7] DEBUG o.s.security.web.FilterChainProxy - Securing GET /users/me
2026-07-05 17:22:41 [http-nio-8081-exec-7] DEBUG o.s.security.web.FilterChainProxy - Secured GET /users/me
2026-07-05 17:22:41 [http-nio-8081-exec-6] DEBUG o.s.security.web.FilterChainProxy - Securing GET /api/v1/notifications/unread-count
2026-07-05 17:22:41 [http-nio-8081-exec-6] DEBUG o.s.security.web.FilterChainProxy - Secured GET /api/v1/notifications/unread-count
2026-07-05 17:22:41 [http-nio-8081-exec-9] DEBUG o.s.security.web.FilterChainProxy - Securing GET /api/v1/posts/getAll?size=200
2026-07-05 17:22:41 [http-nio-8081-exec-10] DEBUG o.s.security.web.FilterChainProxy - Securing GET /api/locations?size=20&page=0&level=2
2026-07-05 17:22:41 [http-nio-8081-exec-9] DEBUG o.s.security.web.FilterChainProxy - Secured GET /api/v1/posts/getAll?size=200
2026-07-05 17:22:41 [http-nio-8081-exec-10] DEBUG o.s.security.web.FilterChainProxy - Secured GET /api/locations?size=20&page=0&level=2
2026-07-05 17:22:41 [http-nio-8081-exec-2] DEBUG o.s.security.web.FilterChainProxy - Securing GET /api/locations?size=20&page=0&level=2
2026-07-05 17:22:41 [http-nio-8081-exec-2] DEBUG o.s.security.web.FilterChainProxy - Secured GET /api/locations?size=20&page=0&level=2
2026-07-05 17:22:42 [http-nio-8081-exec-5] DEBUG o.s.security.web.FilterChainProxy - Securing GET /api/v1/notifications/stream?token=eyJhbGciOiJIUzI1NiJ9.eyJzdWIiOiJ0dW50dW4iLCJwZXJtaXNzaW9ucyI6WyJST0xFX1VTRVIiXSwiaXNzIjoiZGV2dGVyaWEuY29tIiwiZXhwIjoxNzgzMjU0MTYwLCJpYXQiOjE3ODMyNDY5NjAsInVzZXJJZCI6ImQ4YmQ2ZmFkLWY3ZjktNGM0ZS05MDc3LWJiMTBkZDcxYzc5NiJ9.--eovpQQcnmnu0wMbElkAe6Mlf172GomFFGKSv_q_po
2026-07-05 17:22:42 [http-nio-8081-exec-7] DEBUG o.s.security.web.FilterChainProxy - Securing GET /api/v1/notifications/unread-count
2026-07-05 17:22:42 [http-nio-8081-exec-5] DEBUG o.s.security.web.FilterChainProxy - Secured GET /api/v1/notifications/stream?token=eyJhbGciOiJIUzI1NiJ9.eyJzdWIiOiJ0dW50dW4iLCJwZXJtaXNzaW9ucyI6WyJST0xFX1VTRVIiXSwiaXNzIjoiZGV2dGVyaWEuY29tIiwiZXhwIjoxNzgzMjU0MTYwLCJpYXQiOjE3ODMyNDY5NjAsInVzZXJJZCI6ImQ4YmQ2ZmFkLWY3ZjktNGM0ZS05MDc3LWJiMTBkZDcxYzc5NiJ9.--eovpQQcnmnu0wMbElkAe6Mlf172GomFFGKSv_q_po
2026-07-05 17:22:42 [http-nio-8081-exec-7] DEBUG o.s.security.web.FilterChainProxy - Secured GET /api/v1/notifications/unread-count
2026-07-05 17:22:42 [http-nio-8081-exec-8] DEBUG o.s.security.web.FilterChainProxy - Securing GET /chat/conversations
2026-07-05 17:22:42 [http-nio-8081-exec-8] DEBUG o.s.security.web.FilterChainProxy - Secured GET /chat/conversations
2026-07-05 17:22:42 [http-nio-8081-exec-2] DEBUG o.s.security.web.FilterChainProxy - Securing GET /chat/conversations
2026-07-05 17:22:42 [http-nio-8081-exec-2] DEBUG o.s.security.web.FilterChainProxy - Secured GET /chat/conversations
2026-07-05 17:22:42 [http-nio-8081-exec-6] DEBUG o.s.security.web.FilterChainProxy - Securing GET /api/v1/notifications/unread-count
2026-07-05 17:22:42 [http-nio-8081-exec-6] DEBUG o.s.security.web.FilterChainProxy - Secured GET /api/v1/notifications/unread-count
2026-07-05 17:22:42 [http-nio-8081-exec-5] DEBUG o.s.security.web.FilterChainProxy - Securing GET /chat/conversations
2026-07-05 17:22:42 [http-nio-8081-exec-1] DEBUG o.s.security.web.FilterChainProxy - Securing GET /api/v1/notifications/unread-count
2026-07-05 17:22:42 [http-nio-8081-exec-1] DEBUG o.s.security.web.FilterChainProxy - Secured GET /api/v1/notifications/unread-count
2026-07-05 17:22:42 [http-nio-8081-exec-5] DEBUG o.s.security.web.FilterChainProxy - Secured GET /chat/conversations
2026-07-05 17:22:42 [http-nio-8081-exec-4] DEBUG o.s.security.web.FilterChainProxy - Securing GET /chat/conversations
2026-07-05 17:22:42 [http-nio-8081-exec-4] DEBUG o.s.security.web.FilterChainProxy - Secured GET /chat/conversations
2026-07-05 17:22:42 [http-nio-8081-exec-3] DEBUG o.s.security.web.FilterChainProxy - Securing GET /api/v1/posts/getAll?size=200
2026-07-05 17:22:42 [http-nio-8081-exec-3] DEBUG o.s.security.web.FilterChainProxy - Secured GET /api/v1/posts/getAll?size=200
2026-07-05 17:22:49 [http-nio-8081-exec-6] DEBUG o.s.security.web.FilterChainProxy - Securing GET /api/locations?level=2&size=1000
2026-07-05 17:22:49 [http-nio-8081-exec-7] DEBUG o.s.security.web.FilterChainProxy - Securing GET /api/locations?level=2&size=1000
2026-07-05 17:22:49 [http-nio-8081-exec-7] DEBUG o.s.security.web.FilterChainProxy - Secured GET /api/locations?level=2&size=1000
2026-07-05 17:22:49 [http-nio-8081-exec-6] DEBUG o.s.security.web.FilterChainProxy - Secured GET /api/locations?level=2&size=1000
2026-07-05 17:23:01 [http-nio-8081-exec-5] DEBUG o.s.security.web.FilterChainProxy - Securing POST /api/photos/upload
2026-07-05 17:23:01 [http-nio-8081-exec-5] DEBUG o.s.security.web.FilterChainProxy - Secured POST /api/photos/upload
2026-07-05 17:23:05 [PhotoWorker-1] DEBUG c.e.b.u.gemini.GeminiModerationUtils - [Gemini Moderation] HTTP status=200 OK
2026-07-05 17:23:05 [PhotoWorker-1] DEBUG c.e.b.u.gemini.GeminiModerationUtils - [Gemini Moderation] raw text: {"label": "SAFE", "reason": "Ảnh chụp kiến trúc mái ngói truyền thống và các chi tiết trang trí điêu khắc tại một công trình kiến trúc Việt Nam, nội dung hoàn toàn lành mạnh."}
2026-07-05 17:23:05 [PhotoWorker-1] INFO  c.e.b.u.gemini.GeminiModerationUtils - [Gemini Moderation] label=SAFE score=0.0 reason=Ảnh chụp kiến trúc mái ngói truyền thống và các chi tiết trang trí điêu khắc tại một công trình kiến trúc Việt Nam, nội dung hoàn toàn lành mạnh.
2026-07-05 17:23:05 [PhotoWorker-1] DEBUG c.e.b.u.v.impl.VietMapServiceImpl - Calling VietMap reverse with lat=20.4451240, lng=105.9524940
2026-07-05 17:23:06 [PhotoWorker-2] DEBUG c.e.b.u.gemini.GeminiModerationUtils - [Gemini Moderation] HTTP status=200 OK
2026-07-05 17:23:06 [PhotoWorker-2] DEBUG c.e.b.u.gemini.GeminiModerationUtils - [Gemini Moderation] raw text: {"label": "SAFE", "reason": "Ảnh chụp kiến trúc ngôi chùa truyền thống Việt Nam, phù hợp với nội dung phong cảnh và văn hóa du lịch."}
2026-07-05 17:23:06 [PhotoWorker-2] INFO  c.e.b.u.gemini.GeminiModerationUtils - [Gemini Moderation] label=SAFE score=0.0 reason=Ảnh chụp kiến trúc ngôi chùa truyền thống Việt Nam, phù hợp với nội dung phong cảnh và văn hóa du lịch.
2026-07-05 17:23:06 [PhotoWorker-2] DEBUG c.e.b.u.v.impl.VietMapServiceImpl - Calling VietMap reverse with lat=20.4451240, lng=105.9525900
2026-07-05 17:23:09 [PhotoWorker-1] INFO  c.e.b.s.p.i.PhotoUploadServiceImpl - Uploaded photo file=IMG_20260630_161114.jpg thread=PhotoWorker-1 moderation=SAFE
2026-07-05 17:23:09 [PhotoWorker-2] INFO  c.e.b.s.p.i.PhotoUploadServiceImpl - Uploaded photo file=IMG_20260630_162017.jpg thread=PhotoWorker-2 moderation=SAFE
2026-07-05 17:23:16 [http-nio-8081-exec-4] DEBUG o.s.security.web.FilterChainProxy - Securing GET /api/v1/tags/suggest?keyword=d
2026-07-05 17:23:16 [http-nio-8081-exec-4] DEBUG o.s.security.web.FilterChainProxy - Secured GET /api/v1/tags/suggest?keyword=d
2026-07-05 17:23:18 [http-nio-8081-exec-3] DEBUG o.s.security.web.FilterChainProxy - Securing GET /api/v1/tags/suggest?keyword=ninh
2026-07-05 17:23:18 [http-nio-8081-exec-3] DEBUG o.s.security.web.FilterChainProxy - Secured GET /api/v1/tags/suggest?keyword=ninh
2026-07-05 17:23:46 [http-nio-8081-exec-4] DEBUG o.s.security.web.FilterChainProxy - Securing POST /api/v1/posts/created
2026-07-05 17:23:46 [http-nio-8081-exec-4] DEBUG o.s.security.web.FilterChainProxy - Secured POST /api/v1/posts/created
2026-07-05 17:23:46 [http-nio-8081-exec-4] DEBUG o.s.s.a.m.AuthorizationManagerBeforeMethodInterceptor - Authorizing method invocation ReflectiveMethodInvocation: public com.example.backend.dto.response.post.PostResponse com.example.backend.controller.post.PostController.createPost(java.lang.String,com.example.backend.dto.request.post.PostCreateRequest); target is of class [com.example.backend.controller.post.PostController]
2026-07-05 17:23:46 [http-nio-8081-exec-4] DEBUG o.s.s.a.m.AuthorizationManagerBeforeMethodInterceptor - Authorized method invocation ReflectiveMethodInvocation: public com.example.backend.dto.response.post.PostResponse com.example.backend.controller.post.PostController.createPost(java.lang.String,com.example.backend.dto.request.post.PostCreateRequest); target is of class [com.example.backend.controller.post.PostController]
2026-07-05 17:23:46 [http-nio-8081-exec-4] INFO  c.e.b.s.c.ToxicCommentModerationService - [Toxic Moderation] Requesting PhoBERT to check toxic for text: góc địa tạng mê li luôn
2026-07-05 17:23:48 [http-nio-8081-exec-4] ERROR c.e.b.s.c.ToxicCommentModerationService - [Toxic Moderation] Error calling moderation service (Fail-open mode active): I/O error on POST request for "http://localhost:8000/check-toxic": Read timed out
2026-07-05 17:23:50 [http-nio-8081-exec-9] DEBUG o.s.security.web.FilterChainProxy - Securing POST /api/v1/posts/created
2026-07-05 17:23:50 [http-nio-8081-exec-9] DEBUG o.s.security.web.FilterChainProxy - Secured POST /api/v1/posts/created
2026-07-05 17:23:50 [http-nio-8081-exec-9] DEBUG o.s.s.a.m.AuthorizationManagerBeforeMethodInterceptor - Authorizing method invocation ReflectiveMethodInvocation: public com.example.backend.dto.response.post.PostResponse com.example.backend.controller.post.PostController.createPost(java.lang.String,com.example.backend.dto.request.post.PostCreateRequest); target is of class [com.example.backend.controller.post.PostController]
2026-07-05 17:23:50 [http-nio-8081-exec-9] DEBUG o.s.s.a.m.AuthorizationManagerBeforeMethodInterceptor - Authorized method invocation ReflectiveMethodInvocation: public com.example.backend.dto.response.post.PostResponse com.example.backend.controller.post.PostController.createPost(java.lang.String,com.example.backend.dto.request.post.PostCreateRequest); target is of class [com.example.backend.controller.post.PostController]
2026-07-05 17:23:50 [http-nio-8081-exec-9] INFO  c.e.b.s.c.ToxicCommentModerationService - [Toxic Moderation] Requesting PhoBERT to check toxic for text: góc địa tạng mê li luôn
2026-07-05 17:23:50 [http-nio-8081-exec-9] INFO  c.e.b.s.c.ToxicCommentModerationService - [Toxic Moderation] Response: label=LABEL_0, action=APPROVED, score=0.9963000416755676
2026-07-05 17:23:50 [http-nio-8081-exec-9] INFO  c.e.b.s.u.impl.ReputationServiceImpl - User tuntun gained 2 points. Reason: Upload ảnh thành công
2026-07-05 17:23:50 [http-nio-8081-exec-9] INFO  c.e.b.s.u.impl.ReputationServiceImpl - User tuntun gained 1 points. Reason: Đăng ảnh an toàn (SAFE)
2026-07-05 17:23:50 [http-nio-8081-exec-9] INFO  c.e.b.s.u.impl.ReputationServiceImpl - User tuntun gained 1 points. Reason: Có caption và shooting tip
2026-07-05 17:23:50 [http-nio-8081-exec-7] DEBUG o.s.security.web.FilterChainProxy - Securing GET /api/locations?size=20&page=0&level=2
2026-07-05 17:23:50 [http-nio-8081-exec-7] DEBUG o.s.security.web.FilterChainProxy - Secured GET /api/locations?size=20&page=0&level=2
2026-07-05 17:23:50 [http-nio-8081-exec-8] DEBUG o.s.security.web.FilterChainProxy - Securing GET /api/v1/posts/getAll?size=200
2026-07-05 17:23:50 [http-nio-8081-exec-8] DEBUG o.s.security.web.FilterChainProxy - Secured GET /api/v1/posts/getAll?size=200
2026-07-05 17:23:50 [http-nio-8081-exec-5] DEBUG o.s.security.web.FilterChainProxy - Securing GET /api/locations?size=20&page=0&level=2
2026-07-05 17:23:50 [http-nio-8081-exec-5] DEBUG o.s.security.web.FilterChainProxy - Secured GET /api/locations?size=20&page=0&level=2
2026-07-05 17:23:50 [http-nio-8081-exec-2] DEBUG o.s.security.web.FilterChainProxy - Securing GET /api/v1/posts/getAll?size=200
2026-07-05 17:23:50 [http-nio-8081-exec-2] DEBUG o.s.security.web.FilterChainProxy - Secured GET /api/v1/posts/getAll?size=200
2026-07-05 17:23:53 [http-nio-8081-exec-4] DEBUG o.s.security.web.FilterChainProxy - Securing GET /api/locations?level=2&size=1000
2026-07-05 17:23:53 [http-nio-8081-exec-9] DEBUG o.s.security.web.FilterChainProxy - Securing GET /api/locations?level=2&size=1000
2026-07-05 17:23:53 [http-nio-8081-exec-4] DEBUG o.s.security.web.FilterChainProxy - Secured GET /api/locations?level=2&size=1000
2026-07-05 17:23:53 [http-nio-8081-exec-9] DEBUG o.s.security.web.FilterChainProxy - Secured GET /api/locations?level=2&size=1000
2026-07-05 17:23:59 [http-nio-8081-exec-10] DEBUG o.s.security.web.FilterChainProxy - Securing POST /api/photos/upload
2026-07-05 17:23:59 [http-nio-8081-exec-10] DEBUG o.s.security.web.FilterChainProxy - Secured POST /api/photos/upload
2026-07-05 17:24:03 [PhotoWorker-3] DEBUG c.e.b.u.gemini.GeminiModerationUtils - [Gemini Moderation] HTTP status=200 OK
2026-07-05 17:24:03 [PhotoWorker-3] DEBUG c.e.b.u.gemini.GeminiModerationUtils - [Gemini Moderation] raw text: {"label": "SAFE", "reason": "Ảnh chụp kiến trúc mái ngói truyền thống và chi tiết trang trí tại một công trình tâm linh, không có nội dung vi phạm."}
2026-07-05 17:24:03 [PhotoWorker-3] INFO  c.e.b.u.gemini.GeminiModerationUtils - [Gemini Moderation] label=SAFE score=0.0 reason=Ảnh chụp kiến trúc mái ngói truyền thống và chi tiết trang trí tại một công trình tâm linh, không có nội dung vi phạm.
2026-07-05 17:24:03 [PhotoWorker-3] DEBUG c.e.b.u.v.impl.VietMapServiceImpl - Calling VietMap reverse with lat=20.4451240, lng=105.9524940
2026-07-05 17:24:06 [PhotoWorker-3] INFO  c.e.b.s.p.i.PhotoUploadServiceImpl - Uploaded photo file=IMG_20260630_161114.jpg thread=PhotoWorker-3 moderation=SAFE
2026-07-05 17:24:09 [http-nio-8081-exec-5] DEBUG o.s.security.web.FilterChainProxy - Securing GET /api/v1/tags/suggest?keyword=n
2026-07-05 17:24:09 [http-nio-8081-exec-5] DEBUG o.s.security.web.FilterChainProxy - Secured GET /api/v1/tags/suggest?keyword=n
2026-07-05 17:24:09 [http-nio-8081-exec-2] DEBUG o.s.security.web.FilterChainProxy - Securing GET /api/v1/tags/suggest?keyword=ni
2026-07-05 17:24:09 [http-nio-8081-exec-2] DEBUG o.s.security.web.FilterChainProxy - Secured GET /api/v1/tags/suggest?keyword=ni
2026-07-05 17:24:22 [http-nio-8081-exec-6] DEBUG o.s.security.web.FilterChainProxy - Securing POST /api/v1/posts/created
2026-07-05 17:24:22 [http-nio-8081-exec-6] DEBUG o.s.security.web.FilterChainProxy - Secured POST /api/v1/posts/created
2026-07-05 17:24:22 [http-nio-8081-exec-6] DEBUG o.s.s.a.m.AuthorizationManagerBeforeMethodInterceptor - Authorizing method invocation ReflectiveMethodInvocation: public com.example.backend.dto.response.post.PostResponse com.example.backend.controller.post.PostController.createPost(java.lang.String,com.example.backend.dto.request.post.PostCreateRequest); target is of class [com.example.backend.controller.post.PostController]
2026-07-05 17:24:22 [http-nio-8081-exec-6] DEBUG o.s.s.a.m.AuthorizationManagerBeforeMethodInterceptor - Authorized method invocation ReflectiveMethodInvocation: public com.example.backend.dto.response.post.PostResponse com.example.backend.controller.post.PostController.createPost(java.lang.String,com.example.backend.dto.request.post.PostCreateRequest); target is of class [com.example.backend.controller.post.PostController]
2026-07-05 17:27:32 [http-nio-8081-exec-10] DEBUG o.s.security.web.FilterChainProxy - Securing GET /api/v1/notifications/unread-count
2026-07-05 17:27:32 [http-nio-8081-exec-10] DEBUG o.s.security.web.FilterChainProxy - Secured GET /api/v1/notifications/unread-count
2026-07-05 17:27:42 [http-nio-8081-exec-5] DEBUG o.s.security.web.FilterChainProxy - Securing GET /api/v1/notifications/unread-count
2026-07-05 17:27:42 [http-nio-8081-exec-5] DEBUG o.s.security.web.FilterChainProxy - Secured GET /api/v1/notifications/unread-count
2026-07-05 17:32:33 [http-nio-8081-exec-6] DEBUG o.s.security.web.FilterChainProxy - Securing GET /api/v1/notifications/unread-count
2026-07-05 17:32:33 [http-nio-8081-exec-6] DEBUG o.s.security.web.FilterChainProxy - Secured GET /api/v1/notifications/unread-count
2026-07-05 17:32:42 [http-nio-8081-exec-4] DEBUG o.s.security.web.FilterChainProxy - Securing GET /api/v1/notifications/unread-count
2026-07-05 17:32:42 [http-nio-8081-exec-4] DEBUG o.s.security.web.FilterChainProxy - Secured GET /api/v1/notifications/unread-count
2026-07-05 17:32:50 [MessageBroker-1] INFO  o.s.w.s.c.WebSocketMessageBrokerStats - WebSocketSession[0 current WS(0)-HttpStream(0)-HttpPoll(0), 1 total, 0 closed abnormally (0 connect failure, 0 send limit, 0 transport error)], stompSubProtocol[processed CONNECT(1)-CONNECTED(1)-DISCONNECT(1)], stompBrokerRelay[null], inboundChannel[pool size = 0, active threads = 0, queued tasks = 0, completed tasks = 12], outboundChannel[pool size = 0, active threads = 0, queued tasks = 0, completed tasks = 3], sockJsScheduler[pool size = 2, active threads = 1, queued tasks = 0, completed tasks = 1]
2026-07-05 17:37:06 [http-nio-8081-exec-5] DEBUG o.s.security.web.FilterChainProxy - Securing POST /api/v1/posts/created
2026-07-05 17:37:06 [http-nio-8081-exec-5] DEBUG o.s.security.web.FilterChainProxy - Secured POST /api/v1/posts/created
2026-07-05 17:37:06 [http-nio-8081-exec-5] DEBUG o.s.s.a.m.AuthorizationManagerBeforeMethodInterceptor - Authorizing method invocation ReflectiveMethodInvocation: public com.example.backend.dto.response.post.PostResponse com.example.backend.controller.post.PostController.createPost(java.lang.String,com.example.backend.dto.request.post.PostCreateRequest); target is of class [com.example.backend.controller.post.PostController]
2026-07-05 17:37:06 [http-nio-8081-exec-5] DEBUG o.s.s.a.m.AuthorizationManagerBeforeMethodInterceptor - Authorized method invocation ReflectiveMethodInvocation: public com.example.backend.dto.response.post.PostResponse com.example.backend.controller.post.PostController.createPost(java.lang.String,com.example.backend.dto.request.post.PostCreateRequest); target is of class [com.example.backend.controller.post.PostController]
2026-07-05 17:37:09 [http-nio-8081-exec-8] DEBUG o.s.security.web.FilterChainProxy - Securing POST /api/v1/posts/created
2026-07-05 17:37:09 [http-nio-8081-exec-8] DEBUG o.s.security.web.FilterChainProxy - Secured POST /api/v1/posts/created
2026-07-05 17:37:09 [http-nio-8081-exec-8] DEBUG o.s.s.a.m.AuthorizationManagerBeforeMethodInterceptor - Authorizing method invocation ReflectiveMethodInvocation: public com.example.backend.dto.response.post.PostResponse com.example.backend.controller.post.PostController.createPost(java.lang.String,com.example.backend.dto.request.post.PostCreateRequest); target is of class [com.example.backend.controller.post.PostController]
2026-07-05 17:37:09 [http-nio-8081-exec-8] DEBUG o.s.s.a.m.AuthorizationManagerBeforeMethodInterceptor - Authorized method invocation ReflectiveMethodInvocation: public com.example.backend.dto.response.post.PostResponse com.example.backend.controller.post.PostController.createPost(java.lang.String,com.example.backend.dto.request.post.PostCreateRequest); target is of class [com.example.backend.controller.post.PostController]
2026-07-05 17:37:15 [http-nio-8081-exec-1] DEBUG o.s.security.web.FilterChainProxy - Securing POST /api/v1/posts/created
2026-07-05 17:37:15 [http-nio-8081-exec-1] DEBUG o.s.security.web.FilterChainProxy - Secured POST /api/v1/posts/created
2026-07-05 17:37:15 [http-nio-8081-exec-1] DEBUG o.s.s.a.m.AuthorizationManagerBeforeMethodInterceptor - Authorizing method invocation ReflectiveMethodInvocation: public com.example.backend.dto.response.post.PostResponse com.example.backend.controller.post.PostController.createPost(java.lang.String,com.example.backend.dto.request.post.PostCreateRequest); target is of class [com.example.backend.controller.post.PostController]
2026-07-05 17:37:15 [http-nio-8081-exec-1] DEBUG o.s.s.a.m.AuthorizationManagerBeforeMethodInterceptor - Authorized method invocation ReflectiveMethodInvocation: public com.example.backend.dto.response.post.PostResponse com.example.backend.controller.post.PostController.createPost(java.lang.String,com.example.backend.dto.request.post.PostCreateRequest); target is of class [com.example.backend.controller.post.PostController]
2026-07-05 17:37:27 [SpringApplicationShutdownHook] INFO  o.s.boot.tomcat.GracefulShutdown - Commencing graceful shutdown. Waiting for active requests to complete
2026-07-05 17:37:37 [HikariPool-1:housekeeper] WARN  com.zaxxer.hikari.pool.PoolBase - HikariPool-1 - Failed to validate connection com.mysql.cj.jdbc.ConnectionImpl@7acea480 (No operations allowed after connection closed.). Possibly consider using a shorter maxLifetime value.
2026-07-05 17:37:45 [HikariPool-1:housekeeper] WARN  com.zaxxer.hikari.pool.PoolBase - HikariPool-1 - Failed to validate connection com.mysql.cj.jdbc.ConnectionImpl@36abba8c (No operations allowed after connection closed.). Possibly consider using a shorter maxLifetime value.
